[2026-03-01T05:54:31.973+0000] {taskinstance.py:1956} INFO - Dependencies all met for dep_context=non-requeueable deps ti=<TaskInstance: s3_to_snowflake.download_s3 scheduled__2026-03-01T05:53:00+00:00 [queued]>
[2026-03-01T05:54:31.987+0000] {taskinstance.py:1956} INFO - Dependencies all met for dep_context=requeueable deps ti=<TaskInstance: s3_to_snowflake.download_s3 scheduled__2026-03-01T05:53:00+00:00 [queued]>
[2026-03-01T05:54:31.988+0000] {taskinstance.py:2170} INFO - Starting attempt 1 of 2
[2026-03-01T05:54:32.017+0000] {taskinstance.py:2191} INFO - Executing <Task(PythonOperator): download_s3> on 2026-03-01 05:53:00+00:00
[2026-03-01T05:54:32.032+0000] {standard_task_runner.py:60} INFO - Started process 35685 to run task
[2026-03-01T05:54:32.037+0000] {standard_task_runner.py:87} INFO - Running: ['***', 'tasks', 'run', 's3_to_snowflake', 'download_s3', 'scheduled__2026-03-01T05:53:00+00:00', '--job-id', '208', '--raw', '--subdir', 'DAGS_FOLDER/s3_to_snowflake.py', '--cfg-path', '/tmp/tmp3ubnpavo']
[2026-03-01T05:54:32.044+0000] {standard_task_runner.py:88} INFO - Job 208: Subtask download_s3
[2026-03-01T05:54:32.146+0000] {task_command.py:423} INFO - Running <TaskInstance: s3_to_snowflake.download_s3 scheduled__2026-03-01T05:53:00+00:00 [running]> on host a9cf6eed2116
[2026-03-01T05:54:32.728+0000] {taskinstance.py:2480} INFO - Exporting env vars: AIRFLOW_CTX_DAG_OWNER='***' AIRFLOW_CTX_DAG_ID='s3_to_snowflake' AIRFLOW_CTX_TASK_ID='download_s3' AIRFLOW_CTX_EXECUTION_DATE='2026-03-01T05:53:00+00:00' AIRFLOW_CTX_TRY_NUMBER='1' AIRFLOW_CTX_DAG_RUN_ID='scheduled__2026-03-01T05:53:00+00:00'
[2026-03-01T05:54:32.752+0000] {credentials.py:1147} INFO - Found credentials in environment variables.
[2026-03-01T05:54:32.906+0000] {logging_mixin.py:188} INFO - in the function************************
[2026-03-01T05:54:32.917+0000] {logging_mixin.py:188} INFO - 
Processing prefix: bronze/AAPL/
[2026-03-01T05:54:34.290+0000] {logging_mixin.py:188} INFO - Downloaded bronze/AAPL/1771463612.json -> D:\ADF_folder\real-time-stocks-mds\data\s3_downloads/AAPL_1771463612.json
[2026-03-01T05:54:34.679+0000] {logging_mixin.py:188} INFO - Downloaded bronze/AAPL/1771463645.json -> D:\ADF_folder\real-time-stocks-mds\data\s3_downloads/AAPL_1771463645.json
[2026-03-01T05:54:35.071+0000] {logging_mixin.py:188} INFO - Downloaded bronze/AAPL/1771463678.json -> D:\ADF_folder\real-time-stocks-mds\data\s3_downloads/AAPL_1771463678.json
[2026-03-01T05:54:35.464+0000] {logging_mixin.py:188} INFO - Downloaded bronze/AAPL/1771463711.json -> D:\ADF_folder\real-time-stocks-mds\data\s3_downloads/AAPL_1771463711.json
[2026-03-01T05:54:35.863+0000] {logging_mixin.py:188} INFO - Downloaded bronze/AAPL/1771463744.json -> D:\ADF_folder\real-time-stocks-mds\data\s3_downloads/AAPL_1771463744.json
[2026-03-01T05:54:36.252+0000] {logging_mixin.py:188} INFO - Downloaded bronze/AAPL/1771463777.json -> D:\ADF_folder\real-time-stocks-mds\data\s3_downloads/AAPL_1771463777.json
[2026-03-01T05:54:36.640+0000] {logging_mixin.py:188} INFO - Downloaded bronze/AAPL/1771463810.json -> D:\ADF_folder\real-time-stocks-mds\data\s3_downloads/AAPL_1771463810.json
[2026-03-01T05:54:37.030+0000] {logging_mixin.py:188} INFO - Downloaded bronze/AAPL/1771463843.json -> D:\ADF_folder\real-time-stocks-mds\data\s3_downloads/AAPL_1771463843.json
[2026-03-01T05:54:37.415+0000] {logging_mixin.py:188} INFO - Downloaded bronze/AAPL/1771463876.json -> D:\ADF_folder\real-time-stocks-mds\data\s3_downloads/AAPL_1771463876.json
[2026-03-01T05:54:37.805+0000] {logging_mixin.py:188} INFO - Downloaded bronze/AAPL/1771463909.json -> D:\ADF_folder\real-time-stocks-mds\data\s3_downloads/AAPL_1771463909.json
[2026-03-01T05:54:38.204+0000] {logging_mixin.py:188} INFO - Downloaded bronze/AAPL/1771463942.json -> D:\ADF_folder\real-time-stocks-mds\data\s3_downloads/AAPL_1771463942.json
[2026-03-01T05:54:38.595+0000] {logging_mixin.py:188} INFO - Downloaded bronze/AAPL/1771463975.json -> D:\ADF_folder\real-time-stocks-mds\data\s3_downloads/AAPL_1771463975.json
[2026-03-01T05:54:38.984+0000] {logging_mixin.py:188} INFO - Downloaded bronze/AAPL/1771464008.json -> D:\ADF_folder\real-time-stocks-mds\data\s3_downloads/AAPL_1771464008.json
[2026-03-01T05:54:39.377+0000] {logging_mixin.py:188} INFO - Downloaded bronze/AAPL/1771464042.json -> D:\ADF_folder\real-time-stocks-mds\data\s3_downloads/AAPL_1771464042.json
[2026-03-01T05:54:39.768+0000] {logging_mixin.py:188} INFO - Downloaded bronze/AAPL/1771464075.json -> D:\ADF_folder\real-time-stocks-mds\data\s3_downloads/AAPL_1771464075.json
[2026-03-01T05:54:40.167+0000] {logging_mixin.py:188} INFO - Downloaded bronze/AAPL/1771464108.json -> D:\ADF_folder\real-time-stocks-mds\data\s3_downloads/AAPL_1771464108.json
[2026-03-01T05:54:40.562+0000] {logging_mixin.py:188} INFO - Downloaded bronze/AAPL/1771464141.json -> D:\ADF_folder\real-time-stocks-mds\data\s3_downloads/AAPL_1771464141.json
[2026-03-01T05:54:40.953+0000] {logging_mixin.py:188} INFO - Downloaded bronze/AAPL/1771464174.json -> D:\ADF_folder\real-time-stocks-mds\data\s3_downloads/AAPL_1771464174.json
[2026-03-01T05:54:41.345+0000] {logging_mixin.py:188} INFO - Downloaded bronze/AAPL/1771464207.json -> D:\ADF_folder\real-time-stocks-mds\data\s3_downloads/AAPL_1771464207.json
[2026-03-01T05:54:41.724+0000] {logging_mixin.py:188} INFO - Downloaded bronze/AAPL/1771464240.json -> D:\ADF_folder\real-time-stocks-mds\data\s3_downloads/AAPL_1771464240.json
[2026-03-01T05:54:42.110+0000] {logging_mixin.py:188} INFO - Downloaded bronze/AAPL/1771464273.json -> D:\ADF_folder\real-time-stocks-mds\data\s3_downloads/AAPL_1771464273.json
[2026-03-01T05:54:42.579+0000] {logging_mixin.py:188} INFO - Downloaded bronze/AAPL/1771464306.json -> D:\ADF_folder\real-time-stocks-mds\data\s3_downloads/AAPL_1771464306.json
[2026-03-01T05:54:42.969+0000] {logging_mixin.py:188} INFO - Downloaded bronze/AAPL/1771465239.json -> D:\ADF_folder\real-time-stocks-mds\data\s3_downloads/AAPL_1771465239.json
[2026-03-01T05:54:43.352+0000] {logging_mixin.py:188} INFO - Downloaded bronze/AAPL/1771465272.json -> D:\ADF_folder\real-time-stocks-mds\data\s3_downloads/AAPL_1771465272.json
[2026-03-01T05:54:43.743+0000] {logging_mixin.py:188} INFO - Downloaded bronze/AAPL/1771465305.json -> D:\ADF_folder\real-time-stocks-mds\data\s3_downloads/AAPL_1771465305.json
[2026-03-01T05:54:44.159+0000] {logging_mixin.py:188} INFO - Downloaded bronze/AAPL/1771465338.json -> D:\ADF_folder\real-time-stocks-mds\data\s3_downloads/AAPL_1771465338.json
[2026-03-01T05:54:44.546+0000] {logging_mixin.py:188} INFO - Downloaded bronze/AAPL/1771465371.json -> D:\ADF_folder\real-time-stocks-mds\data\s3_downloads/AAPL_1771465371.json
[2026-03-01T05:54:44.930+0000] {logging_mixin.py:188} INFO - Downloaded bronze/AAPL/1771465404.json -> D:\ADF_folder\real-time-stocks-mds\data\s3_downloads/AAPL_1771465404.json
[2026-03-01T05:54:45.310+0000] {logging_mixin.py:188} INFO - Downloaded bronze/AAPL/1771465437.json -> D:\ADF_folder\real-time-stocks-mds\data\s3_downloads/AAPL_1771465437.json
[2026-03-01T05:54:45.699+0000] {logging_mixin.py:188} INFO - Downloaded bronze/AAPL/1771465470.json -> D:\ADF_folder\real-time-stocks-mds\data\s3_downloads/AAPL_1771465470.json
[2026-03-01T05:54:46.089+0000] {logging_mixin.py:188} INFO - Downloaded bronze/AAPL/1771465503.json -> D:\ADF_folder\real-time-stocks-mds\data\s3_downloads/AAPL_1771465503.json
[2026-03-01T05:54:46.481+0000] {logging_mixin.py:188} INFO - Downloaded bronze/AAPL/1771465536.json -> D:\ADF_folder\real-time-stocks-mds\data\s3_downloads/AAPL_1771465536.json
[2026-03-01T05:54:46.866+0000] {logging_mixin.py:188} INFO - Downloaded bronze/AAPL/1771465569.json -> D:\ADF_folder\real-time-stocks-mds\data\s3_downloads/AAPL_1771465569.json
[2026-03-01T05:54:47.253+0000] {logging_mixin.py:188} INFO - Downloaded bronze/AAPL/1772074550.json -> D:\ADF_folder\real-time-stocks-mds\data\s3_downloads/AAPL_1772074550.json
[2026-03-01T05:54:47.635+0000] {logging_mixin.py:188} INFO - Downloaded bronze/AAPL/1772074583.json -> D:\ADF_folder\real-time-stocks-mds\data\s3_downloads/AAPL_1772074583.json
[2026-03-01T05:54:48.019+0000] {logging_mixin.py:188} INFO - Downloaded bronze/AAPL/1772074616.json -> D:\ADF_folder\real-time-stocks-mds\data\s3_downloads/AAPL_1772074616.json
[2026-03-01T05:54:48.404+0000] {logging_mixin.py:188} INFO - Downloaded bronze/AAPL/1772074649.json -> D:\ADF_folder\real-time-stocks-mds\data\s3_downloads/AAPL_1772074649.json
[2026-03-01T05:54:48.791+0000] {logging_mixin.py:188} INFO - Downloaded bronze/AAPL/1772074683.json -> D:\ADF_folder\real-time-stocks-mds\data\s3_downloads/AAPL_1772074683.json
[2026-03-01T05:54:49.181+0000] {logging_mixin.py:188} INFO - Downloaded bronze/AAPL/1772074715.json -> D:\ADF_folder\real-time-stocks-mds\data\s3_downloads/AAPL_1772074715.json
[2026-03-01T05:54:49.570+0000] {logging_mixin.py:188} INFO - Downloaded bronze/AAPL/1772074748.json -> D:\ADF_folder\real-time-stocks-mds\data\s3_downloads/AAPL_1772074748.json
[2026-03-01T05:54:49.955+0000] {logging_mixin.py:188} INFO - Downloaded bronze/AAPL/1772074781.json -> D:\ADF_folder\real-time-stocks-mds\data\s3_downloads/AAPL_1772074781.json
[2026-03-01T05:54:50.349+0000] {logging_mixin.py:188} INFO - Downloaded bronze/AAPL/1772074815.json -> D:\ADF_folder\real-time-stocks-mds\data\s3_downloads/AAPL_1772074815.json
[2026-03-01T05:54:50.731+0000] {logging_mixin.py:188} INFO - Downloaded bronze/AAPL/1772074848.json -> D:\ADF_folder\real-time-stocks-mds\data\s3_downloads/AAPL_1772074848.json
[2026-03-01T05:54:51.113+0000] {logging_mixin.py:188} INFO - Downloaded bronze/AAPL/1772074881.json -> D:\ADF_folder\real-time-stocks-mds\data\s3_downloads/AAPL_1772074881.json
[2026-03-01T05:54:51.497+0000] {logging_mixin.py:188} INFO - Downloaded bronze/AAPL/1772074914.json -> D:\ADF_folder\real-time-stocks-mds\data\s3_downloads/AAPL_1772074914.json
[2026-03-01T05:54:51.888+0000] {logging_mixin.py:188} INFO - Downloaded bronze/AAPL/1772074947.json -> D:\ADF_folder\real-time-stocks-mds\data\s3_downloads/AAPL_1772074947.json
[2026-03-01T05:54:52.277+0000] {logging_mixin.py:188} INFO - Downloaded bronze/AAPL/1772074980.json -> D:\ADF_folder\real-time-stocks-mds\data\s3_downloads/AAPL_1772074980.json
[2026-03-01T05:54:52.670+0000] {logging_mixin.py:188} INFO - Downloaded bronze/AAPL/1772075013.json -> D:\ADF_folder\real-time-stocks-mds\data\s3_downloads/AAPL_1772075013.json
[2026-03-01T05:54:53.065+0000] {logging_mixin.py:188} INFO - Downloaded bronze/AAPL/1772075046.json -> D:\ADF_folder\real-time-stocks-mds\data\s3_downloads/AAPL_1772075046.json
[2026-03-01T05:54:53.950+0000] {logging_mixin.py:188} INFO - Downloaded bronze/AAPL/1772075079.json -> D:\ADF_folder\real-time-stocks-mds\data\s3_downloads/AAPL_1772075079.json
[2026-03-01T05:54:54.344+0000] {logging_mixin.py:188} INFO - Downloaded bronze/AAPL/1772075112.json -> D:\ADF_folder\real-time-stocks-mds\data\s3_downloads/AAPL_1772075112.json
[2026-03-01T05:54:54.730+0000] {logging_mixin.py:188} INFO - Downloaded bronze/AAPL/1772075145.json -> D:\ADF_folder\real-time-stocks-mds\data\s3_downloads/AAPL_1772075145.json
[2026-03-01T05:54:55.118+0000] {logging_mixin.py:188} INFO - Downloaded bronze/AAPL/1772075178.json -> D:\ADF_folder\real-time-stocks-mds\data\s3_downloads/AAPL_1772075178.json
[2026-03-01T05:54:55.505+0000] {logging_mixin.py:188} INFO - Downloaded bronze/AAPL/1772075211.json -> D:\ADF_folder\real-time-stocks-mds\data\s3_downloads/AAPL_1772075211.json
[2026-03-01T05:54:54.444+0000] {logging_mixin.py:188} INFO - Downloaded bronze/AAPL/1772075244.json -> D:\ADF_folder\real-time-stocks-mds\data\s3_downloads/AAPL_1772075244.json
[2026-03-01T05:54:54.835+0000] {logging_mixin.py:188} INFO - Downloaded bronze/AAPL/1772075277.json -> D:\ADF_folder\real-time-stocks-mds\data\s3_downloads/AAPL_1772075277.json
[2026-03-01T05:54:55.220+0000] {logging_mixin.py:188} INFO - Downloaded bronze/AAPL/1772075310.json -> D:\ADF_folder\real-time-stocks-mds\data\s3_downloads/AAPL_1772075310.json
[2026-03-01T05:54:55.604+0000] {logging_mixin.py:188} INFO - Downloaded bronze/AAPL/1772075343.json -> D:\ADF_folder\real-time-stocks-mds\data\s3_downloads/AAPL_1772075343.json
[2026-03-01T05:54:55.985+0000] {logging_mixin.py:188} INFO - Downloaded bronze/AAPL/1772075376.json -> D:\ADF_folder\real-time-stocks-mds\data\s3_downloads/AAPL_1772075376.json
[2026-03-01T05:54:56.366+0000] {logging_mixin.py:188} INFO - Downloaded bronze/AAPL/1772075409.json -> D:\ADF_folder\real-time-stocks-mds\data\s3_downloads/AAPL_1772075409.json
[2026-03-01T05:54:56.745+0000] {logging_mixin.py:188} INFO - Downloaded bronze/AAPL/1772075441.json -> D:\ADF_folder\real-time-stocks-mds\data\s3_downloads/AAPL_1772075441.json
[2026-03-01T05:54:57.126+0000] {logging_mixin.py:188} INFO - Downloaded bronze/AAPL/1772075474.json -> D:\ADF_folder\real-time-stocks-mds\data\s3_downloads/AAPL_1772075474.json
[2026-03-01T05:54:57.505+0000] {logging_mixin.py:188} INFO - Downloaded bronze/AAPL/1772075507.json -> D:\ADF_folder\real-time-stocks-mds\data\s3_downloads/AAPL_1772075507.json
[2026-03-01T05:54:57.903+0000] {logging_mixin.py:188} INFO - Downloaded bronze/AAPL/1772075540.json -> D:\ADF_folder\real-time-stocks-mds\data\s3_downloads/AAPL_1772075540.json
[2026-03-01T05:54:58.292+0000] {logging_mixin.py:188} INFO - Downloaded bronze/AAPL/1772075573.json -> D:\ADF_folder\real-time-stocks-mds\data\s3_downloads/AAPL_1772075573.json
[2026-03-01T05:54:58.678+0000] {logging_mixin.py:188} INFO - Downloaded bronze/AAPL/1772075607.json -> D:\ADF_folder\real-time-stocks-mds\data\s3_downloads/AAPL_1772075607.json
[2026-03-01T05:54:59.058+0000] {logging_mixin.py:188} INFO - Downloaded bronze/AAPL/1772075640.json -> D:\ADF_folder\real-time-stocks-mds\data\s3_downloads/AAPL_1772075640.json
[2026-03-01T05:54:59.452+0000] {logging_mixin.py:188} INFO - Downloaded bronze/AAPL/1772075673.json -> D:\ADF_folder\real-time-stocks-mds\data\s3_downloads/AAPL_1772075673.json
[2026-03-01T05:54:59.847+0000] {logging_mixin.py:188} INFO - Downloaded bronze/AAPL/1772075706.json -> D:\ADF_folder\real-time-stocks-mds\data\s3_downloads/AAPL_1772075706.json
[2026-03-01T05:55:00.237+0000] {logging_mixin.py:188} INFO - Downloaded bronze/AAPL/1772075739.json -> D:\ADF_folder\real-time-stocks-mds\data\s3_downloads/AAPL_1772075739.json
[2026-03-01T05:55:00.633+0000] {logging_mixin.py:188} INFO - Downloaded bronze/AAPL/1772075772.json -> D:\ADF_folder\real-time-stocks-mds\data\s3_downloads/AAPL_1772075772.json
[2026-03-01T05:55:01.034+0000] {logging_mixin.py:188} INFO - Downloaded bronze/AAPL/1772075805.json -> D:\ADF_folder\real-time-stocks-mds\data\s3_downloads/AAPL_1772075805.json
[2026-03-01T05:55:01.426+0000] {logging_mixin.py:188} INFO - Downloaded bronze/AAPL/1772075838.json -> D:\ADF_folder\real-time-stocks-mds\data\s3_downloads/AAPL_1772075838.json
[2026-03-01T05:55:01.815+0000] {logging_mixin.py:188} INFO - Downloaded bronze/AAPL/1772075870.json -> D:\ADF_folder\real-time-stocks-mds\data\s3_downloads/AAPL_1772075870.json
[2026-03-01T05:55:02.198+0000] {logging_mixin.py:188} INFO - Downloaded bronze/AAPL/1772075903.json -> D:\ADF_folder\real-time-stocks-mds\data\s3_downloads/AAPL_1772075903.json
[2026-03-01T05:55:02.580+0000] {logging_mixin.py:188} INFO - Downloaded bronze/AAPL/1772075936.json -> D:\ADF_folder\real-time-stocks-mds\data\s3_downloads/AAPL_1772075936.json
[2026-03-01T05:55:02.971+0000] {logging_mixin.py:188} INFO - Downloaded bronze/AAPL/1772075969.json -> D:\ADF_folder\real-time-stocks-mds\data\s3_downloads/AAPL_1772075969.json
[2026-03-01T05:55:03.359+0000] {logging_mixin.py:188} INFO - Downloaded bronze/AAPL/1772076002.json -> D:\ADF_folder\real-time-stocks-mds\data\s3_downloads/AAPL_1772076002.json
[2026-03-01T05:55:03.735+0000] {logging_mixin.py:188} INFO - Downloaded bronze/AAPL/1772076035.json -> D:\ADF_folder\real-time-stocks-mds\data\s3_downloads/AAPL_1772076035.json
[2026-03-01T05:55:04.118+0000] {logging_mixin.py:188} INFO - Downloaded bronze/AAPL/1772076068.json -> D:\ADF_folder\real-time-stocks-mds\data\s3_downloads/AAPL_1772076068.json
[2026-03-01T05:55:04.503+0000] {logging_mixin.py:188} INFO - Downloaded bronze/AAPL/1772076101.json -> D:\ADF_folder\real-time-stocks-mds\data\s3_downloads/AAPL_1772076101.json
[2026-03-01T05:55:04.886+0000] {logging_mixin.py:188} INFO - Downloaded bronze/AAPL/1772076134.json -> D:\ADF_folder\real-time-stocks-mds\data\s3_downloads/AAPL_1772076134.json
[2026-03-01T05:55:05.270+0000] {logging_mixin.py:188} INFO - Downloaded bronze/AAPL/1772076167.json -> D:\ADF_folder\real-time-stocks-mds\data\s3_downloads/AAPL_1772076167.json
[2026-03-01T05:55:05.657+0000] {logging_mixin.py:188} INFO - Downloaded bronze/AAPL/1772076200.json -> D:\ADF_folder\real-time-stocks-mds\data\s3_downloads/AAPL_1772076200.json
[2026-03-01T05:55:06.046+0000] {logging_mixin.py:188} INFO - Downloaded bronze/AAPL/1772076233.json -> D:\ADF_folder\real-time-stocks-mds\data\s3_downloads/AAPL_1772076233.json
[2026-03-01T05:55:06.430+0000] {logging_mixin.py:188} INFO - Downloaded bronze/AAPL/1772076266.json -> D:\ADF_folder\real-time-stocks-mds\data\s3_downloads/AAPL_1772076266.json
[2026-03-01T05:55:06.821+0000] {logging_mixin.py:188} INFO - Downloaded bronze/AAPL/1772076298.json -> D:\ADF_folder\real-time-stocks-mds\data\s3_downloads/AAPL_1772076298.json
[2026-03-01T05:55:07.215+0000] {logging_mixin.py:188} INFO - Downloaded bronze/AAPL/1772076331.json -> D:\ADF_folder\real-time-stocks-mds\data\s3_downloads/AAPL_1772076331.json
[2026-03-01T05:55:07.596+0000] {logging_mixin.py:188} INFO - Downloaded bronze/AAPL/1772076364.json -> D:\ADF_folder\real-time-stocks-mds\data\s3_downloads/AAPL_1772076364.json
[2026-03-01T05:55:07.979+0000] {logging_mixin.py:188} INFO - Downloaded bronze/AAPL/1772076397.json -> D:\ADF_folder\real-time-stocks-mds\data\s3_downloads/AAPL_1772076397.json
[2026-03-01T05:55:08.367+0000] {logging_mixin.py:188} INFO - Downloaded bronze/AAPL/1772076431.json -> D:\ADF_folder\real-time-stocks-mds\data\s3_downloads/AAPL_1772076431.json
[2026-03-01T05:55:08.752+0000] {logging_mixin.py:188} INFO - Downloaded bronze/AAPL/1772076464.json -> D:\ADF_folder\real-time-stocks-mds\data\s3_downloads/AAPL_1772076464.json
[2026-03-01T05:55:09.141+0000] {logging_mixin.py:188} INFO - Downloaded bronze/AAPL/1772076497.json -> D:\ADF_folder\real-time-stocks-mds\data\s3_downloads/AAPL_1772076497.json
[2026-03-01T05:55:09.524+0000] {logging_mixin.py:188} INFO - Downloaded bronze/AAPL/1772076530.json -> D:\ADF_folder\real-time-stocks-mds\data\s3_downloads/AAPL_1772076530.json
[2026-03-01T05:55:09.910+0000] {logging_mixin.py:188} INFO - Downloaded bronze/AAPL/1772076563.json -> D:\ADF_folder\real-time-stocks-mds\data\s3_downloads/AAPL_1772076563.json
[2026-03-01T05:55:10.295+0000] {logging_mixin.py:188} INFO - Downloaded bronze/AAPL/1772076595.json -> D:\ADF_folder\real-time-stocks-mds\data\s3_downloads/AAPL_1772076595.json
[2026-03-01T05:55:10.680+0000] {logging_mixin.py:188} INFO - Downloaded bronze/AAPL/1772076628.json -> D:\ADF_folder\real-time-stocks-mds\data\s3_downloads/AAPL_1772076628.json
[2026-03-01T05:55:11.068+0000] {logging_mixin.py:188} INFO - Downloaded bronze/AAPL/1772076661.json -> D:\ADF_folder\real-time-stocks-mds\data\s3_downloads/AAPL_1772076661.json
[2026-03-01T05:55:11.455+0000] {logging_mixin.py:188} INFO - Downloaded bronze/AAPL/1772076694.json -> D:\ADF_folder\real-time-stocks-mds\data\s3_downloads/AAPL_1772076694.json
[2026-03-01T05:55:12.313+0000] {logging_mixin.py:188} INFO - Downloaded bronze/AAPL/1772076727.json -> D:\ADF_folder\real-time-stocks-mds\data\s3_downloads/AAPL_1772076727.json
[2026-03-01T05:55:12.700+0000] {logging_mixin.py:188} INFO - Downloaded bronze/AAPL/1772076760.json -> D:\ADF_folder\real-time-stocks-mds\data\s3_downloads/AAPL_1772076760.json
[2026-03-01T05:55:13.094+0000] {logging_mixin.py:188} INFO - Downloaded bronze/AAPL/1772076793.json -> D:\ADF_folder\real-time-stocks-mds\data\s3_downloads/AAPL_1772076793.json
[2026-03-01T05:55:13.491+0000] {logging_mixin.py:188} INFO - Downloaded bronze/AAPL/1772076826.json -> D:\ADF_folder\real-time-stocks-mds\data\s3_downloads/AAPL_1772076826.json
[2026-03-01T05:55:13.883+0000] {logging_mixin.py:188} INFO - Downloaded bronze/AAPL/1772076859.json -> D:\ADF_folder\real-time-stocks-mds\data\s3_downloads/AAPL_1772076859.json
[2026-03-01T05:55:14.272+0000] {logging_mixin.py:188} INFO - Downloaded bronze/AAPL/1772076892.json -> D:\ADF_folder\real-time-stocks-mds\data\s3_downloads/AAPL_1772076892.json
[2026-03-01T05:55:14.661+0000] {logging_mixin.py:188} INFO - Downloaded bronze/AAPL/1772076925.json -> D:\ADF_folder\real-time-stocks-mds\data\s3_downloads/AAPL_1772076925.json
[2026-03-01T05:55:15.055+0000] {logging_mixin.py:188} INFO - Downloaded bronze/AAPL/1772076958.json -> D:\ADF_folder\real-time-stocks-mds\data\s3_downloads/AAPL_1772076958.json
[2026-03-01T05:55:15.447+0000] {logging_mixin.py:188} INFO - Downloaded bronze/AAPL/1772076991.json -> D:\ADF_folder\real-time-stocks-mds\data\s3_downloads/AAPL_1772076991.json
[2026-03-01T05:55:15.832+0000] {logging_mixin.py:188} INFO - Downloaded bronze/AAPL/1772077025.json -> D:\ADF_folder\real-time-stocks-mds\data\s3_downloads/AAPL_1772077025.json
[2026-03-01T05:55:16.221+0000] {logging_mixin.py:188} INFO - Downloaded bronze/AAPL/1772077058.json -> D:\ADF_folder\real-time-stocks-mds\data\s3_downloads/AAPL_1772077058.json
[2026-03-01T05:55:16.606+0000] {logging_mixin.py:188} INFO - Downloaded bronze/AAPL/1772077091.json -> D:\ADF_folder\real-time-stocks-mds\data\s3_downloads/AAPL_1772077091.json
[2026-03-01T05:55:16.988+0000] {logging_mixin.py:188} INFO - Downloaded bronze/AAPL/1772077123.json -> D:\ADF_folder\real-time-stocks-mds\data\s3_downloads/AAPL_1772077123.json
[2026-03-01T05:55:17.378+0000] {logging_mixin.py:188} INFO - Downloaded bronze/AAPL/1772077157.json -> D:\ADF_folder\real-time-stocks-mds\data\s3_downloads/AAPL_1772077157.json
[2026-03-01T05:55:17.767+0000] {logging_mixin.py:188} INFO - Downloaded bronze/AAPL/1772077190.json -> D:\ADF_folder\real-time-stocks-mds\data\s3_downloads/AAPL_1772077190.json
[2026-03-01T05:55:18.155+0000] {logging_mixin.py:188} INFO - Downloaded bronze/AAPL/1772077223.json -> D:\ADF_folder\real-time-stocks-mds\data\s3_downloads/AAPL_1772077223.json
[2026-03-01T05:55:18.550+0000] {logging_mixin.py:188} INFO - Downloaded bronze/AAPL/1772077256.json -> D:\ADF_folder\real-time-stocks-mds\data\s3_downloads/AAPL_1772077256.json
[2026-03-01T05:55:18.938+0000] {logging_mixin.py:188} INFO - Downloaded bronze/AAPL/1772077289.json -> D:\ADF_folder\real-time-stocks-mds\data\s3_downloads/AAPL_1772077289.json
[2026-03-01T05:55:19.327+0000] {logging_mixin.py:188} INFO - Downloaded bronze/AAPL/1772077322.json -> D:\ADF_folder\real-time-stocks-mds\data\s3_downloads/AAPL_1772077322.json
[2026-03-01T05:55:19.722+0000] {logging_mixin.py:188} INFO - Downloaded bronze/AAPL/1772077356.json -> D:\ADF_folder\real-time-stocks-mds\data\s3_downloads/AAPL_1772077356.json
[2026-03-01T05:55:20.109+0000] {logging_mixin.py:188} INFO - Downloaded bronze/AAPL/1772077388.json -> D:\ADF_folder\real-time-stocks-mds\data\s3_downloads/AAPL_1772077388.json
[2026-03-01T05:55:20.503+0000] {logging_mixin.py:188} INFO - Downloaded bronze/AAPL/1772077421.json -> D:\ADF_folder\real-time-stocks-mds\data\s3_downloads/AAPL_1772077421.json
[2026-03-01T05:55:20.896+0000] {logging_mixin.py:188} INFO - Downloaded bronze/AAPL/1772077454.json -> D:\ADF_folder\real-time-stocks-mds\data\s3_downloads/AAPL_1772077454.json
[2026-03-01T05:55:21.285+0000] {logging_mixin.py:188} INFO - Downloaded bronze/AAPL/1772077487.json -> D:\ADF_folder\real-time-stocks-mds\data\s3_downloads/AAPL_1772077487.json
[2026-03-01T05:55:21.677+0000] {logging_mixin.py:188} INFO - Downloaded bronze/AAPL/1772077520.json -> D:\ADF_folder\real-time-stocks-mds\data\s3_downloads/AAPL_1772077520.json
[2026-03-01T05:55:22.066+0000] {logging_mixin.py:188} INFO - Downloaded bronze/AAPL/1772077553.json -> D:\ADF_folder\real-time-stocks-mds\data\s3_downloads/AAPL_1772077553.json
[2026-03-01T05:55:22.461+0000] {logging_mixin.py:188} INFO - Downloaded bronze/AAPL/1772077586.json -> D:\ADF_folder\real-time-stocks-mds\data\s3_downloads/AAPL_1772077586.json
[2026-03-01T05:55:22.857+0000] {logging_mixin.py:188} INFO - Downloaded bronze/AAPL/1772077619.json -> D:\ADF_folder\real-time-stocks-mds\data\s3_downloads/AAPL_1772077619.json
[2026-03-01T05:55:23.249+0000] {logging_mixin.py:188} INFO - Downloaded bronze/AAPL/1772077652.json -> D:\ADF_folder\real-time-stocks-mds\data\s3_downloads/AAPL_1772077652.json
[2026-03-01T05:55:23.635+0000] {logging_mixin.py:188} INFO - Downloaded bronze/AAPL/1772077685.json -> D:\ADF_folder\real-time-stocks-mds\data\s3_downloads/AAPL_1772077685.json
[2026-03-01T05:55:24.026+0000] {logging_mixin.py:188} INFO - Downloaded bronze/AAPL/1772077718.json -> D:\ADF_folder\real-time-stocks-mds\data\s3_downloads/AAPL_1772077718.json
[2026-03-01T05:55:22.985+0000] {logging_mixin.py:188} INFO - Downloaded bronze/AAPL/1772077750.json -> D:\ADF_folder\real-time-stocks-mds\data\s3_downloads/AAPL_1772077750.json
[2026-03-01T05:55:23.377+0000] {logging_mixin.py:188} INFO - Downloaded bronze/AAPL/1772077783.json -> D:\ADF_folder\real-time-stocks-mds\data\s3_downloads/AAPL_1772077783.json
[2026-03-01T05:55:23.769+0000] {logging_mixin.py:188} INFO - Downloaded bronze/AAPL/1772077816.json -> D:\ADF_folder\real-time-stocks-mds\data\s3_downloads/AAPL_1772077816.json
[2026-03-01T05:55:24.165+0000] {logging_mixin.py:188} INFO - Downloaded bronze/AAPL/1772077849.json -> D:\ADF_folder\real-time-stocks-mds\data\s3_downloads/AAPL_1772077849.json
[2026-03-01T05:55:24.550+0000] {logging_mixin.py:188} INFO - Downloaded bronze/AAPL/1772077882.json -> D:\ADF_folder\real-time-stocks-mds\data\s3_downloads/AAPL_1772077882.json
[2026-03-01T05:55:24.946+0000] {logging_mixin.py:188} INFO - Downloaded bronze/AAPL/1772077915.json -> D:\ADF_folder\real-time-stocks-mds\data\s3_downloads/AAPL_1772077915.json
[2026-03-01T05:55:25.337+0000] {logging_mixin.py:188} INFO - Downloaded bronze/AAPL/1772077947.json -> D:\ADF_folder\real-time-stocks-mds\data\s3_downloads/AAPL_1772077947.json
[2026-03-01T05:55:25.734+0000] {logging_mixin.py:188} INFO - Downloaded bronze/AAPL/1772077980.json -> D:\ADF_folder\real-time-stocks-mds\data\s3_downloads/AAPL_1772077980.json
[2026-03-01T05:55:26.130+0000] {logging_mixin.py:188} INFO - Downloaded bronze/AAPL/1772078013.json -> D:\ADF_folder\real-time-stocks-mds\data\s3_downloads/AAPL_1772078013.json
[2026-03-01T05:55:26.529+0000] {logging_mixin.py:188} INFO - Downloaded bronze/AAPL/1772078046.json -> D:\ADF_folder\real-time-stocks-mds\data\s3_downloads/AAPL_1772078046.json
[2026-03-01T05:55:26.921+0000] {logging_mixin.py:188} INFO - Downloaded bronze/AAPL/1772078079.json -> D:\ADF_folder\real-time-stocks-mds\data\s3_downloads/AAPL_1772078079.json
[2026-03-01T05:55:27.308+0000] {logging_mixin.py:188} INFO - Downloaded bronze/AAPL/1772078112.json -> D:\ADF_folder\real-time-stocks-mds\data\s3_downloads/AAPL_1772078112.json
[2026-03-01T05:55:27.696+0000] {logging_mixin.py:188} INFO - Downloaded bronze/AAPL/1772078145.json -> D:\ADF_folder\real-time-stocks-mds\data\s3_downloads/AAPL_1772078145.json
[2026-03-01T05:55:28.088+0000] {logging_mixin.py:188} INFO - Downloaded bronze/AAPL/1772078178.json -> D:\ADF_folder\real-time-stocks-mds\data\s3_downloads/AAPL_1772078178.json
[2026-03-01T05:55:28.485+0000] {logging_mixin.py:188} INFO - Downloaded bronze/AAPL/1772078211.json -> D:\ADF_folder\real-time-stocks-mds\data\s3_downloads/AAPL_1772078211.json
[2026-03-01T05:55:28.878+0000] {logging_mixin.py:188} INFO - Downloaded bronze/AAPL/1772078244.json -> D:\ADF_folder\real-time-stocks-mds\data\s3_downloads/AAPL_1772078244.json
[2026-03-01T05:55:29.267+0000] {logging_mixin.py:188} INFO - Downloaded bronze/AAPL/1772078277.json -> D:\ADF_folder\real-time-stocks-mds\data\s3_downloads/AAPL_1772078277.json
[2026-03-01T05:55:29.667+0000] {logging_mixin.py:188} INFO - Downloaded bronze/AAPL/1772078310.json -> D:\ADF_folder\real-time-stocks-mds\data\s3_downloads/AAPL_1772078310.json
[2026-03-01T05:55:30.056+0000] {logging_mixin.py:188} INFO - Downloaded bronze/AAPL/1772078342.json -> D:\ADF_folder\real-time-stocks-mds\data\s3_downloads/AAPL_1772078342.json
[2026-03-01T05:55:30.929+0000] {logging_mixin.py:188} INFO - Downloaded bronze/AAPL/1772078375.json -> D:\ADF_folder\real-time-stocks-mds\data\s3_downloads/AAPL_1772078375.json
[2026-03-01T05:55:31.326+0000] {logging_mixin.py:188} INFO - Downloaded bronze/AAPL/1772078409.json -> D:\ADF_folder\real-time-stocks-mds\data\s3_downloads/AAPL_1772078409.json
[2026-03-01T05:55:31.724+0000] {logging_mixin.py:188} INFO - Downloaded bronze/AAPL/1772078442.json -> D:\ADF_folder\real-time-stocks-mds\data\s3_downloads/AAPL_1772078442.json
[2026-03-01T05:55:32.115+0000] {logging_mixin.py:188} INFO - Downloaded bronze/AAPL/1772078475.json -> D:\ADF_folder\real-time-stocks-mds\data\s3_downloads/AAPL_1772078475.json
[2026-03-01T05:55:32.512+0000] {logging_mixin.py:188} INFO - Downloaded bronze/AAPL/1772078509.json -> D:\ADF_folder\real-time-stocks-mds\data\s3_downloads/AAPL_1772078509.json
[2026-03-01T05:55:32.903+0000] {logging_mixin.py:188} INFO - Downloaded bronze/AAPL/1772078542.json -> D:\ADF_folder\real-time-stocks-mds\data\s3_downloads/AAPL_1772078542.json
[2026-03-01T05:55:33.294+0000] {logging_mixin.py:188} INFO - Downloaded bronze/AAPL/1772078575.json -> D:\ADF_folder\real-time-stocks-mds\data\s3_downloads/AAPL_1772078575.json
[2026-03-01T05:55:33.679+0000] {logging_mixin.py:188} INFO - Downloaded bronze/AAPL/1772078608.json -> D:\ADF_folder\real-time-stocks-mds\data\s3_downloads/AAPL_1772078608.json
[2026-03-01T05:55:34.067+0000] {logging_mixin.py:188} INFO - Downloaded bronze/AAPL/1772078641.json -> D:\ADF_folder\real-time-stocks-mds\data\s3_downloads/AAPL_1772078641.json
[2026-03-01T05:55:34.452+0000] {logging_mixin.py:188} INFO - Downloaded bronze/AAPL/1772078674.json -> D:\ADF_folder\real-time-stocks-mds\data\s3_downloads/AAPL_1772078674.json
[2026-03-01T05:55:34.838+0000] {logging_mixin.py:188} INFO - Downloaded bronze/AAPL/1772078707.json -> D:\ADF_folder\real-time-stocks-mds\data\s3_downloads/AAPL_1772078707.json
[2026-03-01T05:55:35.222+0000] {logging_mixin.py:188} INFO - Downloaded bronze/AAPL/1772078740.json -> D:\ADF_folder\real-time-stocks-mds\data\s3_downloads/AAPL_1772078740.json
[2026-03-01T05:55:35.603+0000] {logging_mixin.py:188} INFO - Downloaded bronze/AAPL/1772078773.json -> D:\ADF_folder\real-time-stocks-mds\data\s3_downloads/AAPL_1772078773.json
[2026-03-01T05:55:35.988+0000] {logging_mixin.py:188} INFO - Downloaded bronze/AAPL/1772078806.json -> D:\ADF_folder\real-time-stocks-mds\data\s3_downloads/AAPL_1772078806.json
[2026-03-01T05:55:36.376+0000] {logging_mixin.py:188} INFO - Downloaded bronze/AAPL/1772078839.json -> D:\ADF_folder\real-time-stocks-mds\data\s3_downloads/AAPL_1772078839.json
[2026-03-01T05:55:36.759+0000] {logging_mixin.py:188} INFO - Downloaded bronze/AAPL/1772078872.json -> D:\ADF_folder\real-time-stocks-mds\data\s3_downloads/AAPL_1772078872.json
[2026-03-01T05:55:37.145+0000] {logging_mixin.py:188} INFO - Downloaded bronze/AAPL/1772078904.json -> D:\ADF_folder\real-time-stocks-mds\data\s3_downloads/AAPL_1772078904.json
[2026-03-01T05:55:37.531+0000] {logging_mixin.py:188} INFO - Downloaded bronze/AAPL/1772078937.json -> D:\ADF_folder\real-time-stocks-mds\data\s3_downloads/AAPL_1772078937.json
[2026-03-01T05:55:37.926+0000] {logging_mixin.py:188} INFO - Downloaded bronze/AAPL/1772078970.json -> D:\ADF_folder\real-time-stocks-mds\data\s3_downloads/AAPL_1772078970.json
[2026-03-01T05:55:38.311+0000] {logging_mixin.py:188} INFO - Downloaded bronze/AAPL/1772079004.json -> D:\ADF_folder\real-time-stocks-mds\data\s3_downloads/AAPL_1772079004.json
[2026-03-01T05:55:38.699+0000] {logging_mixin.py:188} INFO - Downloaded bronze/AAPL/1772079037.json -> D:\ADF_folder\real-time-stocks-mds\data\s3_downloads/AAPL_1772079037.json
[2026-03-01T05:55:39.092+0000] {logging_mixin.py:188} INFO - Downloaded bronze/AAPL/1772079071.json -> D:\ADF_folder\real-time-stocks-mds\data\s3_downloads/AAPL_1772079071.json
[2026-03-01T05:55:39.480+0000] {logging_mixin.py:188} INFO - Downloaded bronze/AAPL/1772079104.json -> D:\ADF_folder\real-time-stocks-mds\data\s3_downloads/AAPL_1772079104.json
[2026-03-01T05:55:39.874+0000] {logging_mixin.py:188} INFO - Downloaded bronze/AAPL/1772079137.json -> D:\ADF_folder\real-time-stocks-mds\data\s3_downloads/AAPL_1772079137.json
[2026-03-01T05:55:40.262+0000] {logging_mixin.py:188} INFO - Downloaded bronze/AAPL/1772079170.json -> D:\ADF_folder\real-time-stocks-mds\data\s3_downloads/AAPL_1772079170.json
[2026-03-01T05:55:40.653+0000] {logging_mixin.py:188} INFO - Downloaded bronze/AAPL/1772079203.json -> D:\ADF_folder\real-time-stocks-mds\data\s3_downloads/AAPL_1772079203.json
[2026-03-01T05:55:41.047+0000] {logging_mixin.py:188} INFO - Downloaded bronze/AAPL/1772079236.json -> D:\ADF_folder\real-time-stocks-mds\data\s3_downloads/AAPL_1772079236.json
[2026-03-01T05:55:41.443+0000] {logging_mixin.py:188} INFO - Downloaded bronze/AAPL/1772079269.json -> D:\ADF_folder\real-time-stocks-mds\data\s3_downloads/AAPL_1772079269.json
[2026-03-01T05:55:41.445+0000] {logging_mixin.py:188} INFO - 
Processing prefix: bronze/GOOGL/
[2026-03-01T05:55:42.259+0000] {logging_mixin.py:188} INFO - Downloaded bronze/GOOGL/1771463605.json -> D:\ADF_folder\real-time-stocks-mds\data\s3_downloads/GOOGL_1771463605.json
[2026-03-01T05:55:42.658+0000] {logging_mixin.py:188} INFO - Downloaded bronze/GOOGL/1771463638.json -> D:\ADF_folder\real-time-stocks-mds\data\s3_downloads/GOOGL_1771463638.json
[2026-03-01T05:55:43.039+0000] {logging_mixin.py:188} INFO - Downloaded bronze/GOOGL/1771463671.json -> D:\ADF_folder\real-time-stocks-mds\data\s3_downloads/GOOGL_1771463671.json
[2026-03-01T05:55:43.427+0000] {logging_mixin.py:188} INFO - Downloaded bronze/GOOGL/1771463704.json -> D:\ADF_folder\real-time-stocks-mds\data\s3_downloads/GOOGL_1771463704.json
[2026-03-01T05:55:43.825+0000] {logging_mixin.py:188} INFO - Downloaded bronze/GOOGL/1771463737.json -> D:\ADF_folder\real-time-stocks-mds\data\s3_downloads/GOOGL_1771463737.json
[2026-03-01T05:55:44.224+0000] {logging_mixin.py:188} INFO - Downloaded bronze/GOOGL/1771463770.json -> D:\ADF_folder\real-time-stocks-mds\data\s3_downloads/GOOGL_1771463770.json
[2026-03-01T05:55:44.629+0000] {logging_mixin.py:188} INFO - Downloaded bronze/GOOGL/1771463803.json -> D:\ADF_folder\real-time-stocks-mds\data\s3_downloads/GOOGL_1771463803.json
[2026-03-01T05:55:45.031+0000] {logging_mixin.py:188} INFO - Downloaded bronze/GOOGL/1771463836.json -> D:\ADF_folder\real-time-stocks-mds\data\s3_downloads/GOOGL_1771463836.json
[2026-03-01T05:55:45.417+0000] {logging_mixin.py:188} INFO - Downloaded bronze/GOOGL/1771463869.json -> D:\ADF_folder\real-time-stocks-mds\data\s3_downloads/GOOGL_1771463869.json
[2026-03-01T05:55:45.812+0000] {logging_mixin.py:188} INFO - Downloaded bronze/GOOGL/1771463902.json -> D:\ADF_folder\real-time-stocks-mds\data\s3_downloads/GOOGL_1771463902.json
[2026-03-01T05:55:46.196+0000] {logging_mixin.py:188} INFO - Downloaded bronze/GOOGL/1771463936.json -> D:\ADF_folder\real-time-stocks-mds\data\s3_downloads/GOOGL_1771463936.json
[2026-03-01T05:55:46.580+0000] {logging_mixin.py:188} INFO - Downloaded bronze/GOOGL/1771463968.json -> D:\ADF_folder\real-time-stocks-mds\data\s3_downloads/GOOGL_1771463968.json
[2026-03-01T05:55:46.969+0000] {logging_mixin.py:188} INFO - Downloaded bronze/GOOGL/1771464002.json -> D:\ADF_folder\real-time-stocks-mds\data\s3_downloads/GOOGL_1771464002.json
[2026-03-01T05:55:47.364+0000] {logging_mixin.py:188} INFO - Downloaded bronze/GOOGL/1771464035.json -> D:\ADF_folder\real-time-stocks-mds\data\s3_downloads/GOOGL_1771464035.json
[2026-03-01T05:55:47.749+0000] {logging_mixin.py:188} INFO - Downloaded bronze/GOOGL/1771464068.json -> D:\ADF_folder\real-time-stocks-mds\data\s3_downloads/GOOGL_1771464068.json
[2026-03-01T05:55:48.139+0000] {logging_mixin.py:188} INFO - Downloaded bronze/GOOGL/1771464101.json -> D:\ADF_folder\real-time-stocks-mds\data\s3_downloads/GOOGL_1771464101.json
[2026-03-01T05:55:48.523+0000] {logging_mixin.py:188} INFO - Downloaded bronze/GOOGL/1771464134.json -> D:\ADF_folder\real-time-stocks-mds\data\s3_downloads/GOOGL_1771464134.json
[2026-03-01T05:55:48.901+0000] {logging_mixin.py:188} INFO - Downloaded bronze/GOOGL/1771464167.json -> D:\ADF_folder\real-time-stocks-mds\data\s3_downloads/GOOGL_1771464167.json
[2026-03-01T05:55:49.281+0000] {logging_mixin.py:188} INFO - Downloaded bronze/GOOGL/1771464200.json -> D:\ADF_folder\real-time-stocks-mds\data\s3_downloads/GOOGL_1771464200.json
[2026-03-01T05:55:49.666+0000] {logging_mixin.py:188} INFO - Downloaded bronze/GOOGL/1771464233.json -> D:\ADF_folder\real-time-stocks-mds\data\s3_downloads/GOOGL_1771464233.json
[2026-03-01T05:55:50.049+0000] {logging_mixin.py:188} INFO - Downloaded bronze/GOOGL/1771464266.json -> D:\ADF_folder\real-time-stocks-mds\data\s3_downloads/GOOGL_1771464266.json
[2026-03-01T05:55:50.443+0000] {logging_mixin.py:188} INFO - Downloaded bronze/GOOGL/1771464299.json -> D:\ADF_folder\real-time-stocks-mds\data\s3_downloads/GOOGL_1771464299.json
[2026-03-01T05:55:51.351+0000] {logging_mixin.py:188} INFO - Downloaded bronze/GOOGL/1771465232.json -> D:\ADF_folder\real-time-stocks-mds\data\s3_downloads/GOOGL_1771465232.json
[2026-03-01T05:55:51.750+0000] {logging_mixin.py:188} INFO - Downloaded bronze/GOOGL/1771465265.json -> D:\ADF_folder\real-time-stocks-mds\data\s3_downloads/GOOGL_1771465265.json
[2026-03-01T05:55:52.142+0000] {logging_mixin.py:188} INFO - Downloaded bronze/GOOGL/1771465298.json -> D:\ADF_folder\real-time-stocks-mds\data\s3_downloads/GOOGL_1771465298.json
[2026-03-01T05:55:52.536+0000] {logging_mixin.py:188} INFO - Downloaded bronze/GOOGL/1771465331.json -> D:\ADF_folder\real-time-stocks-mds\data\s3_downloads/GOOGL_1771465331.json
[2026-03-01T05:55:51.449+0000] {logging_mixin.py:188} INFO - Downloaded bronze/GOOGL/1771465364.json -> D:\ADF_folder\real-time-stocks-mds\data\s3_downloads/GOOGL_1771465364.json
[2026-03-01T05:55:51.844+0000] {logging_mixin.py:188} INFO - Downloaded bronze/GOOGL/1771465397.json -> D:\ADF_folder\real-time-stocks-mds\data\s3_downloads/GOOGL_1771465397.json
[2026-03-01T05:55:52.236+0000] {logging_mixin.py:188} INFO - Downloaded bronze/GOOGL/1771465430.json -> D:\ADF_folder\real-time-stocks-mds\data\s3_downloads/GOOGL_1771465430.json
[2026-03-01T05:55:52.621+0000] {logging_mixin.py:188} INFO - Downloaded bronze/GOOGL/1771465463.json -> D:\ADF_folder\real-time-stocks-mds\data\s3_downloads/GOOGL_1771465463.json
[2026-03-01T05:55:53.043+0000] {logging_mixin.py:188} INFO - Downloaded bronze/GOOGL/1771465496.json -> D:\ADF_folder\real-time-stocks-mds\data\s3_downloads/GOOGL_1771465496.json
[2026-03-01T05:55:53.434+0000] {logging_mixin.py:188} INFO - Downloaded bronze/GOOGL/1771465529.json -> D:\ADF_folder\real-time-stocks-mds\data\s3_downloads/GOOGL_1771465529.json
[2026-03-01T05:55:53.823+0000] {logging_mixin.py:188} INFO - Downloaded bronze/GOOGL/1771465562.json -> D:\ADF_folder\real-time-stocks-mds\data\s3_downloads/GOOGL_1771465562.json
[2026-03-01T05:55:54.210+0000] {logging_mixin.py:188} INFO - Downloaded bronze/GOOGL/1772074576.json -> D:\ADF_folder\real-time-stocks-mds\data\s3_downloads/GOOGL_1772074576.json
[2026-03-01T05:55:54.596+0000] {logging_mixin.py:188} INFO - Downloaded bronze/GOOGL/1772074609.json -> D:\ADF_folder\real-time-stocks-mds\data\s3_downloads/GOOGL_1772074609.json
[2026-03-01T05:55:54.982+0000] {logging_mixin.py:188} INFO - Downloaded bronze/GOOGL/1772074642.json -> D:\ADF_folder\real-time-stocks-mds\data\s3_downloads/GOOGL_1772074642.json
[2026-03-01T05:55:55.381+0000] {logging_mixin.py:188} INFO - Downloaded bronze/GOOGL/1772074676.json -> D:\ADF_folder\real-time-stocks-mds\data\s3_downloads/GOOGL_1772074676.json
[2026-03-01T05:55:55.759+0000] {logging_mixin.py:188} INFO - Downloaded bronze/GOOGL/1772074709.json -> D:\ADF_folder\real-time-stocks-mds\data\s3_downloads/GOOGL_1772074709.json
[2026-03-01T05:55:56.151+0000] {logging_mixin.py:188} INFO - Downloaded bronze/GOOGL/1772074742.json -> D:\ADF_folder\real-time-stocks-mds\data\s3_downloads/GOOGL_1772074742.json
[2026-03-01T05:55:56.544+0000] {logging_mixin.py:188} INFO - Downloaded bronze/GOOGL/1772074775.json -> D:\ADF_folder\real-time-stocks-mds\data\s3_downloads/GOOGL_1772074775.json
[2026-03-01T05:55:56.933+0000] {logging_mixin.py:188} INFO - Downloaded bronze/GOOGL/1772074808.json -> D:\ADF_folder\real-time-stocks-mds\data\s3_downloads/GOOGL_1772074808.json
[2026-03-01T05:55:57.320+0000] {logging_mixin.py:188} INFO - Downloaded bronze/GOOGL/1772074841.json -> D:\ADF_folder\real-time-stocks-mds\data\s3_downloads/GOOGL_1772074841.json
[2026-03-01T05:55:57.727+0000] {logging_mixin.py:188} INFO - Downloaded bronze/GOOGL/1772074874.json -> D:\ADF_folder\real-time-stocks-mds\data\s3_downloads/GOOGL_1772074874.json
[2026-03-01T05:55:58.111+0000] {logging_mixin.py:188} INFO - Downloaded bronze/GOOGL/1772074907.json -> D:\ADF_folder\real-time-stocks-mds\data\s3_downloads/GOOGL_1772074907.json
[2026-03-01T05:55:58.509+0000] {logging_mixin.py:188} INFO - Downloaded bronze/GOOGL/1772074940.json -> D:\ADF_folder\real-time-stocks-mds\data\s3_downloads/GOOGL_1772074940.json
[2026-03-01T05:55:58.907+0000] {logging_mixin.py:188} INFO - Downloaded bronze/GOOGL/1772074973.json -> D:\ADF_folder\real-time-stocks-mds\data\s3_downloads/GOOGL_1772074973.json
[2026-03-01T05:55:59.318+0000] {logging_mixin.py:188} INFO - Downloaded bronze/GOOGL/1772075006.json -> D:\ADF_folder\real-time-stocks-mds\data\s3_downloads/GOOGL_1772075006.json
[2026-03-01T05:55:59.714+0000] {logging_mixin.py:188} INFO - Downloaded bronze/GOOGL/1772075039.json -> D:\ADF_folder\real-time-stocks-mds\data\s3_downloads/GOOGL_1772075039.json
[2026-03-01T05:56:00.099+0000] {logging_mixin.py:188} INFO - Downloaded bronze/GOOGL/1772075072.json -> D:\ADF_folder\real-time-stocks-mds\data\s3_downloads/GOOGL_1772075072.json
[2026-03-01T05:56:00.495+0000] {logging_mixin.py:188} INFO - Downloaded bronze/GOOGL/1772075105.json -> D:\ADF_folder\real-time-stocks-mds\data\s3_downloads/GOOGL_1772075105.json
[2026-03-01T05:56:00.879+0000] {logging_mixin.py:188} INFO - Downloaded bronze/GOOGL/1772075138.json -> D:\ADF_folder\real-time-stocks-mds\data\s3_downloads/GOOGL_1772075138.json
[2026-03-01T05:56:01.271+0000] {logging_mixin.py:188} INFO - Downloaded bronze/GOOGL/1772075171.json -> D:\ADF_folder\real-time-stocks-mds\data\s3_downloads/GOOGL_1772075171.json
[2026-03-01T05:56:01.658+0000] {logging_mixin.py:188} INFO - Downloaded bronze/GOOGL/1772075204.json -> D:\ADF_folder\real-time-stocks-mds\data\s3_downloads/GOOGL_1772075204.json
[2026-03-01T05:56:02.048+0000] {logging_mixin.py:188} INFO - Downloaded bronze/GOOGL/1772075237.json -> D:\ADF_folder\real-time-stocks-mds\data\s3_downloads/GOOGL_1772075237.json
[2026-03-01T05:56:02.442+0000] {logging_mixin.py:188} INFO - Downloaded bronze/GOOGL/1772075270.json -> D:\ADF_folder\real-time-stocks-mds\data\s3_downloads/GOOGL_1772075270.json
[2026-03-01T05:56:02.832+0000] {logging_mixin.py:188} INFO - Downloaded bronze/GOOGL/1772075303.json -> D:\ADF_folder\real-time-stocks-mds\data\s3_downloads/GOOGL_1772075303.json
[2026-03-01T05:56:03.226+0000] {logging_mixin.py:188} INFO - Downloaded bronze/GOOGL/1772075336.json -> D:\ADF_folder\real-time-stocks-mds\data\s3_downloads/GOOGL_1772075336.json
[2026-03-01T05:56:03.613+0000] {logging_mixin.py:188} INFO - Downloaded bronze/GOOGL/1772075369.json -> D:\ADF_folder\real-time-stocks-mds\data\s3_downloads/GOOGL_1772075369.json
[2026-03-01T05:56:04.007+0000] {logging_mixin.py:188} INFO - Downloaded bronze/GOOGL/1772075402.json -> D:\ADF_folder\real-time-stocks-mds\data\s3_downloads/GOOGL_1772075402.json
[2026-03-01T05:56:04.399+0000] {logging_mixin.py:188} INFO - Downloaded bronze/GOOGL/1772075435.json -> D:\ADF_folder\real-time-stocks-mds\data\s3_downloads/GOOGL_1772075435.json
[2026-03-01T05:56:04.793+0000] {logging_mixin.py:188} INFO - Downloaded bronze/GOOGL/1772075468.json -> D:\ADF_folder\real-time-stocks-mds\data\s3_downloads/GOOGL_1772075468.json
[2026-03-01T05:56:05.187+0000] {logging_mixin.py:188} INFO - Downloaded bronze/GOOGL/1772075500.json -> D:\ADF_folder\real-time-stocks-mds\data\s3_downloads/GOOGL_1772075500.json
[2026-03-01T05:56:05.567+0000] {logging_mixin.py:188} INFO - Downloaded bronze/GOOGL/1772075533.json -> D:\ADF_folder\real-time-stocks-mds\data\s3_downloads/GOOGL_1772075533.json
[2026-03-01T05:56:05.953+0000] {logging_mixin.py:188} INFO - Downloaded bronze/GOOGL/1772075566.json -> D:\ADF_folder\real-time-stocks-mds\data\s3_downloads/GOOGL_1772075566.json
[2026-03-01T05:56:06.337+0000] {logging_mixin.py:188} INFO - Downloaded bronze/GOOGL/1772075600.json -> D:\ADF_folder\real-time-stocks-mds\data\s3_downloads/GOOGL_1772075600.json
[2026-03-01T05:56:06.731+0000] {logging_mixin.py:188} INFO - Downloaded bronze/GOOGL/1772075634.json -> D:\ADF_folder\real-time-stocks-mds\data\s3_downloads/GOOGL_1772075634.json
[2026-03-01T05:56:07.126+0000] {logging_mixin.py:188} INFO - Downloaded bronze/GOOGL/1772075666.json -> D:\ADF_folder\real-time-stocks-mds\data\s3_downloads/GOOGL_1772075666.json
[2026-03-01T05:56:07.517+0000] {logging_mixin.py:188} INFO - Downloaded bronze/GOOGL/1772075699.json -> D:\ADF_folder\real-time-stocks-mds\data\s3_downloads/GOOGL_1772075699.json
[2026-03-01T05:56:07.902+0000] {logging_mixin.py:188} INFO - Downloaded bronze/GOOGL/1772075732.json -> D:\ADF_folder\real-time-stocks-mds\data\s3_downloads/GOOGL_1772075732.json
[2026-03-01T05:56:08.291+0000] {logging_mixin.py:188} INFO - Downloaded bronze/GOOGL/1772075765.json -> D:\ADF_folder\real-time-stocks-mds\data\s3_downloads/GOOGL_1772075765.json
[2026-03-01T05:56:08.688+0000] {logging_mixin.py:188} INFO - Downloaded bronze/GOOGL/1772075798.json -> D:\ADF_folder\real-time-stocks-mds\data\s3_downloads/GOOGL_1772075798.json
[2026-03-01T05:56:09.082+0000] {logging_mixin.py:188} INFO - Downloaded bronze/GOOGL/1772075831.json -> D:\ADF_folder\real-time-stocks-mds\data\s3_downloads/GOOGL_1772075831.json
[2026-03-01T05:56:09.952+0000] {logging_mixin.py:188} INFO - Downloaded bronze/GOOGL/1772075864.json -> D:\ADF_folder\real-time-stocks-mds\data\s3_downloads/GOOGL_1772075864.json
[2026-03-01T05:56:10.342+0000] {logging_mixin.py:188} INFO - Downloaded bronze/GOOGL/1772075896.json -> D:\ADF_folder\real-time-stocks-mds\data\s3_downloads/GOOGL_1772075896.json
[2026-03-01T05:56:10.728+0000] {logging_mixin.py:188} INFO - Downloaded bronze/GOOGL/1772075930.json -> D:\ADF_folder\real-time-stocks-mds\data\s3_downloads/GOOGL_1772075930.json
[2026-03-01T05:56:11.117+0000] {logging_mixin.py:188} INFO - Downloaded bronze/GOOGL/1772075962.json -> D:\ADF_folder\real-time-stocks-mds\data\s3_downloads/GOOGL_1772075962.json
[2026-03-01T05:56:11.502+0000] {logging_mixin.py:188} INFO - Downloaded bronze/GOOGL/1772075995.json -> D:\ADF_folder\real-time-stocks-mds\data\s3_downloads/GOOGL_1772075995.json
[2026-03-01T05:56:11.893+0000] {logging_mixin.py:188} INFO - Downloaded bronze/GOOGL/1772076028.json -> D:\ADF_folder\real-time-stocks-mds\data\s3_downloads/GOOGL_1772076028.json
[2026-03-01T05:56:12.282+0000] {logging_mixin.py:188} INFO - Downloaded bronze/GOOGL/1772076062.json -> D:\ADF_folder\real-time-stocks-mds\data\s3_downloads/GOOGL_1772076062.json
[2026-03-01T05:56:12.678+0000] {logging_mixin.py:188} INFO - Downloaded bronze/GOOGL/1772076094.json -> D:\ADF_folder\real-time-stocks-mds\data\s3_downloads/GOOGL_1772076094.json
[2026-03-01T05:56:13.071+0000] {logging_mixin.py:188} INFO - Downloaded bronze/GOOGL/1772076127.json -> D:\ADF_folder\real-time-stocks-mds\data\s3_downloads/GOOGL_1772076127.json
[2026-03-01T05:56:13.462+0000] {logging_mixin.py:188} INFO - Downloaded bronze/GOOGL/1772076160.json -> D:\ADF_folder\real-time-stocks-mds\data\s3_downloads/GOOGL_1772076160.json
[2026-03-01T05:56:13.856+0000] {logging_mixin.py:188} INFO - Downloaded bronze/GOOGL/1772076193.json -> D:\ADF_folder\real-time-stocks-mds\data\s3_downloads/GOOGL_1772076193.json
[2026-03-01T05:56:14.242+0000] {logging_mixin.py:188} INFO - Downloaded bronze/GOOGL/1772076226.json -> D:\ADF_folder\real-time-stocks-mds\data\s3_downloads/GOOGL_1772076226.json
[2026-03-01T05:56:14.633+0000] {logging_mixin.py:188} INFO - Downloaded bronze/GOOGL/1772076259.json -> D:\ADF_folder\real-time-stocks-mds\data\s3_downloads/GOOGL_1772076259.json
[2026-03-01T05:56:15.023+0000] {logging_mixin.py:188} INFO - Downloaded bronze/GOOGL/1772076292.json -> D:\ADF_folder\real-time-stocks-mds\data\s3_downloads/GOOGL_1772076292.json
[2026-03-01T05:56:15.414+0000] {logging_mixin.py:188} INFO - Downloaded bronze/GOOGL/1772076325.json -> D:\ADF_folder\real-time-stocks-mds\data\s3_downloads/GOOGL_1772076325.json
[2026-03-01T05:56:15.805+0000] {logging_mixin.py:188} INFO - Downloaded bronze/GOOGL/1772076357.json -> D:\ADF_folder\real-time-stocks-mds\data\s3_downloads/GOOGL_1772076357.json
[2026-03-01T05:56:16.190+0000] {logging_mixin.py:188} INFO - Downloaded bronze/GOOGL/1772076390.json -> D:\ADF_folder\real-time-stocks-mds\data\s3_downloads/GOOGL_1772076390.json
[2026-03-01T05:56:16.578+0000] {logging_mixin.py:188} INFO - Downloaded bronze/GOOGL/1772076423.json -> D:\ADF_folder\real-time-stocks-mds\data\s3_downloads/GOOGL_1772076423.json
[2026-03-01T05:56:16.964+0000] {logging_mixin.py:188} INFO - Downloaded bronze/GOOGL/1772076457.json -> D:\ADF_folder\real-time-stocks-mds\data\s3_downloads/GOOGL_1772076457.json
[2026-03-01T05:56:17.360+0000] {logging_mixin.py:188} INFO - Downloaded bronze/GOOGL/1772076490.json -> D:\ADF_folder\real-time-stocks-mds\data\s3_downloads/GOOGL_1772076490.json
[2026-03-01T05:56:17.751+0000] {logging_mixin.py:188} INFO - Downloaded bronze/GOOGL/1772076523.json -> D:\ADF_folder\real-time-stocks-mds\data\s3_downloads/GOOGL_1772076523.json
[2026-03-01T05:56:18.139+0000] {logging_mixin.py:188} INFO - Downloaded bronze/GOOGL/1772076556.json -> D:\ADF_folder\real-time-stocks-mds\data\s3_downloads/GOOGL_1772076556.json
[2026-03-01T05:56:18.530+0000] {logging_mixin.py:188} INFO - Downloaded bronze/GOOGL/1772076589.json -> D:\ADF_folder\real-time-stocks-mds\data\s3_downloads/GOOGL_1772076589.json
[2026-03-01T05:56:18.912+0000] {logging_mixin.py:188} INFO - Downloaded bronze/GOOGL/1772076622.json -> D:\ADF_folder\real-time-stocks-mds\data\s3_downloads/GOOGL_1772076622.json
[2026-03-01T05:56:19.302+0000] {logging_mixin.py:188} INFO - Downloaded bronze/GOOGL/1772076655.json -> D:\ADF_folder\real-time-stocks-mds\data\s3_downloads/GOOGL_1772076655.json
[2026-03-01T05:56:19.691+0000] {logging_mixin.py:188} INFO - Downloaded bronze/GOOGL/1772076687.json -> D:\ADF_folder\real-time-stocks-mds\data\s3_downloads/GOOGL_1772076687.json
[2026-03-01T05:56:20.075+0000] {logging_mixin.py:188} INFO - Downloaded bronze/GOOGL/1772076720.json -> D:\ADF_folder\real-time-stocks-mds\data\s3_downloads/GOOGL_1772076720.json
[2026-03-01T05:56:20.464+0000] {logging_mixin.py:188} INFO - Downloaded bronze/GOOGL/1772076754.json -> D:\ADF_folder\real-time-stocks-mds\data\s3_downloads/GOOGL_1772076754.json
[2026-03-01T05:56:20.846+0000] {logging_mixin.py:188} INFO - Downloaded bronze/GOOGL/1772076787.json -> D:\ADF_folder\real-time-stocks-mds\data\s3_downloads/GOOGL_1772076787.json
[2026-03-01T05:56:21.230+0000] {logging_mixin.py:188} INFO - Downloaded bronze/GOOGL/1772076820.json -> D:\ADF_folder\real-time-stocks-mds\data\s3_downloads/GOOGL_1772076820.json
[2026-03-01T05:56:20.187+0000] {logging_mixin.py:188} INFO - Downloaded bronze/GOOGL/1772076853.json -> D:\ADF_folder\real-time-stocks-mds\data\s3_downloads/GOOGL_1772076853.json
[2026-03-01T05:56:20.581+0000] {logging_mixin.py:188} INFO - Downloaded bronze/GOOGL/1772076886.json -> D:\ADF_folder\real-time-stocks-mds\data\s3_downloads/GOOGL_1772076886.json
[2026-03-01T05:56:20.971+0000] {logging_mixin.py:188} INFO - Downloaded bronze/GOOGL/1772076919.json -> D:\ADF_folder\real-time-stocks-mds\data\s3_downloads/GOOGL_1772076919.json
[2026-03-01T05:56:21.357+0000] {logging_mixin.py:188} INFO - Downloaded bronze/GOOGL/1772076952.json -> D:\ADF_folder\real-time-stocks-mds\data\s3_downloads/GOOGL_1772076952.json
[2026-03-01T05:56:21.741+0000] {logging_mixin.py:188} INFO - Downloaded bronze/GOOGL/1772076985.json -> D:\ADF_folder\real-time-stocks-mds\data\s3_downloads/GOOGL_1772076985.json
[2026-03-01T05:56:22.135+0000] {logging_mixin.py:188} INFO - Downloaded bronze/GOOGL/1772077018.json -> D:\ADF_folder\real-time-stocks-mds\data\s3_downloads/GOOGL_1772077018.json
[2026-03-01T05:56:22.529+0000] {logging_mixin.py:188} INFO - Downloaded bronze/GOOGL/1772077051.json -> D:\ADF_folder\real-time-stocks-mds\data\s3_downloads/GOOGL_1772077051.json
[2026-03-01T05:56:22.920+0000] {logging_mixin.py:188} INFO - Downloaded bronze/GOOGL/1772077084.json -> D:\ADF_folder\real-time-stocks-mds\data\s3_downloads/GOOGL_1772077084.json
[2026-03-01T05:56:23.306+0000] {logging_mixin.py:188} INFO - Downloaded bronze/GOOGL/1772077117.json -> D:\ADF_folder\real-time-stocks-mds\data\s3_downloads/GOOGL_1772077117.json
[2026-03-01T05:56:23.687+0000] {logging_mixin.py:188} INFO - Downloaded bronze/GOOGL/1772077150.json -> D:\ADF_folder\real-time-stocks-mds\data\s3_downloads/GOOGL_1772077150.json
[2026-03-01T05:56:24.080+0000] {logging_mixin.py:188} INFO - Downloaded bronze/GOOGL/1772077183.json -> D:\ADF_folder\real-time-stocks-mds\data\s3_downloads/GOOGL_1772077183.json
[2026-03-01T05:56:24.467+0000] {logging_mixin.py:188} INFO - Downloaded bronze/GOOGL/1772077216.json -> D:\ADF_folder\real-time-stocks-mds\data\s3_downloads/GOOGL_1772077216.json
[2026-03-01T05:56:24.859+0000] {logging_mixin.py:188} INFO - Downloaded bronze/GOOGL/1772077249.json -> D:\ADF_folder\real-time-stocks-mds\data\s3_downloads/GOOGL_1772077249.json
[2026-03-01T05:56:25.242+0000] {logging_mixin.py:188} INFO - Downloaded bronze/GOOGL/1772077282.json -> D:\ADF_folder\real-time-stocks-mds\data\s3_downloads/GOOGL_1772077282.json
[2026-03-01T05:56:25.640+0000] {logging_mixin.py:188} INFO - Downloaded bronze/GOOGL/1772077315.json -> D:\ADF_folder\real-time-stocks-mds\data\s3_downloads/GOOGL_1772077315.json
[2026-03-01T05:56:26.030+0000] {logging_mixin.py:188} INFO - Downloaded bronze/GOOGL/1772077349.json -> D:\ADF_folder\real-time-stocks-mds\data\s3_downloads/GOOGL_1772077349.json
[2026-03-01T05:56:26.418+0000] {logging_mixin.py:188} INFO - Downloaded bronze/GOOGL/1772077382.json -> D:\ADF_folder\real-time-stocks-mds\data\s3_downloads/GOOGL_1772077382.json
[2026-03-01T05:56:26.799+0000] {logging_mixin.py:188} INFO - Downloaded bronze/GOOGL/1772077415.json -> D:\ADF_folder\real-time-stocks-mds\data\s3_downloads/GOOGL_1772077415.json
[2026-03-01T05:56:27.183+0000] {logging_mixin.py:188} INFO - Downloaded bronze/GOOGL/1772077448.json -> D:\ADF_folder\real-time-stocks-mds\data\s3_downloads/GOOGL_1772077448.json
[2026-03-01T05:56:27.566+0000] {logging_mixin.py:188} INFO - Downloaded bronze/GOOGL/1772077481.json -> D:\ADF_folder\real-time-stocks-mds\data\s3_downloads/GOOGL_1772077481.json
[2026-03-01T05:56:28.429+0000] {logging_mixin.py:188} INFO - Downloaded bronze/GOOGL/1772077513.json -> D:\ADF_folder\real-time-stocks-mds\data\s3_downloads/GOOGL_1772077513.json
[2026-03-01T05:56:28.837+0000] {logging_mixin.py:188} INFO - Downloaded bronze/GOOGL/1772077546.json -> D:\ADF_folder\real-time-stocks-mds\data\s3_downloads/GOOGL_1772077546.json
[2026-03-01T05:56:29.249+0000] {logging_mixin.py:188} INFO - Downloaded bronze/GOOGL/1772077579.json -> D:\ADF_folder\real-time-stocks-mds\data\s3_downloads/GOOGL_1772077579.json
[2026-03-01T05:56:29.647+0000] {logging_mixin.py:188} INFO - Downloaded bronze/GOOGL/1772077612.json -> D:\ADF_folder\real-time-stocks-mds\data\s3_downloads/GOOGL_1772077612.json
[2026-03-01T05:56:30.040+0000] {logging_mixin.py:188} INFO - Downloaded bronze/GOOGL/1772077645.json -> D:\ADF_folder\real-time-stocks-mds\data\s3_downloads/GOOGL_1772077645.json
[2026-03-01T05:56:30.425+0000] {logging_mixin.py:188} INFO - Downloaded bronze/GOOGL/1772077678.json -> D:\ADF_folder\real-time-stocks-mds\data\s3_downloads/GOOGL_1772077678.json
[2026-03-01T05:56:30.824+0000] {logging_mixin.py:188} INFO - Downloaded bronze/GOOGL/1772077711.json -> D:\ADF_folder\real-time-stocks-mds\data\s3_downloads/GOOGL_1772077711.json
[2026-03-01T05:56:31.223+0000] {logging_mixin.py:188} INFO - Downloaded bronze/GOOGL/1772077744.json -> D:\ADF_folder\real-time-stocks-mds\data\s3_downloads/GOOGL_1772077744.json
[2026-03-01T05:56:31.616+0000] {logging_mixin.py:188} INFO - Downloaded bronze/GOOGL/1772077777.json -> D:\ADF_folder\real-time-stocks-mds\data\s3_downloads/GOOGL_1772077777.json
[2026-03-01T05:56:32.003+0000] {logging_mixin.py:188} INFO - Downloaded bronze/GOOGL/1772077810.json -> D:\ADF_folder\real-time-stocks-mds\data\s3_downloads/GOOGL_1772077810.json
[2026-03-01T05:56:32.398+0000] {logging_mixin.py:188} INFO - Downloaded bronze/GOOGL/1772077842.json -> D:\ADF_folder\real-time-stocks-mds\data\s3_downloads/GOOGL_1772077842.json
[2026-03-01T05:56:32.785+0000] {logging_mixin.py:188} INFO - Downloaded bronze/GOOGL/1772077875.json -> D:\ADF_folder\real-time-stocks-mds\data\s3_downloads/GOOGL_1772077875.json
[2026-03-01T05:56:33.177+0000] {logging_mixin.py:188} INFO - Downloaded bronze/GOOGL/1772077908.json -> D:\ADF_folder\real-time-stocks-mds\data\s3_downloads/GOOGL_1772077908.json
[2026-03-01T05:56:33.567+0000] {logging_mixin.py:188} INFO - Downloaded bronze/GOOGL/1772077941.json -> D:\ADF_folder\real-time-stocks-mds\data\s3_downloads/GOOGL_1772077941.json
[2026-03-01T05:56:33.965+0000] {logging_mixin.py:188} INFO - Downloaded bronze/GOOGL/1772077974.json -> D:\ADF_folder\real-time-stocks-mds\data\s3_downloads/GOOGL_1772077974.json
[2026-03-01T05:56:34.366+0000] {logging_mixin.py:188} INFO - Downloaded bronze/GOOGL/1772078006.json -> D:\ADF_folder\real-time-stocks-mds\data\s3_downloads/GOOGL_1772078006.json
[2026-03-01T05:56:34.756+0000] {logging_mixin.py:188} INFO - Downloaded bronze/GOOGL/1772078039.json -> D:\ADF_folder\real-time-stocks-mds\data\s3_downloads/GOOGL_1772078039.json
[2026-03-01T05:56:35.167+0000] {logging_mixin.py:188} INFO - Downloaded bronze/GOOGL/1772078072.json -> D:\ADF_folder\real-time-stocks-mds\data\s3_downloads/GOOGL_1772078072.json
[2026-03-01T05:56:35.554+0000] {logging_mixin.py:188} INFO - Downloaded bronze/GOOGL/1772078105.json -> D:\ADF_folder\real-time-stocks-mds\data\s3_downloads/GOOGL_1772078105.json
[2026-03-01T05:56:35.940+0000] {logging_mixin.py:188} INFO - Downloaded bronze/GOOGL/1772078138.json -> D:\ADF_folder\real-time-stocks-mds\data\s3_downloads/GOOGL_1772078138.json
[2026-03-01T05:56:36.325+0000] {logging_mixin.py:188} INFO - Downloaded bronze/GOOGL/1772078171.json -> D:\ADF_folder\real-time-stocks-mds\data\s3_downloads/GOOGL_1772078171.json
[2026-03-01T05:56:36.710+0000] {logging_mixin.py:188} INFO - Downloaded bronze/GOOGL/1772078204.json -> D:\ADF_folder\real-time-stocks-mds\data\s3_downloads/GOOGL_1772078204.json
[2026-03-01T05:56:37.103+0000] {logging_mixin.py:188} INFO - Downloaded bronze/GOOGL/1772078237.json -> D:\ADF_folder\real-time-stocks-mds\data\s3_downloads/GOOGL_1772078237.json
[2026-03-01T05:56:37.497+0000] {logging_mixin.py:188} INFO - Downloaded bronze/GOOGL/1772078270.json -> D:\ADF_folder\real-time-stocks-mds\data\s3_downloads/GOOGL_1772078270.json
[2026-03-01T05:56:37.890+0000] {logging_mixin.py:188} INFO - Downloaded bronze/GOOGL/1772078303.json -> D:\ADF_folder\real-time-stocks-mds\data\s3_downloads/GOOGL_1772078303.json
[2026-03-01T05:56:38.277+0000] {logging_mixin.py:188} INFO - Downloaded bronze/GOOGL/1772078336.json -> D:\ADF_folder\real-time-stocks-mds\data\s3_downloads/GOOGL_1772078336.json
[2026-03-01T05:56:38.672+0000] {logging_mixin.py:188} INFO - Downloaded bronze/GOOGL/1772078369.json -> D:\ADF_folder\real-time-stocks-mds\data\s3_downloads/GOOGL_1772078369.json
[2026-03-01T05:56:39.094+0000] {logging_mixin.py:188} INFO - Downloaded bronze/GOOGL/1772078402.json -> D:\ADF_folder\real-time-stocks-mds\data\s3_downloads/GOOGL_1772078402.json
[2026-03-01T05:56:39.492+0000] {logging_mixin.py:188} INFO - Downloaded bronze/GOOGL/1772078435.json -> D:\ADF_folder\real-time-stocks-mds\data\s3_downloads/GOOGL_1772078435.json
[2026-03-01T05:56:39.894+0000] {logging_mixin.py:188} INFO - Downloaded bronze/GOOGL/1772078468.json -> D:\ADF_folder\real-time-stocks-mds\data\s3_downloads/GOOGL_1772078468.json
[2026-03-01T05:56:40.283+0000] {logging_mixin.py:188} INFO - Downloaded bronze/GOOGL/1772078502.json -> D:\ADF_folder\real-time-stocks-mds\data\s3_downloads/GOOGL_1772078502.json
[2026-03-01T05:56:40.676+0000] {logging_mixin.py:188} INFO - Downloaded bronze/GOOGL/1772078535.json -> D:\ADF_folder\real-time-stocks-mds\data\s3_downloads/GOOGL_1772078535.json
[2026-03-01T05:56:41.064+0000] {logging_mixin.py:188} INFO - Downloaded bronze/GOOGL/1772078568.json -> D:\ADF_folder\real-time-stocks-mds\data\s3_downloads/GOOGL_1772078568.json
[2026-03-01T05:56:41.459+0000] {logging_mixin.py:188} INFO - Downloaded bronze/GOOGL/1772078601.json -> D:\ADF_folder\real-time-stocks-mds\data\s3_downloads/GOOGL_1772078601.json
[2026-03-01T05:56:41.850+0000] {logging_mixin.py:188} INFO - Downloaded bronze/GOOGL/1772078635.json -> D:\ADF_folder\real-time-stocks-mds\data\s3_downloads/GOOGL_1772078635.json
[2026-03-01T05:56:42.242+0000] {logging_mixin.py:188} INFO - Downloaded bronze/GOOGL/1772078667.json -> D:\ADF_folder\real-time-stocks-mds\data\s3_downloads/GOOGL_1772078667.json
[2026-03-01T05:56:42.630+0000] {logging_mixin.py:188} INFO - Downloaded bronze/GOOGL/1772078700.json -> D:\ADF_folder\real-time-stocks-mds\data\s3_downloads/GOOGL_1772078700.json
[2026-03-01T05:56:43.021+0000] {logging_mixin.py:188} INFO - Downloaded bronze/GOOGL/1772078733.json -> D:\ADF_folder\real-time-stocks-mds\data\s3_downloads/GOOGL_1772078733.json
[2026-03-01T05:56:43.408+0000] {logging_mixin.py:188} INFO - Downloaded bronze/GOOGL/1772078766.json -> D:\ADF_folder\real-time-stocks-mds\data\s3_downloads/GOOGL_1772078766.json
[2026-03-01T05:56:43.800+0000] {logging_mixin.py:188} INFO - Downloaded bronze/GOOGL/1772078799.json -> D:\ADF_folder\real-time-stocks-mds\data\s3_downloads/GOOGL_1772078799.json
[2026-03-01T05:56:44.190+0000] {logging_mixin.py:188} INFO - Downloaded bronze/GOOGL/1772078832.json -> D:\ADF_folder\real-time-stocks-mds\data\s3_downloads/GOOGL_1772078832.json
[2026-03-01T05:56:44.570+0000] {logging_mixin.py:188} INFO - Downloaded bronze/GOOGL/1772078865.json -> D:\ADF_folder\real-time-stocks-mds\data\s3_downloads/GOOGL_1772078865.json
[2026-03-01T05:56:44.959+0000] {logging_mixin.py:188} INFO - Downloaded bronze/GOOGL/1772078898.json -> D:\ADF_folder\real-time-stocks-mds\data\s3_downloads/GOOGL_1772078898.json
[2026-03-01T05:56:45.348+0000] {logging_mixin.py:188} INFO - Downloaded bronze/GOOGL/1772078931.json -> D:\ADF_folder\real-time-stocks-mds\data\s3_downloads/GOOGL_1772078931.json
[2026-03-01T05:56:45.739+0000] {logging_mixin.py:188} INFO - Downloaded bronze/GOOGL/1772078964.json -> D:\ADF_folder\real-time-stocks-mds\data\s3_downloads/GOOGL_1772078964.json
[2026-03-01T05:56:46.131+0000] {logging_mixin.py:188} INFO - Downloaded bronze/GOOGL/1772078997.json -> D:\ADF_folder\real-time-stocks-mds\data\s3_downloads/GOOGL_1772078997.json
[2026-03-01T05:56:46.519+0000] {logging_mixin.py:188} INFO - Downloaded bronze/GOOGL/1772079030.json -> D:\ADF_folder\real-time-stocks-mds\data\s3_downloads/GOOGL_1772079030.json
[2026-03-01T05:56:46.905+0000] {logging_mixin.py:188} INFO - Downloaded bronze/GOOGL/1772079064.json -> D:\ADF_folder\real-time-stocks-mds\data\s3_downloads/GOOGL_1772079064.json
[2026-03-01T05:56:47.296+0000] {logging_mixin.py:188} INFO - Downloaded bronze/GOOGL/1772079097.json -> D:\ADF_folder\real-time-stocks-mds\data\s3_downloads/GOOGL_1772079097.json
[2026-03-01T05:56:47.686+0000] {logging_mixin.py:188} INFO - Downloaded bronze/GOOGL/1772079130.json -> D:\ADF_folder\real-time-stocks-mds\data\s3_downloads/GOOGL_1772079130.json
[2026-03-01T05:56:48.592+0000] {logging_mixin.py:188} INFO - Downloaded bronze/GOOGL/1772079163.json -> D:\ADF_folder\real-time-stocks-mds\data\s3_downloads/GOOGL_1772079163.json
[2026-03-01T05:56:48.978+0000] {logging_mixin.py:188} INFO - Downloaded bronze/GOOGL/1772079196.json -> D:\ADF_folder\real-time-stocks-mds\data\s3_downloads/GOOGL_1772079196.json
[2026-03-01T05:56:49.367+0000] {logging_mixin.py:188} INFO - Downloaded bronze/GOOGL/1772079229.json -> D:\ADF_folder\real-time-stocks-mds\data\s3_downloads/GOOGL_1772079229.json
[2026-03-01T05:56:49.755+0000] {logging_mixin.py:188} INFO - Downloaded bronze/GOOGL/1772079262.json -> D:\ADF_folder\real-time-stocks-mds\data\s3_downloads/GOOGL_1772079262.json
[2026-03-01T05:56:48.668+0000] {logging_mixin.py:188} INFO - Downloaded bronze/GOOGL/1772079295.json -> D:\ADF_folder\real-time-stocks-mds\data\s3_downloads/GOOGL_1772079295.json
[2026-03-01T05:56:48.669+0000] {logging_mixin.py:188} INFO - 
Processing prefix: bronze/AMZN/
[2026-03-01T05:56:49.501+0000] {logging_mixin.py:188} INFO - Downloaded bronze/AMZN/1771463619.json -> D:\ADF_folder\real-time-stocks-mds\data\s3_downloads/AMZN_1771463619.json
[2026-03-01T05:56:49.890+0000] {logging_mixin.py:188} INFO - Downloaded bronze/AMZN/1771463651.json -> D:\ADF_folder\real-time-stocks-mds\data\s3_downloads/AMZN_1771463651.json
[2026-03-01T05:56:50.278+0000] {logging_mixin.py:188} INFO - Downloaded bronze/AMZN/1771463684.json -> D:\ADF_folder\real-time-stocks-mds\data\s3_downloads/AMZN_1771463684.json
[2026-03-01T05:56:50.665+0000] {logging_mixin.py:188} INFO - Downloaded bronze/AMZN/1771463718.json -> D:\ADF_folder\real-time-stocks-mds\data\s3_downloads/AMZN_1771463718.json
[2026-03-01T05:56:51.049+0000] {logging_mixin.py:188} INFO - Downloaded bronze/AMZN/1771463750.json -> D:\ADF_folder\real-time-stocks-mds\data\s3_downloads/AMZN_1771463750.json
[2026-03-01T05:56:51.434+0000] {logging_mixin.py:188} INFO - Downloaded bronze/AMZN/1771463783.json -> D:\ADF_folder\real-time-stocks-mds\data\s3_downloads/AMZN_1771463783.json
[2026-03-01T05:56:51.817+0000] {logging_mixin.py:188} INFO - Downloaded bronze/AMZN/1771463816.json -> D:\ADF_folder\real-time-stocks-mds\data\s3_downloads/AMZN_1771463816.json
[2026-03-01T05:56:52.194+0000] {logging_mixin.py:188} INFO - Downloaded bronze/AMZN/1771463849.json -> D:\ADF_folder\real-time-stocks-mds\data\s3_downloads/AMZN_1771463849.json
[2026-03-01T05:56:52.580+0000] {logging_mixin.py:188} INFO - Downloaded bronze/AMZN/1771463882.json -> D:\ADF_folder\real-time-stocks-mds\data\s3_downloads/AMZN_1771463882.json
[2026-03-01T05:56:52.965+0000] {logging_mixin.py:188} INFO - Downloaded bronze/AMZN/1771463916.json -> D:\ADF_folder\real-time-stocks-mds\data\s3_downloads/AMZN_1771463916.json
[2026-03-01T05:56:53.353+0000] {logging_mixin.py:188} INFO - Downloaded bronze/AMZN/1771463949.json -> D:\ADF_folder\real-time-stocks-mds\data\s3_downloads/AMZN_1771463949.json
[2026-03-01T05:56:53.738+0000] {logging_mixin.py:188} INFO - Downloaded bronze/AMZN/1771463982.json -> D:\ADF_folder\real-time-stocks-mds\data\s3_downloads/AMZN_1771463982.json
[2026-03-01T05:56:54.138+0000] {logging_mixin.py:188} INFO - Downloaded bronze/AMZN/1771464015.json -> D:\ADF_folder\real-time-stocks-mds\data\s3_downloads/AMZN_1771464015.json
[2026-03-01T05:56:54.526+0000] {logging_mixin.py:188} INFO - Downloaded bronze/AMZN/1771464048.json -> D:\ADF_folder\real-time-stocks-mds\data\s3_downloads/AMZN_1771464048.json
[2026-03-01T05:56:54.916+0000] {logging_mixin.py:188} INFO - Downloaded bronze/AMZN/1771464082.json -> D:\ADF_folder\real-time-stocks-mds\data\s3_downloads/AMZN_1771464082.json
[2026-03-01T05:56:55.316+0000] {logging_mixin.py:188} INFO - Downloaded bronze/AMZN/1771464115.json -> D:\ADF_folder\real-time-stocks-mds\data\s3_downloads/AMZN_1771464115.json
[2026-03-01T05:56:55.709+0000] {logging_mixin.py:188} INFO - Downloaded bronze/AMZN/1771464148.json -> D:\ADF_folder\real-time-stocks-mds\data\s3_downloads/AMZN_1771464148.json
[2026-03-01T05:56:56.102+0000] {logging_mixin.py:188} INFO - Downloaded bronze/AMZN/1771464181.json -> D:\ADF_folder\real-time-stocks-mds\data\s3_downloads/AMZN_1771464181.json
[2026-03-01T05:56:56.493+0000] {logging_mixin.py:188} INFO - Downloaded bronze/AMZN/1771464213.json -> D:\ADF_folder\real-time-stocks-mds\data\s3_downloads/AMZN_1771464213.json
[2026-03-01T05:56:56.879+0000] {logging_mixin.py:188} INFO - Downloaded bronze/AMZN/1771464247.json -> D:\ADF_folder\real-time-stocks-mds\data\s3_downloads/AMZN_1771464247.json
[2026-03-01T05:56:57.267+0000] {logging_mixin.py:188} INFO - Downloaded bronze/AMZN/1771464280.json -> D:\ADF_folder\real-time-stocks-mds\data\s3_downloads/AMZN_1771464280.json
[2026-03-01T05:56:57.652+0000] {logging_mixin.py:188} INFO - Downloaded bronze/AMZN/1771464313.json -> D:\ADF_folder\real-time-stocks-mds\data\s3_downloads/AMZN_1771464313.json
[2026-03-01T05:56:58.040+0000] {logging_mixin.py:188} INFO - Downloaded bronze/AMZN/1771465245.json -> D:\ADF_folder\real-time-stocks-mds\data\s3_downloads/AMZN_1771465245.json
[2026-03-01T05:56:58.422+0000] {logging_mixin.py:188} INFO - Downloaded bronze/AMZN/1771465279.json -> D:\ADF_folder\real-time-stocks-mds\data\s3_downloads/AMZN_1771465279.json
[2026-03-01T05:56:58.815+0000] {logging_mixin.py:188} INFO - Downloaded bronze/AMZN/1771465312.json -> D:\ADF_folder\real-time-stocks-mds\data\s3_downloads/AMZN_1771465312.json
[2026-03-01T05:56:59.209+0000] {logging_mixin.py:188} INFO - Downloaded bronze/AMZN/1771465344.json -> D:\ADF_folder\real-time-stocks-mds\data\s3_downloads/AMZN_1771465344.json
[2026-03-01T05:56:59.599+0000] {logging_mixin.py:188} INFO - Downloaded bronze/AMZN/1771465378.json -> D:\ADF_folder\real-time-stocks-mds\data\s3_downloads/AMZN_1771465378.json
[2026-03-01T05:56:59.986+0000] {logging_mixin.py:188} INFO - Downloaded bronze/AMZN/1771465411.json -> D:\ADF_folder\real-time-stocks-mds\data\s3_downloads/AMZN_1771465411.json
[2026-03-01T05:57:00.379+0000] {logging_mixin.py:188} INFO - Downloaded bronze/AMZN/1771465443.json -> D:\ADF_folder\real-time-stocks-mds\data\s3_downloads/AMZN_1771465443.json
[2026-03-01T05:57:00.767+0000] {logging_mixin.py:188} INFO - Downloaded bronze/AMZN/1771465477.json -> D:\ADF_folder\real-time-stocks-mds\data\s3_downloads/AMZN_1771465477.json
[2026-03-01T05:57:01.158+0000] {logging_mixin.py:188} INFO - Downloaded bronze/AMZN/1771465510.json -> D:\ADF_folder\real-time-stocks-mds\data\s3_downloads/AMZN_1771465510.json
[2026-03-01T05:57:01.543+0000] {logging_mixin.py:188} INFO - Downloaded bronze/AMZN/1771465543.json -> D:\ADF_folder\real-time-stocks-mds\data\s3_downloads/AMZN_1771465543.json
[2026-03-01T05:57:01.933+0000] {logging_mixin.py:188} INFO - Downloaded bronze/AMZN/1771465576.json -> D:\ADF_folder\real-time-stocks-mds\data\s3_downloads/AMZN_1771465576.json
[2026-03-01T05:57:02.316+0000] {logging_mixin.py:188} INFO - Downloaded bronze/AMZN/1772074557.json -> D:\ADF_folder\real-time-stocks-mds\data\s3_downloads/AMZN_1772074557.json
[2026-03-01T05:57:02.700+0000] {logging_mixin.py:188} INFO - Downloaded bronze/AMZN/1772074590.json -> D:\ADF_folder\real-time-stocks-mds\data\s3_downloads/AMZN_1772074590.json
[2026-03-01T05:57:03.090+0000] {logging_mixin.py:188} INFO - Downloaded bronze/AMZN/1772074622.json -> D:\ADF_folder\real-time-stocks-mds\data\s3_downloads/AMZN_1772074622.json
[2026-03-01T05:57:03.482+0000] {logging_mixin.py:188} INFO - Downloaded bronze/AMZN/1772074655.json -> D:\ADF_folder\real-time-stocks-mds\data\s3_downloads/AMZN_1772074655.json
[2026-03-01T05:57:03.874+0000] {logging_mixin.py:188} INFO - Downloaded bronze/AMZN/1772074689.json -> D:\ADF_folder\real-time-stocks-mds\data\s3_downloads/AMZN_1772074689.json
[2026-03-01T05:57:04.277+0000] {logging_mixin.py:188} INFO - Downloaded bronze/AMZN/1772074722.json -> D:\ADF_folder\real-time-stocks-mds\data\s3_downloads/AMZN_1772074722.json
[2026-03-01T05:57:04.666+0000] {logging_mixin.py:188} INFO - Downloaded bronze/AMZN/1772074755.json -> D:\ADF_folder\real-time-stocks-mds\data\s3_downloads/AMZN_1772074755.json
[2026-03-01T05:57:05.057+0000] {logging_mixin.py:188} INFO - Downloaded bronze/AMZN/1772074788.json -> D:\ADF_folder\real-time-stocks-mds\data\s3_downloads/AMZN_1772074788.json
[2026-03-01T05:57:05.430+0000] {logging_mixin.py:188} INFO - Downloaded bronze/AMZN/1772074822.json -> D:\ADF_folder\real-time-stocks-mds\data\s3_downloads/AMZN_1772074822.json
[2026-03-01T05:57:05.825+0000] {logging_mixin.py:188} INFO - Downloaded bronze/AMZN/1772074855.json -> D:\ADF_folder\real-time-stocks-mds\data\s3_downloads/AMZN_1772074855.json
[2026-03-01T05:57:06.210+0000] {logging_mixin.py:188} INFO - Downloaded bronze/AMZN/1772074887.json -> D:\ADF_folder\real-time-stocks-mds\data\s3_downloads/AMZN_1772074887.json
[2026-03-01T05:57:07.051+0000] {logging_mixin.py:188} INFO - Downloaded bronze/AMZN/1772074921.json -> D:\ADF_folder\real-time-stocks-mds\data\s3_downloads/AMZN_1772074921.json
[2026-03-01T05:57:07.454+0000] {logging_mixin.py:188} INFO - Downloaded bronze/AMZN/1772074954.json -> D:\ADF_folder\real-time-stocks-mds\data\s3_downloads/AMZN_1772074954.json
[2026-03-01T05:57:07.837+0000] {logging_mixin.py:188} INFO - Downloaded bronze/AMZN/1772074986.json -> D:\ADF_folder\real-time-stocks-mds\data\s3_downloads/AMZN_1772074986.json
[2026-03-01T05:57:08.215+0000] {logging_mixin.py:188} INFO - Downloaded bronze/AMZN/1772075020.json -> D:\ADF_folder\real-time-stocks-mds\data\s3_downloads/AMZN_1772075020.json
[2026-03-01T05:57:08.598+0000] {logging_mixin.py:188} INFO - Downloaded bronze/AMZN/1772075052.json -> D:\ADF_folder\real-time-stocks-mds\data\s3_downloads/AMZN_1772075052.json
[2026-03-01T05:57:08.989+0000] {logging_mixin.py:188} INFO - Downloaded bronze/AMZN/1772075086.json -> D:\ADF_folder\real-time-stocks-mds\data\s3_downloads/AMZN_1772075086.json
[2026-03-01T05:57:09.384+0000] {logging_mixin.py:188} INFO - Downloaded bronze/AMZN/1772075119.json -> D:\ADF_folder\real-time-stocks-mds\data\s3_downloads/AMZN_1772075119.json
[2026-03-01T05:57:09.774+0000] {logging_mixin.py:188} INFO - Downloaded bronze/AMZN/1772075152.json -> D:\ADF_folder\real-time-stocks-mds\data\s3_downloads/AMZN_1772075152.json
[2026-03-01T05:57:10.368+0000] {logging_mixin.py:188} INFO - Downloaded bronze/AMZN/1772075184.json -> D:\ADF_folder\real-time-stocks-mds\data\s3_downloads/AMZN_1772075184.json
[2026-03-01T05:57:10.885+0000] {logging_mixin.py:188} INFO - Downloaded bronze/AMZN/1772075217.json -> D:\ADF_folder\real-time-stocks-mds\data\s3_downloads/AMZN_1772075217.json
[2026-03-01T05:57:11.400+0000] {logging_mixin.py:188} INFO - Downloaded bronze/AMZN/1772075250.json -> D:\ADF_folder\real-time-stocks-mds\data\s3_downloads/AMZN_1772075250.json
[2026-03-01T05:57:11.818+0000] {logging_mixin.py:188} INFO - Downloaded bronze/AMZN/1772075283.json -> D:\ADF_folder\real-time-stocks-mds\data\s3_downloads/AMZN_1772075283.json
[2026-03-01T05:57:12.227+0000] {logging_mixin.py:188} INFO - Downloaded bronze/AMZN/1772075316.json -> D:\ADF_folder\real-time-stocks-mds\data\s3_downloads/AMZN_1772075316.json
[2026-03-01T05:57:12.618+0000] {logging_mixin.py:188} INFO - Downloaded bronze/AMZN/1772075349.json -> D:\ADF_folder\real-time-stocks-mds\data\s3_downloads/AMZN_1772075349.json
[2026-03-01T05:57:13.001+0000] {logging_mixin.py:188} INFO - Downloaded bronze/AMZN/1772075382.json -> D:\ADF_folder\real-time-stocks-mds\data\s3_downloads/AMZN_1772075382.json
[2026-03-01T05:57:13.383+0000] {logging_mixin.py:188} INFO - Downloaded bronze/AMZN/1772075415.json -> D:\ADF_folder\real-time-stocks-mds\data\s3_downloads/AMZN_1772075415.json
[2026-03-01T05:57:13.758+0000] {logging_mixin.py:188} INFO - Downloaded bronze/AMZN/1772075448.json -> D:\ADF_folder\real-time-stocks-mds\data\s3_downloads/AMZN_1772075448.json
[2026-03-01T05:57:14.146+0000] {logging_mixin.py:188} INFO - Downloaded bronze/AMZN/1772075481.json -> D:\ADF_folder\real-time-stocks-mds\data\s3_downloads/AMZN_1772075481.json
[2026-03-01T05:57:14.526+0000] {logging_mixin.py:188} INFO - Downloaded bronze/AMZN/1772075513.json -> D:\ADF_folder\real-time-stocks-mds\data\s3_downloads/AMZN_1772075513.json
[2026-03-01T05:57:14.961+0000] {logging_mixin.py:188} INFO - Downloaded bronze/AMZN/1772075546.json -> D:\ADF_folder\real-time-stocks-mds\data\s3_downloads/AMZN_1772075546.json
[2026-03-01T05:57:15.471+0000] {logging_mixin.py:188} INFO - Downloaded bronze/AMZN/1772075579.json -> D:\ADF_folder\real-time-stocks-mds\data\s3_downloads/AMZN_1772075579.json
[2026-03-01T05:57:15.891+0000] {logging_mixin.py:188} INFO - Downloaded bronze/AMZN/1772075614.json -> D:\ADF_folder\real-time-stocks-mds\data\s3_downloads/AMZN_1772075614.json
[2026-03-01T05:57:16.319+0000] {logging_mixin.py:188} INFO - Downloaded bronze/AMZN/1772075647.json -> D:\ADF_folder\real-time-stocks-mds\data\s3_downloads/AMZN_1772075647.json
[2026-03-01T05:57:16.706+0000] {logging_mixin.py:188} INFO - Downloaded bronze/AMZN/1772075680.json -> D:\ADF_folder\real-time-stocks-mds\data\s3_downloads/AMZN_1772075680.json
[2026-03-01T05:57:17.084+0000] {logging_mixin.py:188} INFO - Downloaded bronze/AMZN/1772075712.json -> D:\ADF_folder\real-time-stocks-mds\data\s3_downloads/AMZN_1772075712.json
[2026-03-01T05:57:17.466+0000] {logging_mixin.py:188} INFO - Downloaded bronze/AMZN/1772075745.json -> D:\ADF_folder\real-time-stocks-mds\data\s3_downloads/AMZN_1772075745.json
[2026-03-01T05:57:17.852+0000] {logging_mixin.py:188} INFO - Downloaded bronze/AMZN/1772075778.json -> D:\ADF_folder\real-time-stocks-mds\data\s3_downloads/AMZN_1772075778.json
[2026-03-01T05:57:18.237+0000] {logging_mixin.py:188} INFO - Downloaded bronze/AMZN/1772075811.json -> D:\ADF_folder\real-time-stocks-mds\data\s3_downloads/AMZN_1772075811.json
[2026-03-01T05:57:17.177+0000] {logging_mixin.py:188} INFO - Downloaded bronze/AMZN/1772075844.json -> D:\ADF_folder\real-time-stocks-mds\data\s3_downloads/AMZN_1772075844.json
[2026-03-01T05:57:17.557+0000] {logging_mixin.py:188} INFO - Downloaded bronze/AMZN/1772075877.json -> D:\ADF_folder\real-time-stocks-mds\data\s3_downloads/AMZN_1772075877.json
[2026-03-01T05:57:17.949+0000] {logging_mixin.py:188} INFO - Downloaded bronze/AMZN/1772075910.json -> D:\ADF_folder\real-time-stocks-mds\data\s3_downloads/AMZN_1772075910.json
[2026-03-01T05:57:18.336+0000] {logging_mixin.py:188} INFO - Downloaded bronze/AMZN/1772075943.json -> D:\ADF_folder\real-time-stocks-mds\data\s3_downloads/AMZN_1772075943.json
[2026-03-01T05:57:18.724+0000] {logging_mixin.py:188} INFO - Downloaded bronze/AMZN/1772075975.json -> D:\ADF_folder\real-time-stocks-mds\data\s3_downloads/AMZN_1772075975.json
[2026-03-01T05:57:19.110+0000] {logging_mixin.py:188} INFO - Downloaded bronze/AMZN/1772076008.json -> D:\ADF_folder\real-time-stocks-mds\data\s3_downloads/AMZN_1772076008.json
[2026-03-01T05:57:19.489+0000] {logging_mixin.py:188} INFO - Downloaded bronze/AMZN/1772076041.json -> D:\ADF_folder\real-time-stocks-mds\data\s3_downloads/AMZN_1772076041.json
[2026-03-01T05:57:19.878+0000] {logging_mixin.py:188} INFO - Downloaded bronze/AMZN/1772076075.json -> D:\ADF_folder\real-time-stocks-mds\data\s3_downloads/AMZN_1772076075.json
[2026-03-01T05:57:20.265+0000] {logging_mixin.py:188} INFO - Downloaded bronze/AMZN/1772076108.json -> D:\ADF_folder\real-time-stocks-mds\data\s3_downloads/AMZN_1772076108.json
[2026-03-01T05:57:20.657+0000] {logging_mixin.py:188} INFO - Downloaded bronze/AMZN/1772076140.json -> D:\ADF_folder\real-time-stocks-mds\data\s3_downloads/AMZN_1772076140.json
[2026-03-01T05:57:21.040+0000] {logging_mixin.py:188} INFO - Downloaded bronze/AMZN/1772076173.json -> D:\ADF_folder\real-time-stocks-mds\data\s3_downloads/AMZN_1772076173.json
[2026-03-01T05:57:21.428+0000] {logging_mixin.py:188} INFO - Downloaded bronze/AMZN/1772076207.json -> D:\ADF_folder\real-time-stocks-mds\data\s3_downloads/AMZN_1772076207.json
[2026-03-01T05:57:21.817+0000] {logging_mixin.py:188} INFO - Downloaded bronze/AMZN/1772076239.json -> D:\ADF_folder\real-time-stocks-mds\data\s3_downloads/AMZN_1772076239.json
[2026-03-01T05:57:22.204+0000] {logging_mixin.py:188} INFO - Downloaded bronze/AMZN/1772076272.json -> D:\ADF_folder\real-time-stocks-mds\data\s3_downloads/AMZN_1772076272.json
[2026-03-01T05:57:22.588+0000] {logging_mixin.py:188} INFO - Downloaded bronze/AMZN/1772076305.json -> D:\ADF_folder\real-time-stocks-mds\data\s3_downloads/AMZN_1772076305.json
[2026-03-01T05:57:22.977+0000] {logging_mixin.py:188} INFO - Downloaded bronze/AMZN/1772076338.json -> D:\ADF_folder\real-time-stocks-mds\data\s3_downloads/AMZN_1772076338.json
[2026-03-01T05:57:23.358+0000] {logging_mixin.py:188} INFO - Downloaded bronze/AMZN/1772076371.json -> D:\ADF_folder\real-time-stocks-mds\data\s3_downloads/AMZN_1772076371.json
[2026-03-01T05:57:23.744+0000] {logging_mixin.py:188} INFO - Downloaded bronze/AMZN/1772076403.json -> D:\ADF_folder\real-time-stocks-mds\data\s3_downloads/AMZN_1772076403.json
[2026-03-01T05:57:24.130+0000] {logging_mixin.py:188} INFO - Downloaded bronze/AMZN/1772076437.json -> D:\ADF_folder\real-time-stocks-mds\data\s3_downloads/AMZN_1772076437.json
[2026-03-01T05:57:24.514+0000] {logging_mixin.py:188} INFO - Downloaded bronze/AMZN/1772076470.json -> D:\ADF_folder\real-time-stocks-mds\data\s3_downloads/AMZN_1772076470.json
[2026-03-01T05:57:24.898+0000] {logging_mixin.py:188} INFO - Downloaded bronze/AMZN/1772076503.json -> D:\ADF_folder\real-time-stocks-mds\data\s3_downloads/AMZN_1772076503.json
[2026-03-01T05:57:25.291+0000] {logging_mixin.py:188} INFO - Downloaded bronze/AMZN/1772076536.json -> D:\ADF_folder\real-time-stocks-mds\data\s3_downloads/AMZN_1772076536.json
[2026-03-01T05:57:27.832+0000] {logging_mixin.py:188} INFO - Downloaded bronze/AMZN/1772076569.json -> D:\ADF_folder\real-time-stocks-mds\data\s3_downloads/AMZN_1772076569.json
[2026-03-01T05:57:28.299+0000] {logging_mixin.py:188} INFO - Downloaded bronze/AMZN/1772076602.json -> D:\ADF_folder\real-time-stocks-mds\data\s3_downloads/AMZN_1772076602.json
[2026-03-01T05:57:28.807+0000] {logging_mixin.py:188} INFO - Downloaded bronze/AMZN/1772076635.json -> D:\ADF_folder\real-time-stocks-mds\data\s3_downloads/AMZN_1772076635.json
[2026-03-01T05:57:29.255+0000] {logging_mixin.py:188} INFO - Downloaded bronze/AMZN/1772076668.json -> D:\ADF_folder\real-time-stocks-mds\data\s3_downloads/AMZN_1772076668.json
[2026-03-01T05:57:29.657+0000] {logging_mixin.py:188} INFO - Downloaded bronze/AMZN/1772076701.json -> D:\ADF_folder\real-time-stocks-mds\data\s3_downloads/AMZN_1772076701.json
[2026-03-01T05:57:30.054+0000] {logging_mixin.py:188} INFO - Downloaded bronze/AMZN/1772076734.json -> D:\ADF_folder\real-time-stocks-mds\data\s3_downloads/AMZN_1772076734.json
[2026-03-01T05:57:30.460+0000] {logging_mixin.py:188} INFO - Downloaded bronze/AMZN/1772076767.json -> D:\ADF_folder\real-time-stocks-mds\data\s3_downloads/AMZN_1772076767.json
[2026-03-01T05:58:25.429+0000] {logging_mixin.py:188} INFO - Downloaded bronze/AMZN/1772076800.json -> D:\ADF_folder\real-time-stocks-mds\data\s3_downloads/AMZN_1772076800.json
[2026-03-01T05:58:25.010+0000] {logging_mixin.py:188} INFO - Downloaded bronze/AMZN/1772076833.json -> D:\ADF_folder\real-time-stocks-mds\data\s3_downloads/AMZN_1772076833.json
[2026-03-01T05:58:25.495+0000] {logging_mixin.py:188} INFO - Downloaded bronze/AMZN/1772076866.json -> D:\ADF_folder\real-time-stocks-mds\data\s3_downloads/AMZN_1772076866.json
[2026-03-01T05:58:25.946+0000] {logging_mixin.py:188} INFO - Downloaded bronze/AMZN/1772076899.json -> D:\ADF_folder\real-time-stocks-mds\data\s3_downloads/AMZN_1772076899.json
[2026-03-01T05:58:26.335+0000] {logging_mixin.py:188} INFO - Downloaded bronze/AMZN/1772076932.json -> D:\ADF_folder\real-time-stocks-mds\data\s3_downloads/AMZN_1772076932.json
[2026-03-01T05:58:26.747+0000] {logging_mixin.py:188} INFO - Downloaded bronze/AMZN/1772076965.json -> D:\ADF_folder\real-time-stocks-mds\data\s3_downloads/AMZN_1772076965.json
[2026-03-01T05:58:27.144+0000] {logging_mixin.py:188} INFO - Downloaded bronze/AMZN/1772076998.json -> D:\ADF_folder\real-time-stocks-mds\data\s3_downloads/AMZN_1772076998.json
[2026-03-01T05:58:27.538+0000] {logging_mixin.py:188} INFO - Downloaded bronze/AMZN/1772077031.json -> D:\ADF_folder\real-time-stocks-mds\data\s3_downloads/AMZN_1772077031.json
[2026-03-01T05:58:27.930+0000] {logging_mixin.py:188} INFO - Downloaded bronze/AMZN/1772077064.json -> D:\ADF_folder\real-time-stocks-mds\data\s3_downloads/AMZN_1772077064.json
[2026-03-01T05:58:28.331+0000] {logging_mixin.py:188} INFO - Downloaded bronze/AMZN/1772077097.json -> D:\ADF_folder\real-time-stocks-mds\data\s3_downloads/AMZN_1772077097.json
[2026-03-01T05:58:28.716+0000] {logging_mixin.py:188} INFO - Downloaded bronze/AMZN/1772077130.json -> D:\ADF_folder\real-time-stocks-mds\data\s3_downloads/AMZN_1772077130.json
[2026-03-01T05:58:29.092+0000] {logging_mixin.py:188} INFO - Downloaded bronze/AMZN/1772077163.json -> D:\ADF_folder\real-time-stocks-mds\data\s3_downloads/AMZN_1772077163.json
[2026-03-01T05:58:29.476+0000] {logging_mixin.py:188} INFO - Downloaded bronze/AMZN/1772077196.json -> D:\ADF_folder\real-time-stocks-mds\data\s3_downloads/AMZN_1772077196.json
[2026-03-01T05:58:29.859+0000] {logging_mixin.py:188} INFO - Downloaded bronze/AMZN/1772077229.json -> D:\ADF_folder\real-time-stocks-mds\data\s3_downloads/AMZN_1772077229.json
[2026-03-01T05:58:30.241+0000] {logging_mixin.py:188} INFO - Downloaded bronze/AMZN/1772077262.json -> D:\ADF_folder\real-time-stocks-mds\data\s3_downloads/AMZN_1772077262.json
[2026-03-01T05:58:30.653+0000] {logging_mixin.py:188} INFO - Downloaded bronze/AMZN/1772077295.json -> D:\ADF_folder\real-time-stocks-mds\data\s3_downloads/AMZN_1772077295.json
[2026-03-01T05:58:31.048+0000] {logging_mixin.py:188} INFO - Downloaded bronze/AMZN/1772077328.json -> D:\ADF_folder\real-time-stocks-mds\data\s3_downloads/AMZN_1772077328.json
[2026-03-01T05:58:31.437+0000] {logging_mixin.py:188} INFO - Downloaded bronze/AMZN/1772077362.json -> D:\ADF_folder\real-time-stocks-mds\data\s3_downloads/AMZN_1772077362.json
[2026-03-01T05:58:31.823+0000] {logging_mixin.py:188} INFO - Downloaded bronze/AMZN/1772077395.json -> D:\ADF_folder\real-time-stocks-mds\data\s3_downloads/AMZN_1772077395.json
[2026-03-01T05:58:32.206+0000] {logging_mixin.py:188} INFO - Downloaded bronze/AMZN/1772077428.json -> D:\ADF_folder\real-time-stocks-mds\data\s3_downloads/AMZN_1772077428.json
[2026-03-01T05:58:32.583+0000] {logging_mixin.py:188} INFO - Downloaded bronze/AMZN/1772077461.json -> D:\ADF_folder\real-time-stocks-mds\data\s3_downloads/AMZN_1772077461.json
[2026-03-01T05:58:32.972+0000] {logging_mixin.py:188} INFO - Downloaded bronze/AMZN/1772077494.json -> D:\ADF_folder\real-time-stocks-mds\data\s3_downloads/AMZN_1772077494.json
[2026-03-01T05:58:33.355+0000] {logging_mixin.py:188} INFO - Downloaded bronze/AMZN/1772077526.json -> D:\ADF_folder\real-time-stocks-mds\data\s3_downloads/AMZN_1772077526.json
[2026-03-01T05:58:33.736+0000] {logging_mixin.py:188} INFO - Downloaded bronze/AMZN/1772077559.json -> D:\ADF_folder\real-time-stocks-mds\data\s3_downloads/AMZN_1772077559.json
[2026-03-01T05:58:34.124+0000] {logging_mixin.py:188} INFO - Downloaded bronze/AMZN/1772077592.json -> D:\ADF_folder\real-time-stocks-mds\data\s3_downloads/AMZN_1772077592.json
[2026-03-01T05:58:34.532+0000] {logging_mixin.py:188} INFO - Downloaded bronze/AMZN/1772077625.json -> D:\ADF_folder\real-time-stocks-mds\data\s3_downloads/AMZN_1772077625.json
[2026-03-01T05:58:34.914+0000] {logging_mixin.py:188} INFO - Downloaded bronze/AMZN/1772077658.json -> D:\ADF_folder\real-time-stocks-mds\data\s3_downloads/AMZN_1772077658.json
[2026-03-01T05:58:35.302+0000] {logging_mixin.py:188} INFO - Downloaded bronze/AMZN/1772077691.json -> D:\ADF_folder\real-time-stocks-mds\data\s3_downloads/AMZN_1772077691.json
[2026-03-01T05:58:35.683+0000] {logging_mixin.py:188} INFO - Downloaded bronze/AMZN/1772077724.json -> D:\ADF_folder\real-time-stocks-mds\data\s3_downloads/AMZN_1772077724.json
[2026-03-01T05:58:36.061+0000] {logging_mixin.py:188} INFO - Downloaded bronze/AMZN/1772077757.json -> D:\ADF_folder\real-time-stocks-mds\data\s3_downloads/AMZN_1772077757.json
[2026-03-01T05:58:36.452+0000] {logging_mixin.py:188} INFO - Downloaded bronze/AMZN/1772077790.json -> D:\ADF_folder\real-time-stocks-mds\data\s3_downloads/AMZN_1772077790.json
[2026-03-01T05:58:36.837+0000] {logging_mixin.py:188} INFO - Downloaded bronze/AMZN/1772077823.json -> D:\ADF_folder\real-time-stocks-mds\data\s3_downloads/AMZN_1772077823.json
[2026-03-01T05:58:37.226+0000] {logging_mixin.py:188} INFO - Downloaded bronze/AMZN/1772077856.json -> D:\ADF_folder\real-time-stocks-mds\data\s3_downloads/AMZN_1772077856.json
[2026-03-01T05:58:37.620+0000] {logging_mixin.py:188} INFO - Downloaded bronze/AMZN/1772077888.json -> D:\ADF_folder\real-time-stocks-mds\data\s3_downloads/AMZN_1772077888.json
[2026-03-01T05:58:38.008+0000] {logging_mixin.py:188} INFO - Downloaded bronze/AMZN/1772077921.json -> D:\ADF_folder\real-time-stocks-mds\data\s3_downloads/AMZN_1772077921.json
[2026-03-01T05:58:38.386+0000] {logging_mixin.py:188} INFO - Downloaded bronze/AMZN/1772077954.json -> D:\ADF_folder\real-time-stocks-mds\data\s3_downloads/AMZN_1772077954.json
[2026-03-01T05:58:38.774+0000] {logging_mixin.py:188} INFO - Downloaded bronze/AMZN/1772077987.json -> D:\ADF_folder\real-time-stocks-mds\data\s3_downloads/AMZN_1772077987.json
[2026-03-01T05:58:39.153+0000] {logging_mixin.py:188} INFO - Downloaded bronze/AMZN/1772078019.json -> D:\ADF_folder\real-time-stocks-mds\data\s3_downloads/AMZN_1772078019.json
[2026-03-01T05:58:39.543+0000] {logging_mixin.py:188} INFO - Downloaded bronze/AMZN/1772078052.json -> D:\ADF_folder\real-time-stocks-mds\data\s3_downloads/AMZN_1772078052.json
[2026-03-01T05:58:39.926+0000] {logging_mixin.py:188} INFO - Downloaded bronze/AMZN/1772078085.json -> D:\ADF_folder\real-time-stocks-mds\data\s3_downloads/AMZN_1772078085.json
[2026-03-01T05:58:40.310+0000] {logging_mixin.py:188} INFO - Downloaded bronze/AMZN/1772078118.json -> D:\ADF_folder\real-time-stocks-mds\data\s3_downloads/AMZN_1772078118.json
[2026-03-01T05:58:40.743+0000] {logging_mixin.py:188} INFO - Downloaded bronze/AMZN/1772078152.json -> D:\ADF_folder\real-time-stocks-mds\data\s3_downloads/AMZN_1772078152.json
[2026-03-01T05:58:40.306+0000] {logging_mixin.py:188} INFO - Downloaded bronze/AMZN/1772078184.json -> D:\ADF_folder\real-time-stocks-mds\data\s3_downloads/AMZN_1772078184.json
[2026-03-01T05:58:41.104+0000] {logging_mixin.py:188} INFO - Downloaded bronze/AMZN/1772078217.json -> D:\ADF_folder\real-time-stocks-mds\data\s3_downloads/AMZN_1772078217.json
[2026-03-01T05:58:41.490+0000] {logging_mixin.py:188} INFO - Downloaded bronze/AMZN/1772078250.json -> D:\ADF_folder\real-time-stocks-mds\data\s3_downloads/AMZN_1772078250.json
[2026-03-01T05:58:41.881+0000] {logging_mixin.py:188} INFO - Downloaded bronze/AMZN/1772078283.json -> D:\ADF_folder\real-time-stocks-mds\data\s3_downloads/AMZN_1772078283.json
[2026-03-01T05:58:42.272+0000] {logging_mixin.py:188} INFO - Downloaded bronze/AMZN/1772078316.json -> D:\ADF_folder\real-time-stocks-mds\data\s3_downloads/AMZN_1772078316.json
[2026-03-01T05:58:42.659+0000] {logging_mixin.py:188} INFO - Downloaded bronze/AMZN/1772078349.json -> D:\ADF_folder\real-time-stocks-mds\data\s3_downloads/AMZN_1772078349.json
[2026-03-01T05:58:43.062+0000] {logging_mixin.py:188} INFO - Downloaded bronze/AMZN/1772078382.json -> D:\ADF_folder\real-time-stocks-mds\data\s3_downloads/AMZN_1772078382.json
[2026-03-01T05:58:43.469+0000] {logging_mixin.py:188} INFO - Downloaded bronze/AMZN/1772078415.json -> D:\ADF_folder\real-time-stocks-mds\data\s3_downloads/AMZN_1772078415.json
[2026-03-01T05:58:43.873+0000] {logging_mixin.py:188} INFO - Downloaded bronze/AMZN/1772078448.json -> D:\ADF_folder\real-time-stocks-mds\data\s3_downloads/AMZN_1772078448.json
[2026-03-01T05:58:44.276+0000] {logging_mixin.py:188} INFO - Downloaded bronze/AMZN/1772078482.json -> D:\ADF_folder\real-time-stocks-mds\data\s3_downloads/AMZN_1772078482.json
[2026-03-01T05:58:44.670+0000] {logging_mixin.py:188} INFO - Downloaded bronze/AMZN/1772078516.json -> D:\ADF_folder\real-time-stocks-mds\data\s3_downloads/AMZN_1772078516.json
[2026-03-01T05:58:45.055+0000] {logging_mixin.py:188} INFO - Downloaded bronze/AMZN/1772078549.json -> D:\ADF_folder\real-time-stocks-mds\data\s3_downloads/AMZN_1772078549.json
[2026-03-01T05:58:45.437+0000] {logging_mixin.py:188} INFO - Downloaded bronze/AMZN/1772078582.json -> D:\ADF_folder\real-time-stocks-mds\data\s3_downloads/AMZN_1772078582.json
[2026-03-01T05:58:45.821+0000] {logging_mixin.py:188} INFO - Downloaded bronze/AMZN/1772078615.json -> D:\ADF_folder\real-time-stocks-mds\data\s3_downloads/AMZN_1772078615.json
[2026-03-01T05:58:46.205+0000] {logging_mixin.py:188} INFO - Downloaded bronze/AMZN/1772078648.json -> D:\ADF_folder\real-time-stocks-mds\data\s3_downloads/AMZN_1772078648.json
[2026-03-01T05:58:46.598+0000] {logging_mixin.py:188} INFO - Downloaded bronze/AMZN/1772078680.json -> D:\ADF_folder\real-time-stocks-mds\data\s3_downloads/AMZN_1772078680.json
[2026-03-01T05:58:46.987+0000] {logging_mixin.py:188} INFO - Downloaded bronze/AMZN/1772078714.json -> D:\ADF_folder\real-time-stocks-mds\data\s3_downloads/AMZN_1772078714.json
[2026-03-01T05:58:47.376+0000] {logging_mixin.py:188} INFO - Downloaded bronze/AMZN/1772078747.json -> D:\ADF_folder\real-time-stocks-mds\data\s3_downloads/AMZN_1772078747.json
[2026-03-01T05:58:47.759+0000] {logging_mixin.py:188} INFO - Downloaded bronze/AMZN/1772078779.json -> D:\ADF_folder\real-time-stocks-mds\data\s3_downloads/AMZN_1772078779.json
[2026-03-01T05:58:48.145+0000] {logging_mixin.py:188} INFO - Downloaded bronze/AMZN/1772078812.json -> D:\ADF_folder\real-time-stocks-mds\data\s3_downloads/AMZN_1772078812.json
[2026-03-01T05:58:48.533+0000] {logging_mixin.py:188} INFO - Downloaded bronze/AMZN/1772078845.json -> D:\ADF_folder\real-time-stocks-mds\data\s3_downloads/AMZN_1772078845.json
[2026-03-01T05:58:48.913+0000] {logging_mixin.py:188} INFO - Downloaded bronze/AMZN/1772078878.json -> D:\ADF_folder\real-time-stocks-mds\data\s3_downloads/AMZN_1772078878.json
[2026-03-01T05:58:49.299+0000] {logging_mixin.py:188} INFO - Downloaded bronze/AMZN/1772078911.json -> D:\ADF_folder\real-time-stocks-mds\data\s3_downloads/AMZN_1772078911.json
[2026-03-01T05:58:49.690+0000] {logging_mixin.py:188} INFO - Downloaded bronze/AMZN/1772078944.json -> D:\ADF_folder\real-time-stocks-mds\data\s3_downloads/AMZN_1772078944.json
[2026-03-01T05:58:50.074+0000] {logging_mixin.py:188} INFO - Downloaded bronze/AMZN/1772078977.json -> D:\ADF_folder\real-time-stocks-mds\data\s3_downloads/AMZN_1772078977.json
[2026-03-01T05:58:50.460+0000] {logging_mixin.py:188} INFO - Downloaded bronze/AMZN/1772079010.json -> D:\ADF_folder\real-time-stocks-mds\data\s3_downloads/AMZN_1772079010.json
[2026-03-01T05:58:50.850+0000] {logging_mixin.py:188} INFO - Downloaded bronze/AMZN/1772079043.json -> D:\ADF_folder\real-time-stocks-mds\data\s3_downloads/AMZN_1772079043.json
[2026-03-01T05:58:51.259+0000] {logging_mixin.py:188} INFO - Downloaded bronze/AMZN/1772079077.json -> D:\ADF_folder\real-time-stocks-mds\data\s3_downloads/AMZN_1772079077.json
[2026-03-01T05:58:51.674+0000] {logging_mixin.py:188} INFO - Downloaded bronze/AMZN/1772079110.json -> D:\ADF_folder\real-time-stocks-mds\data\s3_downloads/AMZN_1772079110.json
[2026-03-01T05:58:52.086+0000] {logging_mixin.py:188} INFO - Downloaded bronze/AMZN/1772079143.json -> D:\ADF_folder\real-time-stocks-mds\data\s3_downloads/AMZN_1772079143.json
[2026-03-01T05:58:52.502+0000] {logging_mixin.py:188} INFO - Downloaded bronze/AMZN/1772079176.json -> D:\ADF_folder\real-time-stocks-mds\data\s3_downloads/AMZN_1772079176.json
[2026-03-01T05:58:52.895+0000] {logging_mixin.py:188} INFO - Downloaded bronze/AMZN/1772079209.json -> D:\ADF_folder\real-time-stocks-mds\data\s3_downloads/AMZN_1772079209.json
[2026-03-01T05:58:53.292+0000] {logging_mixin.py:188} INFO - Downloaded bronze/AMZN/1772079242.json -> D:\ADF_folder\real-time-stocks-mds\data\s3_downloads/AMZN_1772079242.json
[2026-03-01T05:58:53.693+0000] {logging_mixin.py:188} INFO - Downloaded bronze/AMZN/1772079275.json -> D:\ADF_folder\real-time-stocks-mds\data\s3_downloads/AMZN_1772079275.json
[2026-03-01T05:58:53.694+0000] {logging_mixin.py:188} INFO - 
Processing prefix: bronze/MSFT/
[2026-03-01T05:58:54.524+0000] {logging_mixin.py:188} INFO - Downloaded bronze/MSFT/1771463592.json -> D:\ADF_folder\real-time-stocks-mds\data\s3_downloads/MSFT_1771463592.json
[2026-03-01T05:58:54.917+0000] {logging_mixin.py:188} INFO - Downloaded bronze/MSFT/1771463625.json -> D:\ADF_folder\real-time-stocks-mds\data\s3_downloads/MSFT_1771463625.json
[2026-03-01T05:58:55.312+0000] {logging_mixin.py:188} INFO - Downloaded bronze/MSFT/1771463658.json -> D:\ADF_folder\real-time-stocks-mds\data\s3_downloads/MSFT_1771463658.json
[2026-03-01T05:58:55.705+0000] {logging_mixin.py:188} INFO - Downloaded bronze/MSFT/1771463691.json -> D:\ADF_folder\real-time-stocks-mds\data\s3_downloads/MSFT_1771463691.json
[2026-03-01T05:58:56.106+0000] {logging_mixin.py:188} INFO - Downloaded bronze/MSFT/1771463724.json -> D:\ADF_folder\real-time-stocks-mds\data\s3_downloads/MSFT_1771463724.json
[2026-03-01T05:58:56.502+0000] {logging_mixin.py:188} INFO - Downloaded bronze/MSFT/1771463757.json -> D:\ADF_folder\real-time-stocks-mds\data\s3_downloads/MSFT_1771463757.json
[2026-03-01T05:58:56.904+0000] {logging_mixin.py:188} INFO - Downloaded bronze/MSFT/1771463790.json -> D:\ADF_folder\real-time-stocks-mds\data\s3_downloads/MSFT_1771463790.json
[2026-03-01T05:58:57.301+0000] {logging_mixin.py:188} INFO - Downloaded bronze/MSFT/1771463823.json -> D:\ADF_folder\real-time-stocks-mds\data\s3_downloads/MSFT_1771463823.json
[2026-03-01T05:58:57.699+0000] {logging_mixin.py:188} INFO - Downloaded bronze/MSFT/1771463856.json -> D:\ADF_folder\real-time-stocks-mds\data\s3_downloads/MSFT_1771463856.json
[2026-03-01T05:58:58.102+0000] {logging_mixin.py:188} INFO - Downloaded bronze/MSFT/1771463889.json -> D:\ADF_folder\real-time-stocks-mds\data\s3_downloads/MSFT_1771463889.json
[2026-03-01T05:58:58.502+0000] {logging_mixin.py:188} INFO - Downloaded bronze/MSFT/1771463922.json -> D:\ADF_folder\real-time-stocks-mds\data\s3_downloads/MSFT_1771463922.json
[2026-03-01T05:58:58.871+0000] {logging_mixin.py:188} INFO - Downloaded bronze/MSFT/1771463955.json -> D:\ADF_folder\real-time-stocks-mds\data\s3_downloads/MSFT_1771463955.json
[2026-03-01T05:58:59.230+0000] {logging_mixin.py:188} INFO - Downloaded bronze/MSFT/1771463988.json -> D:\ADF_folder\real-time-stocks-mds\data\s3_downloads/MSFT_1771463988.json
[2026-03-01T05:58:59.589+0000] {logging_mixin.py:188} INFO - Downloaded bronze/MSFT/1771464022.json -> D:\ADF_folder\real-time-stocks-mds\data\s3_downloads/MSFT_1771464022.json
[2026-03-01T05:58:59.950+0000] {logging_mixin.py:188} INFO - Downloaded bronze/MSFT/1771464055.json -> D:\ADF_folder\real-time-stocks-mds\data\s3_downloads/MSFT_1771464055.json
[2026-03-01T05:59:00.318+0000] {logging_mixin.py:188} INFO - Downloaded bronze/MSFT/1771464088.json -> D:\ADF_folder\real-time-stocks-mds\data\s3_downloads/MSFT_1771464088.json
[2026-03-01T05:59:00.675+0000] {logging_mixin.py:188} INFO - Downloaded bronze/MSFT/1771464121.json -> D:\ADF_folder\real-time-stocks-mds\data\s3_downloads/MSFT_1771464121.json
[2026-03-01T05:59:01.421+0000] {logging_mixin.py:188} INFO - Downloaded bronze/MSFT/1771464154.json -> D:\ADF_folder\real-time-stocks-mds\data\s3_downloads/MSFT_1771464154.json
[2026-03-01T05:59:01.780+0000] {logging_mixin.py:188} INFO - Downloaded bronze/MSFT/1771464187.json -> D:\ADF_folder\real-time-stocks-mds\data\s3_downloads/MSFT_1771464187.json
[2026-03-01T05:59:02.144+0000] {logging_mixin.py:188} INFO - Downloaded bronze/MSFT/1771464220.json -> D:\ADF_folder\real-time-stocks-mds\data\s3_downloads/MSFT_1771464220.json
[2026-03-01T05:59:02.512+0000] {logging_mixin.py:188} INFO - Downloaded bronze/MSFT/1771464253.json -> D:\ADF_folder\real-time-stocks-mds\data\s3_downloads/MSFT_1771464253.json
[2026-03-01T05:59:02.898+0000] {logging_mixin.py:188} INFO - Downloaded bronze/MSFT/1771464286.json -> D:\ADF_folder\real-time-stocks-mds\data\s3_downloads/MSFT_1771464286.json
[2026-03-01T05:59:03.282+0000] {logging_mixin.py:188} INFO - Downloaded bronze/MSFT/1771464319.json -> D:\ADF_folder\real-time-stocks-mds\data\s3_downloads/MSFT_1771464319.json
[2026-03-01T05:59:03.674+0000] {logging_mixin.py:188} INFO - Downloaded bronze/MSFT/1771465252.json -> D:\ADF_folder\real-time-stocks-mds\data\s3_downloads/MSFT_1771465252.json
[2026-03-01T05:59:04.062+0000] {logging_mixin.py:188} INFO - Downloaded bronze/MSFT/1771465285.json -> D:\ADF_folder\real-time-stocks-mds\data\s3_downloads/MSFT_1771465285.json
[2026-03-01T05:59:04.444+0000] {logging_mixin.py:188} INFO - Downloaded bronze/MSFT/1771465318.json -> D:\ADF_folder\real-time-stocks-mds\data\s3_downloads/MSFT_1771465318.json
[2026-03-01T05:59:04.837+0000] {logging_mixin.py:188} INFO - Downloaded bronze/MSFT/1771465351.json -> D:\ADF_folder\real-time-stocks-mds\data\s3_downloads/MSFT_1771465351.json
[2026-03-01T05:59:05.227+0000] {logging_mixin.py:188} INFO - Downloaded bronze/MSFT/1771465384.json -> D:\ADF_folder\real-time-stocks-mds\data\s3_downloads/MSFT_1771465384.json
[2026-03-01T05:59:05.620+0000] {logging_mixin.py:188} INFO - Downloaded bronze/MSFT/1771465417.json -> D:\ADF_folder\real-time-stocks-mds\data\s3_downloads/MSFT_1771465417.json
[2026-03-01T05:59:06.010+0000] {logging_mixin.py:188} INFO - Downloaded bronze/MSFT/1771465450.json -> D:\ADF_folder\real-time-stocks-mds\data\s3_downloads/MSFT_1771465450.json
[2026-03-01T05:59:06.396+0000] {logging_mixin.py:188} INFO - Downloaded bronze/MSFT/1771465483.json -> D:\ADF_folder\real-time-stocks-mds\data\s3_downloads/MSFT_1771465483.json
[2026-03-01T05:59:06.777+0000] {logging_mixin.py:188} INFO - Downloaded bronze/MSFT/1771465516.json -> D:\ADF_folder\real-time-stocks-mds\data\s3_downloads/MSFT_1771465516.json
[2026-03-01T05:59:07.137+0000] {logging_mixin.py:188} INFO - Downloaded bronze/MSFT/1771465549.json -> D:\ADF_folder\real-time-stocks-mds\data\s3_downloads/MSFT_1771465549.json
[2026-03-01T05:59:07.502+0000] {logging_mixin.py:188} INFO - Downloaded bronze/MSFT/1771465582.json -> D:\ADF_folder\real-time-stocks-mds\data\s3_downloads/MSFT_1771465582.json
[2026-03-01T05:59:07.860+0000] {logging_mixin.py:188} INFO - Downloaded bronze/MSFT/1772074563.json -> D:\ADF_folder\real-time-stocks-mds\data\s3_downloads/MSFT_1772074563.json
[2026-03-01T05:59:08.218+0000] {logging_mixin.py:188} INFO - Downloaded bronze/MSFT/1772074596.json -> D:\ADF_folder\real-time-stocks-mds\data\s3_downloads/MSFT_1772074596.json
[2026-03-01T05:59:08.577+0000] {logging_mixin.py:188} INFO - Downloaded bronze/MSFT/1772074629.json -> D:\ADF_folder\real-time-stocks-mds\data\s3_downloads/MSFT_1772074629.json
[2026-03-01T05:59:08.941+0000] {logging_mixin.py:188} INFO - Downloaded bronze/MSFT/1772074662.json -> D:\ADF_folder\real-time-stocks-mds\data\s3_downloads/MSFT_1772074662.json
[2026-03-01T05:59:09.301+0000] {logging_mixin.py:188} INFO - Downloaded bronze/MSFT/1772074696.json -> D:\ADF_folder\real-time-stocks-mds\data\s3_downloads/MSFT_1772074696.json
[2026-03-01T05:59:09.660+0000] {logging_mixin.py:188} INFO - Downloaded bronze/MSFT/1772074729.json -> D:\ADF_folder\real-time-stocks-mds\data\s3_downloads/MSFT_1772074729.json
[2026-03-01T05:59:09.539+0000] {logging_mixin.py:188} INFO - Downloaded bronze/MSFT/1772074762.json -> D:\ADF_folder\real-time-stocks-mds\data\s3_downloads/MSFT_1772074762.json
[2026-03-01T05:59:09.090+0000] {logging_mixin.py:188} INFO - Downloaded bronze/MSFT/1772074795.json -> D:\ADF_folder\real-time-stocks-mds\data\s3_downloads/MSFT_1772074795.json
[2026-03-01T05:59:09.451+0000] {logging_mixin.py:188} INFO - Downloaded bronze/MSFT/1772074828.json -> D:\ADF_folder\real-time-stocks-mds\data\s3_downloads/MSFT_1772074828.json
[2026-03-01T05:59:09.817+0000] {logging_mixin.py:188} INFO - Downloaded bronze/MSFT/1772074861.json -> D:\ADF_folder\real-time-stocks-mds\data\s3_downloads/MSFT_1772074861.json
[2026-03-01T05:59:10.180+0000] {logging_mixin.py:188} INFO - Downloaded bronze/MSFT/1772074894.json -> D:\ADF_folder\real-time-stocks-mds\data\s3_downloads/MSFT_1772074894.json
[2026-03-01T05:59:10.540+0000] {logging_mixin.py:188} INFO - Downloaded bronze/MSFT/1772074927.json -> D:\ADF_folder\real-time-stocks-mds\data\s3_downloads/MSFT_1772074927.json
[2026-03-01T05:59:10.900+0000] {logging_mixin.py:188} INFO - Downloaded bronze/MSFT/1772074960.json -> D:\ADF_folder\real-time-stocks-mds\data\s3_downloads/MSFT_1772074960.json
[2026-03-01T05:59:11.292+0000] {logging_mixin.py:188} INFO - Downloaded bronze/MSFT/1772074993.json -> D:\ADF_folder\real-time-stocks-mds\data\s3_downloads/MSFT_1772074993.json
[2026-03-01T05:59:11.682+0000] {logging_mixin.py:188} INFO - Downloaded bronze/MSFT/1772075026.json -> D:\ADF_folder\real-time-stocks-mds\data\s3_downloads/MSFT_1772075026.json
[2026-03-01T05:59:12.063+0000] {logging_mixin.py:188} INFO - Downloaded bronze/MSFT/1772075059.json -> D:\ADF_folder\real-time-stocks-mds\data\s3_downloads/MSFT_1772075059.json
[2026-03-01T05:59:12.445+0000] {logging_mixin.py:188} INFO - Downloaded bronze/MSFT/1772075092.json -> D:\ADF_folder\real-time-stocks-mds\data\s3_downloads/MSFT_1772075092.json
[2026-03-01T05:59:12.823+0000] {logging_mixin.py:188} INFO - Downloaded bronze/MSFT/1772075125.json -> D:\ADF_folder\real-time-stocks-mds\data\s3_downloads/MSFT_1772075125.json
[2026-03-01T05:59:13.216+0000] {logging_mixin.py:188} INFO - Downloaded bronze/MSFT/1772075158.json -> D:\ADF_folder\real-time-stocks-mds\data\s3_downloads/MSFT_1772075158.json
[2026-03-01T05:59:13.616+0000] {logging_mixin.py:188} INFO - Downloaded bronze/MSFT/1772075191.json -> D:\ADF_folder\real-time-stocks-mds\data\s3_downloads/MSFT_1772075191.json
[2026-03-01T05:59:14.011+0000] {logging_mixin.py:188} INFO - Downloaded bronze/MSFT/1772075224.json -> D:\ADF_folder\real-time-stocks-mds\data\s3_downloads/MSFT_1772075224.json
[2026-03-01T05:59:14.401+0000] {logging_mixin.py:188} INFO - Downloaded bronze/MSFT/1772075257.json -> D:\ADF_folder\real-time-stocks-mds\data\s3_downloads/MSFT_1772075257.json
[2026-03-01T05:59:14.799+0000] {logging_mixin.py:188} INFO - Downloaded bronze/MSFT/1772075290.json -> D:\ADF_folder\real-time-stocks-mds\data\s3_downloads/MSFT_1772075290.json
[2026-03-01T05:59:15.201+0000] {logging_mixin.py:188} INFO - Downloaded bronze/MSFT/1772075323.json -> D:\ADF_folder\real-time-stocks-mds\data\s3_downloads/MSFT_1772075323.json
[2026-03-01T05:59:15.597+0000] {logging_mixin.py:188} INFO - Downloaded bronze/MSFT/1772075356.json -> D:\ADF_folder\real-time-stocks-mds\data\s3_downloads/MSFT_1772075356.json
[2026-03-01T05:59:16.003+0000] {logging_mixin.py:188} INFO - Downloaded bronze/MSFT/1772075389.json -> D:\ADF_folder\real-time-stocks-mds\data\s3_downloads/MSFT_1772075389.json
[2026-03-01T05:59:16.407+0000] {logging_mixin.py:188} INFO - Downloaded bronze/MSFT/1772075422.json -> D:\ADF_folder\real-time-stocks-mds\data\s3_downloads/MSFT_1772075422.json
[2026-03-01T05:59:16.804+0000] {logging_mixin.py:188} INFO - Downloaded bronze/MSFT/1772075455.json -> D:\ADF_folder\real-time-stocks-mds\data\s3_downloads/MSFT_1772075455.json
[2026-03-01T05:59:17.201+0000] {logging_mixin.py:188} INFO - Downloaded bronze/MSFT/1772075487.json -> D:\ADF_folder\real-time-stocks-mds\data\s3_downloads/MSFT_1772075487.json
[2026-03-01T05:59:17.595+0000] {logging_mixin.py:188} INFO - Downloaded bronze/MSFT/1772075520.json -> D:\ADF_folder\real-time-stocks-mds\data\s3_downloads/MSFT_1772075520.json
[2026-03-01T05:59:17.996+0000] {logging_mixin.py:188} INFO - Downloaded bronze/MSFT/1772075553.json -> D:\ADF_folder\real-time-stocks-mds\data\s3_downloads/MSFT_1772075553.json
[2026-03-01T05:59:18.388+0000] {logging_mixin.py:188} INFO - Downloaded bronze/MSFT/1772075586.json -> D:\ADF_folder\real-time-stocks-mds\data\s3_downloads/MSFT_1772075586.json
[2026-03-01T05:59:18.790+0000] {logging_mixin.py:188} INFO - Downloaded bronze/MSFT/1772075620.json -> D:\ADF_folder\real-time-stocks-mds\data\s3_downloads/MSFT_1772075620.json
[2026-03-01T05:59:19.735+0000] {logging_mixin.py:188} INFO - Downloaded bronze/MSFT/1772075653.json -> D:\ADF_folder\real-time-stocks-mds\data\s3_downloads/MSFT_1772075653.json
[2026-03-01T05:59:20.141+0000] {logging_mixin.py:188} INFO - Downloaded bronze/MSFT/1772075686.json -> D:\ADF_folder\real-time-stocks-mds\data\s3_downloads/MSFT_1772075686.json
[2026-03-01T05:59:20.541+0000] {logging_mixin.py:188} INFO - Downloaded bronze/MSFT/1772075719.json -> D:\ADF_folder\real-time-stocks-mds\data\s3_downloads/MSFT_1772075719.json
[2026-03-01T05:59:20.945+0000] {logging_mixin.py:188} INFO - Downloaded bronze/MSFT/1772075752.json -> D:\ADF_folder\real-time-stocks-mds\data\s3_downloads/MSFT_1772075752.json
[2026-03-01T05:59:21.338+0000] {logging_mixin.py:188} INFO - Downloaded bronze/MSFT/1772075785.json -> D:\ADF_folder\real-time-stocks-mds\data\s3_downloads/MSFT_1772075785.json
[2026-03-01T05:59:21.774+0000] {logging_mixin.py:188} INFO - Downloaded bronze/MSFT/1772075818.json -> D:\ADF_folder\real-time-stocks-mds\data\s3_downloads/MSFT_1772075818.json
[2026-03-01T05:59:22.208+0000] {logging_mixin.py:188} INFO - Downloaded bronze/MSFT/1772075851.json -> D:\ADF_folder\real-time-stocks-mds\data\s3_downloads/MSFT_1772075851.json
[2026-03-01T05:59:22.605+0000] {logging_mixin.py:188} INFO - Downloaded bronze/MSFT/1772075883.json -> D:\ADF_folder\real-time-stocks-mds\data\s3_downloads/MSFT_1772075883.json
[2026-03-01T05:59:23.040+0000] {logging_mixin.py:188} INFO - Downloaded bronze/MSFT/1772075916.json -> D:\ADF_folder\real-time-stocks-mds\data\s3_downloads/MSFT_1772075916.json
[2026-03-01T05:59:23.453+0000] {logging_mixin.py:188} INFO - Downloaded bronze/MSFT/1772075949.json -> D:\ADF_folder\real-time-stocks-mds\data\s3_downloads/MSFT_1772075949.json
[2026-03-01T05:59:23.871+0000] {logging_mixin.py:188} INFO - Downloaded bronze/MSFT/1772075982.json -> D:\ADF_folder\real-time-stocks-mds\data\s3_downloads/MSFT_1772075982.json
[2026-03-01T05:59:24.336+0000] {logging_mixin.py:188} INFO - Downloaded bronze/MSFT/1772076015.json -> D:\ADF_folder\real-time-stocks-mds\data\s3_downloads/MSFT_1772076015.json
[2026-03-01T05:59:24.729+0000] {logging_mixin.py:188} INFO - Downloaded bronze/MSFT/1772076048.json -> D:\ADF_folder\real-time-stocks-mds\data\s3_downloads/MSFT_1772076048.json
[2026-03-01T05:59:25.127+0000] {logging_mixin.py:188} INFO - Downloaded bronze/MSFT/1772076081.json -> D:\ADF_folder\real-time-stocks-mds\data\s3_downloads/MSFT_1772076081.json
[2026-03-01T05:59:25.525+0000] {logging_mixin.py:188} INFO - Downloaded bronze/MSFT/1772076114.json -> D:\ADF_folder\real-time-stocks-mds\data\s3_downloads/MSFT_1772076114.json
[2026-03-01T05:59:25.979+0000] {logging_mixin.py:188} INFO - Downloaded bronze/MSFT/1772076147.json -> D:\ADF_folder\real-time-stocks-mds\data\s3_downloads/MSFT_1772076147.json
[2026-03-01T05:59:26.377+0000] {logging_mixin.py:188} INFO - Downloaded bronze/MSFT/1772076180.json -> D:\ADF_folder\real-time-stocks-mds\data\s3_downloads/MSFT_1772076180.json
[2026-03-01T05:59:26.802+0000] {logging_mixin.py:188} INFO - Downloaded bronze/MSFT/1772076213.json -> D:\ADF_folder\real-time-stocks-mds\data\s3_downloads/MSFT_1772076213.json
[2026-03-01T05:59:27.197+0000] {logging_mixin.py:188} INFO - Downloaded bronze/MSFT/1772076246.json -> D:\ADF_folder\real-time-stocks-mds\data\s3_downloads/MSFT_1772076246.json
[2026-03-01T05:59:27.585+0000] {logging_mixin.py:188} INFO - Downloaded bronze/MSFT/1772076279.json -> D:\ADF_folder\real-time-stocks-mds\data\s3_downloads/MSFT_1772076279.json
[2026-03-01T05:59:27.974+0000] {logging_mixin.py:188} INFO - Downloaded bronze/MSFT/1772076312.json -> D:\ADF_folder\real-time-stocks-mds\data\s3_downloads/MSFT_1772076312.json
[2026-03-01T05:59:28.365+0000] {logging_mixin.py:188} INFO - Downloaded bronze/MSFT/1772076344.json -> D:\ADF_folder\real-time-stocks-mds\data\s3_downloads/MSFT_1772076344.json
[2026-03-01T05:59:28.754+0000] {logging_mixin.py:188} INFO - Downloaded bronze/MSFT/1772076377.json -> D:\ADF_folder\real-time-stocks-mds\data\s3_downloads/MSFT_1772076377.json
[2026-03-01T05:59:29.138+0000] {logging_mixin.py:188} INFO - Downloaded bronze/MSFT/1772076410.json -> D:\ADF_folder\real-time-stocks-mds\data\s3_downloads/MSFT_1772076410.json
[2026-03-01T05:59:29.528+0000] {logging_mixin.py:188} INFO - Downloaded bronze/MSFT/1772076444.json -> D:\ADF_folder\real-time-stocks-mds\data\s3_downloads/MSFT_1772076444.json
[2026-03-01T05:59:29.919+0000] {logging_mixin.py:188} INFO - Downloaded bronze/MSFT/1772076477.json -> D:\ADF_folder\real-time-stocks-mds\data\s3_downloads/MSFT_1772076477.json
[2026-03-01T05:59:30.325+0000] {logging_mixin.py:188} INFO - Downloaded bronze/MSFT/1772076510.json -> D:\ADF_folder\real-time-stocks-mds\data\s3_downloads/MSFT_1772076510.json
[2026-03-01T05:59:30.720+0000] {logging_mixin.py:188} INFO - Downloaded bronze/MSFT/1772076543.json -> D:\ADF_folder\real-time-stocks-mds\data\s3_downloads/MSFT_1772076543.json
[2026-03-01T05:59:31.107+0000] {logging_mixin.py:188} INFO - Downloaded bronze/MSFT/1772076576.json -> D:\ADF_folder\real-time-stocks-mds\data\s3_downloads/MSFT_1772076576.json
[2026-03-01T05:59:31.488+0000] {logging_mixin.py:188} INFO - Downloaded bronze/MSFT/1772076609.json -> D:\ADF_folder\real-time-stocks-mds\data\s3_downloads/MSFT_1772076609.json
[2026-03-01T05:59:31.868+0000] {logging_mixin.py:188} INFO - Downloaded bronze/MSFT/1772076642.json -> D:\ADF_folder\real-time-stocks-mds\data\s3_downloads/MSFT_1772076642.json
[2026-03-01T05:59:32.257+0000] {logging_mixin.py:188} INFO - Downloaded bronze/MSFT/1772076674.json -> D:\ADF_folder\real-time-stocks-mds\data\s3_downloads/MSFT_1772076674.json
[2026-03-01T05:59:32.636+0000] {logging_mixin.py:188} INFO - Downloaded bronze/MSFT/1772076707.json -> D:\ADF_folder\real-time-stocks-mds\data\s3_downloads/MSFT_1772076707.json
[2026-03-01T05:59:33.009+0000] {logging_mixin.py:188} INFO - Downloaded bronze/MSFT/1772076740.json -> D:\ADF_folder\real-time-stocks-mds\data\s3_downloads/MSFT_1772076740.json
[2026-03-01T05:59:33.384+0000] {logging_mixin.py:188} INFO - Downloaded bronze/MSFT/1772076773.json -> D:\ADF_folder\real-time-stocks-mds\data\s3_downloads/MSFT_1772076773.json
[2026-03-01T05:59:33.760+0000] {logging_mixin.py:188} INFO - Downloaded bronze/MSFT/1772076807.json -> D:\ADF_folder\real-time-stocks-mds\data\s3_downloads/MSFT_1772076807.json
[2026-03-01T05:59:34.132+0000] {logging_mixin.py:188} INFO - Downloaded bronze/MSFT/1772076840.json -> D:\ADF_folder\real-time-stocks-mds\data\s3_downloads/MSFT_1772076840.json
[2026-03-01T05:59:34.514+0000] {logging_mixin.py:188} INFO - Downloaded bronze/MSFT/1772076873.json -> D:\ADF_folder\real-time-stocks-mds\data\s3_downloads/MSFT_1772076873.json
[2026-03-01T05:59:34.894+0000] {logging_mixin.py:188} INFO - Downloaded bronze/MSFT/1772076905.json -> D:\ADF_folder\real-time-stocks-mds\data\s3_downloads/MSFT_1772076905.json
[2026-03-01T05:59:35.277+0000] {logging_mixin.py:188} INFO - Downloaded bronze/MSFT/1772076939.json -> D:\ADF_folder\real-time-stocks-mds\data\s3_downloads/MSFT_1772076939.json
[2026-03-01T05:59:35.666+0000] {logging_mixin.py:188} INFO - Downloaded bronze/MSFT/1772076972.json -> D:\ADF_folder\real-time-stocks-mds\data\s3_downloads/MSFT_1772076972.json
[2026-03-01T05:59:36.043+0000] {logging_mixin.py:188} INFO - Downloaded bronze/MSFT/1772077005.json -> D:\ADF_folder\real-time-stocks-mds\data\s3_downloads/MSFT_1772077005.json
[2026-03-01T05:59:36.422+0000] {logging_mixin.py:188} INFO - Downloaded bronze/MSFT/1772077038.json -> D:\ADF_folder\real-time-stocks-mds\data\s3_downloads/MSFT_1772077038.json
[2026-03-01T05:59:36.807+0000] {logging_mixin.py:188} INFO - Downloaded bronze/MSFT/1772077071.json -> D:\ADF_folder\real-time-stocks-mds\data\s3_downloads/MSFT_1772077071.json
[2026-03-01T05:59:37.195+0000] {logging_mixin.py:188} INFO - Downloaded bronze/MSFT/1772077104.json -> D:\ADF_folder\real-time-stocks-mds\data\s3_downloads/MSFT_1772077104.json
[2026-03-01T05:59:37.578+0000] {logging_mixin.py:188} INFO - Downloaded bronze/MSFT/1772077137.json -> D:\ADF_folder\real-time-stocks-mds\data\s3_downloads/MSFT_1772077137.json
[2026-03-01T05:59:37.957+0000] {logging_mixin.py:188} INFO - Downloaded bronze/MSFT/1772077170.json -> D:\ADF_folder\real-time-stocks-mds\data\s3_downloads/MSFT_1772077170.json
[2026-03-01T05:59:38.340+0000] {logging_mixin.py:188} INFO - Downloaded bronze/MSFT/1772077203.json -> D:\ADF_folder\real-time-stocks-mds\data\s3_downloads/MSFT_1772077203.json
[2026-03-01T05:59:38.046+0000] {logging_mixin.py:188} INFO - Downloaded bronze/MSFT/1772077236.json -> D:\ADF_folder\real-time-stocks-mds\data\s3_downloads/MSFT_1772077236.json
[2026-03-01T05:59:37.609+0000] {logging_mixin.py:188} INFO - Downloaded bronze/MSFT/1772077269.json -> D:\ADF_folder\real-time-stocks-mds\data\s3_downloads/MSFT_1772077269.json
[2026-03-01T05:59:38.515+0000] {logging_mixin.py:188} INFO - Downloaded bronze/MSFT/1772077302.json -> D:\ADF_folder\real-time-stocks-mds\data\s3_downloads/MSFT_1772077302.json
[2026-03-01T05:59:38.883+0000] {logging_mixin.py:188} INFO - Downloaded bronze/MSFT/1772077335.json -> D:\ADF_folder\real-time-stocks-mds\data\s3_downloads/MSFT_1772077335.json
[2026-03-01T05:59:39.239+0000] {logging_mixin.py:188} INFO - Downloaded bronze/MSFT/1772077369.json -> D:\ADF_folder\real-time-stocks-mds\data\s3_downloads/MSFT_1772077369.json
[2026-03-01T05:59:39.604+0000] {logging_mixin.py:188} INFO - Downloaded bronze/MSFT/1772077402.json -> D:\ADF_folder\real-time-stocks-mds\data\s3_downloads/MSFT_1772077402.json
[2026-03-01T05:59:39.970+0000] {logging_mixin.py:188} INFO - Downloaded bronze/MSFT/1772077434.json -> D:\ADF_folder\real-time-stocks-mds\data\s3_downloads/MSFT_1772077434.json
[2026-03-01T05:59:40.333+0000] {logging_mixin.py:188} INFO - Downloaded bronze/MSFT/1772077467.json -> D:\ADF_folder\real-time-stocks-mds\data\s3_downloads/MSFT_1772077467.json
[2026-03-01T05:59:40.694+0000] {logging_mixin.py:188} INFO - Downloaded bronze/MSFT/1772077500.json -> D:\ADF_folder\real-time-stocks-mds\data\s3_downloads/MSFT_1772077500.json
[2026-03-01T05:59:41.068+0000] {logging_mixin.py:188} INFO - Downloaded bronze/MSFT/1772077533.json -> D:\ADF_folder\real-time-stocks-mds\data\s3_downloads/MSFT_1772077533.json
[2026-03-01T05:59:41.437+0000] {logging_mixin.py:188} INFO - Downloaded bronze/MSFT/1772077566.json -> D:\ADF_folder\real-time-stocks-mds\data\s3_downloads/MSFT_1772077566.json
[2026-03-01T05:59:41.797+0000] {logging_mixin.py:188} INFO - Downloaded bronze/MSFT/1772077599.json -> D:\ADF_folder\real-time-stocks-mds\data\s3_downloads/MSFT_1772077599.json
[2026-03-01T05:59:42.154+0000] {logging_mixin.py:188} INFO - Downloaded bronze/MSFT/1772077632.json -> D:\ADF_folder\real-time-stocks-mds\data\s3_downloads/MSFT_1772077632.json
[2026-03-01T05:59:42.517+0000] {logging_mixin.py:188} INFO - Downloaded bronze/MSFT/1772077665.json -> D:\ADF_folder\real-time-stocks-mds\data\s3_downloads/MSFT_1772077665.json
[2026-03-01T05:59:42.892+0000] {logging_mixin.py:188} INFO - Downloaded bronze/MSFT/1772077698.json -> D:\ADF_folder\real-time-stocks-mds\data\s3_downloads/MSFT_1772077698.json
[2026-03-01T05:59:43.258+0000] {logging_mixin.py:188} INFO - Downloaded bronze/MSFT/1772077731.json -> D:\ADF_folder\real-time-stocks-mds\data\s3_downloads/MSFT_1772077731.json
[2026-03-01T05:59:43.630+0000] {logging_mixin.py:188} INFO - Downloaded bronze/MSFT/1772077764.json -> D:\ADF_folder\real-time-stocks-mds\data\s3_downloads/MSFT_1772077764.json
[2026-03-01T05:59:44.016+0000] {logging_mixin.py:188} INFO - Downloaded bronze/MSFT/1772077796.json -> D:\ADF_folder\real-time-stocks-mds\data\s3_downloads/MSFT_1772077796.json
[2026-03-01T05:59:44.406+0000] {logging_mixin.py:188} INFO - Downloaded bronze/MSFT/1772077829.json -> D:\ADF_folder\real-time-stocks-mds\data\s3_downloads/MSFT_1772077829.json
[2026-03-01T05:59:44.799+0000] {logging_mixin.py:188} INFO - Downloaded bronze/MSFT/1772077862.json -> D:\ADF_folder\real-time-stocks-mds\data\s3_downloads/MSFT_1772077862.json
[2026-03-01T05:59:45.190+0000] {logging_mixin.py:188} INFO - Downloaded bronze/MSFT/1772077895.json -> D:\ADF_folder\real-time-stocks-mds\data\s3_downloads/MSFT_1772077895.json
[2026-03-01T05:59:45.578+0000] {logging_mixin.py:188} INFO - Downloaded bronze/MSFT/1772077928.json -> D:\ADF_folder\real-time-stocks-mds\data\s3_downloads/MSFT_1772077928.json
[2026-03-01T05:59:45.967+0000] {logging_mixin.py:188} INFO - Downloaded bronze/MSFT/1772077960.json -> D:\ADF_folder\real-time-stocks-mds\data\s3_downloads/MSFT_1772077960.json
[2026-03-01T05:59:46.353+0000] {logging_mixin.py:188} INFO - Downloaded bronze/MSFT/1772077993.json -> D:\ADF_folder\real-time-stocks-mds\data\s3_downloads/MSFT_1772077993.json
[2026-03-01T05:59:46.744+0000] {logging_mixin.py:188} INFO - Downloaded bronze/MSFT/1772078026.json -> D:\ADF_folder\real-time-stocks-mds\data\s3_downloads/MSFT_1772078026.json
[2026-03-01T05:59:47.133+0000] {logging_mixin.py:188} INFO - Downloaded bronze/MSFT/1772078059.json -> D:\ADF_folder\real-time-stocks-mds\data\s3_downloads/MSFT_1772078059.json
[2026-03-01T05:59:47.517+0000] {logging_mixin.py:188} INFO - Downloaded bronze/MSFT/1772078092.json -> D:\ADF_folder\real-time-stocks-mds\data\s3_downloads/MSFT_1772078092.json
[2026-03-01T05:59:47.906+0000] {logging_mixin.py:188} INFO - Downloaded bronze/MSFT/1772078125.json -> D:\ADF_folder\real-time-stocks-mds\data\s3_downloads/MSFT_1772078125.json
[2026-03-01T05:59:48.299+0000] {logging_mixin.py:188} INFO - Downloaded bronze/MSFT/1772078158.json -> D:\ADF_folder\real-time-stocks-mds\data\s3_downloads/MSFT_1772078158.json
[2026-03-01T05:59:48.693+0000] {logging_mixin.py:188} INFO - Downloaded bronze/MSFT/1772078191.json -> D:\ADF_folder\real-time-stocks-mds\data\s3_downloads/MSFT_1772078191.json
[2026-03-01T05:59:49.091+0000] {logging_mixin.py:188} INFO - Downloaded bronze/MSFT/1772078224.json -> D:\ADF_folder\real-time-stocks-mds\data\s3_downloads/MSFT_1772078224.json
[2026-03-01T05:59:49.488+0000] {logging_mixin.py:188} INFO - Downloaded bronze/MSFT/1772078257.json -> D:\ADF_folder\real-time-stocks-mds\data\s3_downloads/MSFT_1772078257.json
[2026-03-01T05:59:49.893+0000] {logging_mixin.py:188} INFO - Downloaded bronze/MSFT/1772078290.json -> D:\ADF_folder\real-time-stocks-mds\data\s3_downloads/MSFT_1772078290.json
[2026-03-01T05:59:50.288+0000] {logging_mixin.py:188} INFO - Downloaded bronze/MSFT/1772078323.json -> D:\ADF_folder\real-time-stocks-mds\data\s3_downloads/MSFT_1772078323.json
[2026-03-01T05:59:50.683+0000] {logging_mixin.py:188} INFO - Downloaded bronze/MSFT/1772078356.json -> D:\ADF_folder\real-time-stocks-mds\data\s3_downloads/MSFT_1772078356.json
[2026-03-01T05:59:51.074+0000] {logging_mixin.py:188} INFO - Downloaded bronze/MSFT/1772078388.json -> D:\ADF_folder\real-time-stocks-mds\data\s3_downloads/MSFT_1772078388.json
[2026-03-01T05:59:51.467+0000] {logging_mixin.py:188} INFO - Downloaded bronze/MSFT/1772078422.json -> D:\ADF_folder\real-time-stocks-mds\data\s3_downloads/MSFT_1772078422.json
[2026-03-01T05:59:51.864+0000] {logging_mixin.py:188} INFO - Downloaded bronze/MSFT/1772078455.json -> D:\ADF_folder\real-time-stocks-mds\data\s3_downloads/MSFT_1772078455.json
[2026-03-01T05:59:52.260+0000] {logging_mixin.py:188} INFO - Downloaded bronze/MSFT/1772078489.json -> D:\ADF_folder\real-time-stocks-mds\data\s3_downloads/MSFT_1772078489.json
[2026-03-01T05:59:52.650+0000] {logging_mixin.py:188} INFO - Downloaded bronze/MSFT/1772078522.json -> D:\ADF_folder\real-time-stocks-mds\data\s3_downloads/MSFT_1772078522.json
[2026-03-01T05:59:53.051+0000] {logging_mixin.py:188} INFO - Downloaded bronze/MSFT/1772078555.json -> D:\ADF_folder\real-time-stocks-mds\data\s3_downloads/MSFT_1772078555.json
[2026-03-01T05:59:53.448+0000] {logging_mixin.py:188} INFO - Downloaded bronze/MSFT/1772078588.json -> D:\ADF_folder\real-time-stocks-mds\data\s3_downloads/MSFT_1772078588.json
[2026-03-01T05:59:53.841+0000] {logging_mixin.py:188} INFO - Downloaded bronze/MSFT/1772078621.json -> D:\ADF_folder\real-time-stocks-mds\data\s3_downloads/MSFT_1772078621.json
[2026-03-01T05:59:54.228+0000] {logging_mixin.py:188} INFO - Downloaded bronze/MSFT/1772078654.json -> D:\ADF_folder\real-time-stocks-mds\data\s3_downloads/MSFT_1772078654.json
[2026-03-01T05:59:54.618+0000] {logging_mixin.py:188} INFO - Downloaded bronze/MSFT/1772078687.json -> D:\ADF_folder\real-time-stocks-mds\data\s3_downloads/MSFT_1772078687.json
[2026-03-01T05:59:55.020+0000] {logging_mixin.py:188} INFO - Downloaded bronze/MSFT/1772078720.json -> D:\ADF_folder\real-time-stocks-mds\data\s3_downloads/MSFT_1772078720.json
[2026-03-01T05:59:55.421+0000] {logging_mixin.py:188} INFO - Downloaded bronze/MSFT/1772078753.json -> D:\ADF_folder\real-time-stocks-mds\data\s3_downloads/MSFT_1772078753.json
[2026-03-01T05:59:55.830+0000] {logging_mixin.py:188} INFO - Downloaded bronze/MSFT/1772078786.json -> D:\ADF_folder\real-time-stocks-mds\data\s3_downloads/MSFT_1772078786.json
[2026-03-01T05:59:56.232+0000] {logging_mixin.py:188} INFO - Downloaded bronze/MSFT/1772078819.json -> D:\ADF_folder\real-time-stocks-mds\data\s3_downloads/MSFT_1772078819.json
[2026-03-01T05:59:56.637+0000] {logging_mixin.py:188} INFO - Downloaded bronze/MSFT/1772078852.json -> D:\ADF_folder\real-time-stocks-mds\data\s3_downloads/MSFT_1772078852.json
[2026-03-01T05:59:57.036+0000] {logging_mixin.py:188} INFO - Downloaded bronze/MSFT/1772078885.json -> D:\ADF_folder\real-time-stocks-mds\data\s3_downloads/MSFT_1772078885.json
[2026-03-01T05:59:57.432+0000] {logging_mixin.py:188} INFO - Downloaded bronze/MSFT/1772078918.json -> D:\ADF_folder\real-time-stocks-mds\data\s3_downloads/MSFT_1772078918.json
[2026-03-01T05:59:58.360+0000] {logging_mixin.py:188} INFO - Downloaded bronze/MSFT/1772078951.json -> D:\ADF_folder\real-time-stocks-mds\data\s3_downloads/MSFT_1772078951.json
[2026-03-01T05:59:58.764+0000] {logging_mixin.py:188} INFO - Downloaded bronze/MSFT/1772078984.json -> D:\ADF_folder\real-time-stocks-mds\data\s3_downloads/MSFT_1772078984.json
[2026-03-01T05:59:59.165+0000] {logging_mixin.py:188} INFO - Downloaded bronze/MSFT/1772079017.json -> D:\ADF_folder\real-time-stocks-mds\data\s3_downloads/MSFT_1772079017.json
[2026-03-01T05:59:59.559+0000] {logging_mixin.py:188} INFO - Downloaded bronze/MSFT/1772079050.json -> D:\ADF_folder\real-time-stocks-mds\data\s3_downloads/MSFT_1772079050.json
[2026-03-01T05:59:59.961+0000] {logging_mixin.py:188} INFO - Downloaded bronze/MSFT/1772079084.json -> D:\ADF_folder\real-time-stocks-mds\data\s3_downloads/MSFT_1772079084.json
[2026-03-01T06:00:00.361+0000] {logging_mixin.py:188} INFO - Downloaded bronze/MSFT/1772079117.json -> D:\ADF_folder\real-time-stocks-mds\data\s3_downloads/MSFT_1772079117.json
[2026-03-01T06:00:00.759+0000] {logging_mixin.py:188} INFO - Downloaded bronze/MSFT/1772079150.json -> D:\ADF_folder\real-time-stocks-mds\data\s3_downloads/MSFT_1772079150.json
[2026-03-01T06:00:01.156+0000] {logging_mixin.py:188} INFO - Downloaded bronze/MSFT/1772079183.json -> D:\ADF_folder\real-time-stocks-mds\data\s3_downloads/MSFT_1772079183.json
[2026-03-01T06:00:01.556+0000] {logging_mixin.py:188} INFO - Downloaded bronze/MSFT/1772079216.json -> D:\ADF_folder\real-time-stocks-mds\data\s3_downloads/MSFT_1772079216.json
[2026-03-01T06:00:01.953+0000] {logging_mixin.py:188} INFO - Downloaded bronze/MSFT/1772079249.json -> D:\ADF_folder\real-time-stocks-mds\data\s3_downloads/MSFT_1772079249.json
[2026-03-01T06:00:02.341+0000] {logging_mixin.py:188} INFO - Downloaded bronze/MSFT/1772079282.json -> D:\ADF_folder\real-time-stocks-mds\data\s3_downloads/MSFT_1772079282.json
[2026-03-01T06:00:02.342+0000] {logging_mixin.py:188} INFO - 
Processing prefix: bronze/TSLA/
[2026-03-01T06:00:03.169+0000] {logging_mixin.py:188} INFO - Downloaded bronze/TSLA/1771463599.json -> D:\ADF_folder\real-time-stocks-mds\data\s3_downloads/TSLA_1771463599.json
[2026-03-01T06:00:03.550+0000] {logging_mixin.py:188} INFO - Downloaded bronze/TSLA/1771463632.json -> D:\ADF_folder\real-time-stocks-mds\data\s3_downloads/TSLA_1771463632.json
[2026-03-01T06:00:03.927+0000] {logging_mixin.py:188} INFO - Downloaded bronze/TSLA/1771463665.json -> D:\ADF_folder\real-time-stocks-mds\data\s3_downloads/TSLA_1771463665.json
[2026-03-01T06:00:04.313+0000] {logging_mixin.py:188} INFO - Downloaded bronze/TSLA/1771463698.json -> D:\ADF_folder\real-time-stocks-mds\data\s3_downloads/TSLA_1771463698.json
[2026-03-01T06:00:04.707+0000] {logging_mixin.py:188} INFO - Downloaded bronze/TSLA/1771463731.json -> D:\ADF_folder\real-time-stocks-mds\data\s3_downloads/TSLA_1771463731.json
[2026-03-01T06:00:05.090+0000] {logging_mixin.py:188} INFO - Downloaded bronze/TSLA/1771463764.json -> D:\ADF_folder\real-time-stocks-mds\data\s3_downloads/TSLA_1771463764.json
[2026-03-01T06:00:05.478+0000] {logging_mixin.py:188} INFO - Downloaded bronze/TSLA/1771463797.json -> D:\ADF_folder\real-time-stocks-mds\data\s3_downloads/TSLA_1771463797.json
[2026-03-01T06:00:05.862+0000] {logging_mixin.py:188} INFO - Downloaded bronze/TSLA/1771463830.json -> D:\ADF_folder\real-time-stocks-mds\data\s3_downloads/TSLA_1771463830.json
[2026-03-01T06:00:06.282+0000] {logging_mixin.py:188} INFO - Downloaded bronze/TSLA/1771463862.json -> D:\ADF_folder\real-time-stocks-mds\data\s3_downloads/TSLA_1771463862.json
[2026-03-01T06:00:06.776+0000] {logging_mixin.py:188} INFO - Downloaded bronze/TSLA/1771463895.json -> D:\ADF_folder\real-time-stocks-mds\data\s3_downloads/TSLA_1771463895.json
[2026-03-01T06:00:06.602+0000] {logging_mixin.py:188} INFO - Downloaded bronze/TSLA/1771463929.json -> D:\ADF_folder\real-time-stocks-mds\data\s3_downloads/TSLA_1771463929.json
[2026-03-01T06:00:06.171+0000] {logging_mixin.py:188} INFO - Downloaded bronze/TSLA/1771463962.json -> D:\ADF_folder\real-time-stocks-mds\data\s3_downloads/TSLA_1771463962.json
[2026-03-01T06:00:06.552+0000] {logging_mixin.py:188} INFO - Downloaded bronze/TSLA/1771463995.json -> D:\ADF_folder\real-time-stocks-mds\data\s3_downloads/TSLA_1771463995.json
[2026-03-01T06:00:06.939+0000] {logging_mixin.py:188} INFO - Downloaded bronze/TSLA/1771464029.json -> D:\ADF_folder\real-time-stocks-mds\data\s3_downloads/TSLA_1771464029.json
[2026-03-01T06:00:07.335+0000] {logging_mixin.py:188} INFO - Downloaded bronze/TSLA/1771464062.json -> D:\ADF_folder\real-time-stocks-mds\data\s3_downloads/TSLA_1771464062.json
[2026-03-01T06:00:07.727+0000] {logging_mixin.py:188} INFO - Downloaded bronze/TSLA/1771464095.json -> D:\ADF_folder\real-time-stocks-mds\data\s3_downloads/TSLA_1771464095.json
[2026-03-01T06:00:08.102+0000] {logging_mixin.py:188} INFO - Downloaded bronze/TSLA/1771464128.json -> D:\ADF_folder\real-time-stocks-mds\data\s3_downloads/TSLA_1771464128.json
[2026-03-01T06:00:08.487+0000] {logging_mixin.py:188} INFO - Downloaded bronze/TSLA/1771464161.json -> D:\ADF_folder\real-time-stocks-mds\data\s3_downloads/TSLA_1771464161.json
[2026-03-01T06:00:08.869+0000] {logging_mixin.py:188} INFO - Downloaded bronze/TSLA/1771464194.json -> D:\ADF_folder\real-time-stocks-mds\data\s3_downloads/TSLA_1771464194.json
[2026-03-01T06:00:09.253+0000] {logging_mixin.py:188} INFO - Downloaded bronze/TSLA/1771464227.json -> D:\ADF_folder\real-time-stocks-mds\data\s3_downloads/TSLA_1771464227.json
[2026-03-01T06:00:09.640+0000] {logging_mixin.py:188} INFO - Downloaded bronze/TSLA/1771464260.json -> D:\ADF_folder\real-time-stocks-mds\data\s3_downloads/TSLA_1771464260.json
[2026-03-01T06:00:10.017+0000] {logging_mixin.py:188} INFO - Downloaded bronze/TSLA/1771464293.json -> D:\ADF_folder\real-time-stocks-mds\data\s3_downloads/TSLA_1771464293.json
[2026-03-01T06:00:10.398+0000] {logging_mixin.py:188} INFO - Downloaded bronze/TSLA/1771464326.json -> D:\ADF_folder\real-time-stocks-mds\data\s3_downloads/TSLA_1771464326.json
[2026-03-01T06:00:10.779+0000] {logging_mixin.py:188} INFO - Downloaded bronze/TSLA/1771465259.json -> D:\ADF_folder\real-time-stocks-mds\data\s3_downloads/TSLA_1771465259.json
[2026-03-01T06:00:11.170+0000] {logging_mixin.py:188} INFO - Downloaded bronze/TSLA/1771465292.json -> D:\ADF_folder\real-time-stocks-mds\data\s3_downloads/TSLA_1771465292.json
[2026-03-01T06:00:11.550+0000] {logging_mixin.py:188} INFO - Downloaded bronze/TSLA/1771465325.json -> D:\ADF_folder\real-time-stocks-mds\data\s3_downloads/TSLA_1771465325.json
[2026-03-01T06:00:11.943+0000] {logging_mixin.py:188} INFO - Downloaded bronze/TSLA/1771465358.json -> D:\ADF_folder\real-time-stocks-mds\data\s3_downloads/TSLA_1771465358.json
[2026-03-01T06:00:12.327+0000] {logging_mixin.py:188} INFO - Downloaded bronze/TSLA/1771465391.json -> D:\ADF_folder\real-time-stocks-mds\data\s3_downloads/TSLA_1771465391.json
[2026-03-01T06:00:12.713+0000] {logging_mixin.py:188} INFO - Downloaded bronze/TSLA/1771465424.json -> D:\ADF_folder\real-time-stocks-mds\data\s3_downloads/TSLA_1771465424.json
[2026-03-01T06:00:13.099+0000] {logging_mixin.py:188} INFO - Downloaded bronze/TSLA/1771465457.json -> D:\ADF_folder\real-time-stocks-mds\data\s3_downloads/TSLA_1771465457.json
[2026-03-01T06:00:13.491+0000] {logging_mixin.py:188} INFO - Downloaded bronze/TSLA/1771465490.json -> D:\ADF_folder\real-time-stocks-mds\data\s3_downloads/TSLA_1771465490.json
[2026-03-01T06:00:13.873+0000] {logging_mixin.py:188} INFO - Downloaded bronze/TSLA/1771465523.json -> D:\ADF_folder\real-time-stocks-mds\data\s3_downloads/TSLA_1771465523.json
[2026-03-01T06:00:14.262+0000] {logging_mixin.py:188} INFO - Downloaded bronze/TSLA/1771465556.json -> D:\ADF_folder\real-time-stocks-mds\data\s3_downloads/TSLA_1771465556.json
[2026-03-01T06:00:14.653+0000] {logging_mixin.py:188} INFO - Downloaded bronze/TSLA/1772074570.json -> D:\ADF_folder\real-time-stocks-mds\data\s3_downloads/TSLA_1772074570.json
[2026-03-01T06:00:15.036+0000] {logging_mixin.py:188} INFO - Downloaded bronze/TSLA/1772074603.json -> D:\ADF_folder\real-time-stocks-mds\data\s3_downloads/TSLA_1772074603.json
[2026-03-01T06:00:15.423+0000] {logging_mixin.py:188} INFO - Downloaded bronze/TSLA/1772074635.json -> D:\ADF_folder\real-time-stocks-mds\data\s3_downloads/TSLA_1772074635.json
[2026-03-01T06:00:15.803+0000] {logging_mixin.py:188} INFO - Downloaded bronze/TSLA/1772074669.json -> D:\ADF_folder\real-time-stocks-mds\data\s3_downloads/TSLA_1772074669.json
[2026-03-01T06:00:16.180+0000] {logging_mixin.py:188} INFO - Downloaded bronze/TSLA/1772074702.json -> D:\ADF_folder\real-time-stocks-mds\data\s3_downloads/TSLA_1772074702.json
[2026-03-01T06:00:17.027+0000] {logging_mixin.py:188} INFO - Downloaded bronze/TSLA/1772074735.json -> D:\ADF_folder\real-time-stocks-mds\data\s3_downloads/TSLA_1772074735.json
[2026-03-01T06:00:17.417+0000] {logging_mixin.py:188} INFO - Downloaded bronze/TSLA/1772074768.json -> D:\ADF_folder\real-time-stocks-mds\data\s3_downloads/TSLA_1772074768.json
[2026-03-01T06:00:17.806+0000] {logging_mixin.py:188} INFO - Downloaded bronze/TSLA/1772074801.json -> D:\ADF_folder\real-time-stocks-mds\data\s3_downloads/TSLA_1772074801.json
[2026-03-01T06:00:18.196+0000] {logging_mixin.py:188} INFO - Downloaded bronze/TSLA/1772074835.json -> D:\ADF_folder\real-time-stocks-mds\data\s3_downloads/TSLA_1772074835.json
[2026-03-01T06:00:18.583+0000] {logging_mixin.py:188} INFO - Downloaded bronze/TSLA/1772074868.json -> D:\ADF_folder\real-time-stocks-mds\data\s3_downloads/TSLA_1772074868.json
[2026-03-01T06:00:18.970+0000] {logging_mixin.py:188} INFO - Downloaded bronze/TSLA/1772074901.json -> D:\ADF_folder\real-time-stocks-mds\data\s3_downloads/TSLA_1772074901.json
[2026-03-01T06:00:19.360+0000] {logging_mixin.py:188} INFO - Downloaded bronze/TSLA/1772074934.json -> D:\ADF_folder\real-time-stocks-mds\data\s3_downloads/TSLA_1772074934.json
[2026-03-01T06:00:19.754+0000] {logging_mixin.py:188} INFO - Downloaded bronze/TSLA/1772074967.json -> D:\ADF_folder\real-time-stocks-mds\data\s3_downloads/TSLA_1772074967.json
[2026-03-01T06:00:20.157+0000] {logging_mixin.py:188} INFO - Downloaded bronze/TSLA/1772075000.json -> D:\ADF_folder\real-time-stocks-mds\data\s3_downloads/TSLA_1772075000.json
[2026-03-01T06:00:20.549+0000] {logging_mixin.py:188} INFO - Downloaded bronze/TSLA/1772075033.json -> D:\ADF_folder\real-time-stocks-mds\data\s3_downloads/TSLA_1772075033.json
[2026-03-01T06:00:20.934+0000] {logging_mixin.py:188} INFO - Downloaded bronze/TSLA/1772075066.json -> D:\ADF_folder\real-time-stocks-mds\data\s3_downloads/TSLA_1772075066.json
[2026-03-01T06:00:21.327+0000] {logging_mixin.py:188} INFO - Downloaded bronze/TSLA/1772075099.json -> D:\ADF_folder\real-time-stocks-mds\data\s3_downloads/TSLA_1772075099.json
[2026-03-01T06:00:21.715+0000] {logging_mixin.py:188} INFO - Downloaded bronze/TSLA/1772075132.json -> D:\ADF_folder\real-time-stocks-mds\data\s3_downloads/TSLA_1772075132.json
[2026-03-01T06:00:22.100+0000] {logging_mixin.py:188} INFO - Downloaded bronze/TSLA/1772075165.json -> D:\ADF_folder\real-time-stocks-mds\data\s3_downloads/TSLA_1772075165.json
[2026-03-01T06:00:22.492+0000] {logging_mixin.py:188} INFO - Downloaded bronze/TSLA/1772075198.json -> D:\ADF_folder\real-time-stocks-mds\data\s3_downloads/TSLA_1772075198.json
[2026-03-01T06:00:22.874+0000] {logging_mixin.py:188} INFO - Downloaded bronze/TSLA/1772075231.json -> D:\ADF_folder\real-time-stocks-mds\data\s3_downloads/TSLA_1772075231.json
[2026-03-01T06:00:23.257+0000] {logging_mixin.py:188} INFO - Downloaded bronze/TSLA/1772075297.json -> D:\ADF_folder\real-time-stocks-mds\data\s3_downloads/TSLA_1772075297.json
[2026-03-01T06:00:23.642+0000] {logging_mixin.py:188} INFO - Downloaded bronze/TSLA/1772075330.json -> D:\ADF_folder\real-time-stocks-mds\data\s3_downloads/TSLA_1772075330.json
[2026-03-01T06:00:24.030+0000] {logging_mixin.py:188} INFO - Downloaded bronze/TSLA/1772075362.json -> D:\ADF_folder\real-time-stocks-mds\data\s3_downloads/TSLA_1772075362.json
[2026-03-01T06:00:24.424+0000] {logging_mixin.py:188} INFO - Downloaded bronze/TSLA/1772075395.json -> D:\ADF_folder\real-time-stocks-mds\data\s3_downloads/TSLA_1772075395.json
[2026-03-01T06:00:24.808+0000] {logging_mixin.py:188} INFO - Downloaded bronze/TSLA/1772075428.json -> D:\ADF_folder\real-time-stocks-mds\data\s3_downloads/TSLA_1772075428.json
[2026-03-01T06:00:25.200+0000] {logging_mixin.py:188} INFO - Downloaded bronze/TSLA/1772075461.json -> D:\ADF_folder\real-time-stocks-mds\data\s3_downloads/TSLA_1772075461.json
[2026-03-01T06:00:25.590+0000] {logging_mixin.py:188} INFO - Downloaded bronze/TSLA/1772075494.json -> D:\ADF_folder\real-time-stocks-mds\data\s3_downloads/TSLA_1772075494.json
[2026-03-01T06:00:25.982+0000] {logging_mixin.py:188} INFO - Downloaded bronze/TSLA/1772075527.json -> D:\ADF_folder\real-time-stocks-mds\data\s3_downloads/TSLA_1772075527.json
[2026-03-01T06:00:26.378+0000] {logging_mixin.py:188} INFO - Downloaded bronze/TSLA/1772075560.json -> D:\ADF_folder\real-time-stocks-mds\data\s3_downloads/TSLA_1772075560.json
[2026-03-01T06:00:26.769+0000] {logging_mixin.py:188} INFO - Downloaded bronze/TSLA/1772075594.json -> D:\ADF_folder\real-time-stocks-mds\data\s3_downloads/TSLA_1772075594.json
[2026-03-01T06:00:27.164+0000] {logging_mixin.py:188} INFO - Downloaded bronze/TSLA/1772075627.json -> D:\ADF_folder\real-time-stocks-mds\data\s3_downloads/TSLA_1772075627.json
[2026-03-01T06:00:27.554+0000] {logging_mixin.py:188} INFO - Downloaded bronze/TSLA/1772075660.json -> D:\ADF_folder\real-time-stocks-mds\data\s3_downloads/TSLA_1772075660.json
[2026-03-01T06:00:27.948+0000] {logging_mixin.py:188} INFO - Downloaded bronze/TSLA/1772075693.json -> D:\ADF_folder\real-time-stocks-mds\data\s3_downloads/TSLA_1772075693.json
[2026-03-01T06:00:28.339+0000] {logging_mixin.py:188} INFO - Downloaded bronze/TSLA/1772075726.json -> D:\ADF_folder\real-time-stocks-mds\data\s3_downloads/TSLA_1772075726.json
[2026-03-01T06:00:28.727+0000] {logging_mixin.py:188} INFO - Downloaded bronze/TSLA/1772075759.json -> D:\ADF_folder\real-time-stocks-mds\data\s3_downloads/TSLA_1772075759.json
[2026-03-01T06:00:29.119+0000] {logging_mixin.py:188} INFO - Downloaded bronze/TSLA/1772075792.json -> D:\ADF_folder\real-time-stocks-mds\data\s3_downloads/TSLA_1772075792.json
[2026-03-01T06:00:29.499+0000] {logging_mixin.py:188} INFO - Downloaded bronze/TSLA/1772075824.json -> D:\ADF_folder\real-time-stocks-mds\data\s3_downloads/TSLA_1772075824.json
[2026-03-01T06:00:29.900+0000] {logging_mixin.py:188} INFO - Downloaded bronze/TSLA/1772075857.json -> D:\ADF_folder\real-time-stocks-mds\data\s3_downloads/TSLA_1772075857.json
[2026-03-01T06:00:30.288+0000] {logging_mixin.py:188} INFO - Downloaded bronze/TSLA/1772075890.json -> D:\ADF_folder\real-time-stocks-mds\data\s3_downloads/TSLA_1772075890.json
[2026-03-01T06:00:30.673+0000] {logging_mixin.py:188} INFO - Downloaded bronze/TSLA/1772075923.json -> D:\ADF_folder\real-time-stocks-mds\data\s3_downloads/TSLA_1772075923.json
[2026-03-01T06:00:31.063+0000] {logging_mixin.py:188} INFO - Downloaded bronze/TSLA/1772075956.json -> D:\ADF_folder\real-time-stocks-mds\data\s3_downloads/TSLA_1772075956.json
[2026-03-01T06:00:31.455+0000] {logging_mixin.py:188} INFO - Downloaded bronze/TSLA/1772075989.json -> D:\ADF_folder\real-time-stocks-mds\data\s3_downloads/TSLA_1772075989.json
[2026-03-01T06:00:31.843+0000] {logging_mixin.py:188} INFO - Downloaded bronze/TSLA/1772076021.json -> D:\ADF_folder\real-time-stocks-mds\data\s3_downloads/TSLA_1772076021.json
[2026-03-01T06:00:32.237+0000] {logging_mixin.py:188} INFO - Downloaded bronze/TSLA/1772076055.json -> D:\ADF_folder\real-time-stocks-mds\data\s3_downloads/TSLA_1772076055.json
[2026-03-01T06:00:32.627+0000] {logging_mixin.py:188} INFO - Downloaded bronze/TSLA/1772076088.json -> D:\ADF_folder\real-time-stocks-mds\data\s3_downloads/TSLA_1772076088.json
[2026-03-01T06:00:33.015+0000] {logging_mixin.py:188} INFO - Downloaded bronze/TSLA/1772076121.json -> D:\ADF_folder\real-time-stocks-mds\data\s3_downloads/TSLA_1772076121.json
[2026-03-01T06:00:33.397+0000] {logging_mixin.py:188} INFO - Downloaded bronze/TSLA/1772076154.json -> D:\ADF_folder\real-time-stocks-mds\data\s3_downloads/TSLA_1772076154.json
[2026-03-01T06:00:33.794+0000] {logging_mixin.py:188} INFO - Downloaded bronze/TSLA/1772076187.json -> D:\ADF_folder\real-time-stocks-mds\data\s3_downloads/TSLA_1772076187.json
[2026-03-01T06:00:34.189+0000] {logging_mixin.py:188} INFO - Downloaded bronze/TSLA/1772076220.json -> D:\ADF_folder\real-time-stocks-mds\data\s3_downloads/TSLA_1772076220.json
[2026-03-01T06:00:34.582+0000] {logging_mixin.py:188} INFO - Downloaded bronze/TSLA/1772076253.json -> D:\ADF_folder\real-time-stocks-mds\data\s3_downloads/TSLA_1772076253.json
[2026-03-01T06:00:34.980+0000] {logging_mixin.py:188} INFO - Downloaded bronze/TSLA/1772076285.json -> D:\ADF_folder\real-time-stocks-mds\data\s3_downloads/TSLA_1772076285.json
[2026-03-01T06:00:35.362+0000] {logging_mixin.py:188} INFO - Downloaded bronze/TSLA/1772076318.json -> D:\ADF_folder\real-time-stocks-mds\data\s3_downloads/TSLA_1772076318.json
[2026-03-01T06:00:35.754+0000] {logging_mixin.py:188} INFO - Downloaded bronze/TSLA/1772076351.json -> D:\ADF_folder\real-time-stocks-mds\data\s3_downloads/TSLA_1772076351.json
[2026-03-01T06:00:34.785+0000] {logging_mixin.py:188} INFO - Downloaded bronze/TSLA/1772076384.json -> D:\ADF_folder\real-time-stocks-mds\data\s3_downloads/TSLA_1772076384.json
[2026-03-01T06:00:35.691+0000] {logging_mixin.py:188} INFO - Downloaded bronze/TSLA/1772076417.json -> D:\ADF_folder\real-time-stocks-mds\data\s3_downloads/TSLA_1772076417.json
[2026-03-01T06:00:36.122+0000] {logging_mixin.py:188} INFO - Downloaded bronze/TSLA/1772076451.json -> D:\ADF_folder\real-time-stocks-mds\data\s3_downloads/TSLA_1772076451.json
[2026-03-01T06:00:36.560+0000] {logging_mixin.py:188} INFO - Downloaded bronze/TSLA/1772076484.json -> D:\ADF_folder\real-time-stocks-mds\data\s3_downloads/TSLA_1772076484.json
[2026-03-01T06:00:36.999+0000] {logging_mixin.py:188} INFO - Downloaded bronze/TSLA/1772076516.json -> D:\ADF_folder\real-time-stocks-mds\data\s3_downloads/TSLA_1772076516.json
[2026-03-01T06:00:37.445+0000] {logging_mixin.py:188} INFO - Downloaded bronze/TSLA/1772076549.json -> D:\ADF_folder\real-time-stocks-mds\data\s3_downloads/TSLA_1772076549.json
[2026-03-01T06:00:37.891+0000] {logging_mixin.py:188} INFO - Downloaded bronze/TSLA/1772076582.json -> D:\ADF_folder\real-time-stocks-mds\data\s3_downloads/TSLA_1772076582.json
[2026-03-01T06:00:38.343+0000] {logging_mixin.py:188} INFO - Downloaded bronze/TSLA/1772076615.json -> D:\ADF_folder\real-time-stocks-mds\data\s3_downloads/TSLA_1772076615.json
[2026-03-01T06:00:38.801+0000] {logging_mixin.py:188} INFO - Downloaded bronze/TSLA/1772076648.json -> D:\ADF_folder\real-time-stocks-mds\data\s3_downloads/TSLA_1772076648.json
[2026-03-01T06:00:39.255+0000] {logging_mixin.py:188} INFO - Downloaded bronze/TSLA/1772076681.json -> D:\ADF_folder\real-time-stocks-mds\data\s3_downloads/TSLA_1772076681.json
[2026-03-01T06:00:39.707+0000] {logging_mixin.py:188} INFO - Downloaded bronze/TSLA/1772076714.json -> D:\ADF_folder\real-time-stocks-mds\data\s3_downloads/TSLA_1772076714.json
[2026-03-01T06:00:40.172+0000] {logging_mixin.py:188} INFO - Downloaded bronze/TSLA/1772076747.json -> D:\ADF_folder\real-time-stocks-mds\data\s3_downloads/TSLA_1772076747.json
[2026-03-01T06:00:40.627+0000] {logging_mixin.py:188} INFO - Downloaded bronze/TSLA/1772076780.json -> D:\ADF_folder\real-time-stocks-mds\data\s3_downloads/TSLA_1772076780.json
[2026-03-01T06:00:41.086+0000] {logging_mixin.py:188} INFO - Downloaded bronze/TSLA/1772076813.json -> D:\ADF_folder\real-time-stocks-mds\data\s3_downloads/TSLA_1772076813.json
[2026-03-01T06:00:41.547+0000] {logging_mixin.py:188} INFO - Downloaded bronze/TSLA/1772076846.json -> D:\ADF_folder\real-time-stocks-mds\data\s3_downloads/TSLA_1772076846.json
[2026-03-01T06:00:42.015+0000] {logging_mixin.py:188} INFO - Downloaded bronze/TSLA/1772076879.json -> D:\ADF_folder\real-time-stocks-mds\data\s3_downloads/TSLA_1772076879.json
[2026-03-01T06:00:42.486+0000] {logging_mixin.py:188} INFO - Downloaded bronze/TSLA/1772076912.json -> D:\ADF_folder\real-time-stocks-mds\data\s3_downloads/TSLA_1772076912.json
[2026-03-01T06:00:42.967+0000] {logging_mixin.py:188} INFO - Downloaded bronze/TSLA/1772076945.json -> D:\ADF_folder\real-time-stocks-mds\data\s3_downloads/TSLA_1772076945.json
[2026-03-01T06:00:43.463+0000] {logging_mixin.py:188} INFO - Downloaded bronze/TSLA/1772076978.json -> D:\ADF_folder\real-time-stocks-mds\data\s3_downloads/TSLA_1772076978.json
[2026-03-01T06:00:43.961+0000] {logging_mixin.py:188} INFO - Downloaded bronze/TSLA/1772077011.json -> D:\ADF_folder\real-time-stocks-mds\data\s3_downloads/TSLA_1772077011.json
[2026-03-01T06:00:44.470+0000] {logging_mixin.py:188} INFO - Downloaded bronze/TSLA/1772077044.json -> D:\ADF_folder\real-time-stocks-mds\data\s3_downloads/TSLA_1772077044.json
[2026-03-01T06:00:44.960+0000] {logging_mixin.py:188} INFO - Downloaded bronze/TSLA/1772077077.json -> D:\ADF_folder\real-time-stocks-mds\data\s3_downloads/TSLA_1772077077.json
[2026-03-01T06:00:45.485+0000] {logging_mixin.py:188} INFO - Downloaded bronze/TSLA/1772077110.json -> D:\ADF_folder\real-time-stocks-mds\data\s3_downloads/TSLA_1772077110.json
[2026-03-01T06:00:46.002+0000] {logging_mixin.py:188} INFO - Downloaded bronze/TSLA/1772077143.json -> D:\ADF_folder\real-time-stocks-mds\data\s3_downloads/TSLA_1772077143.json
[2026-03-01T06:00:46.517+0000] {logging_mixin.py:188} INFO - Downloaded bronze/TSLA/1772077176.json -> D:\ADF_folder\real-time-stocks-mds\data\s3_downloads/TSLA_1772077176.json
[2026-03-01T06:00:47.024+0000] {logging_mixin.py:188} INFO - Downloaded bronze/TSLA/1772077210.json -> D:\ADF_folder\real-time-stocks-mds\data\s3_downloads/TSLA_1772077210.json
[2026-03-01T06:00:47.531+0000] {logging_mixin.py:188} INFO - Downloaded bronze/TSLA/1772077242.json -> D:\ADF_folder\real-time-stocks-mds\data\s3_downloads/TSLA_1772077242.json
[2026-03-01T06:00:48.034+0000] {logging_mixin.py:188} INFO - Downloaded bronze/TSLA/1772077275.json -> D:\ADF_folder\real-time-stocks-mds\data\s3_downloads/TSLA_1772077275.json
[2026-03-01T06:00:48.529+0000] {logging_mixin.py:188} INFO - Downloaded bronze/TSLA/1772077309.json -> D:\ADF_folder\real-time-stocks-mds\data\s3_downloads/TSLA_1772077309.json
[2026-03-01T06:00:49.014+0000] {logging_mixin.py:188} INFO - Downloaded bronze/TSLA/1772077341.json -> D:\ADF_folder\real-time-stocks-mds\data\s3_downloads/TSLA_1772077341.json
[2026-03-01T06:00:49.513+0000] {logging_mixin.py:188} INFO - Downloaded bronze/TSLA/1772077375.json -> D:\ADF_folder\real-time-stocks-mds\data\s3_downloads/TSLA_1772077375.json
[2026-03-01T06:00:50.003+0000] {logging_mixin.py:188} INFO - Downloaded bronze/TSLA/1772077408.json -> D:\ADF_folder\real-time-stocks-mds\data\s3_downloads/TSLA_1772077408.json
[2026-03-01T06:00:50.506+0000] {logging_mixin.py:188} INFO - Downloaded bronze/TSLA/1772077441.json -> D:\ADF_folder\real-time-stocks-mds\data\s3_downloads/TSLA_1772077441.json
[2026-03-01T06:00:51.012+0000] {logging_mixin.py:188} INFO - Downloaded bronze/TSLA/1772077474.json -> D:\ADF_folder\real-time-stocks-mds\data\s3_downloads/TSLA_1772077474.json
[2026-03-01T06:00:51.519+0000] {logging_mixin.py:188} INFO - Downloaded bronze/TSLA/1772077507.json -> D:\ADF_folder\real-time-stocks-mds\data\s3_downloads/TSLA_1772077507.json
[2026-03-01T06:00:52.024+0000] {logging_mixin.py:188} INFO - Downloaded bronze/TSLA/1772077539.json -> D:\ADF_folder\real-time-stocks-mds\data\s3_downloads/TSLA_1772077539.json
[2026-03-01T06:00:52.534+0000] {logging_mixin.py:188} INFO - Downloaded bronze/TSLA/1772077572.json -> D:\ADF_folder\real-time-stocks-mds\data\s3_downloads/TSLA_1772077572.json
[2026-03-01T06:00:53.041+0000] {logging_mixin.py:188} INFO - Downloaded bronze/TSLA/1772077605.json -> D:\ADF_folder\real-time-stocks-mds\data\s3_downloads/TSLA_1772077605.json
[2026-03-01T06:00:53.538+0000] {logging_mixin.py:188} INFO - Downloaded bronze/TSLA/1772077638.json -> D:\ADF_folder\real-time-stocks-mds\data\s3_downloads/TSLA_1772077638.json
[2026-03-01T06:00:54.041+0000] {logging_mixin.py:188} INFO - Downloaded bronze/TSLA/1772077671.json -> D:\ADF_folder\real-time-stocks-mds\data\s3_downloads/TSLA_1772077671.json
[2026-03-01T06:00:54.539+0000] {logging_mixin.py:188} INFO - Downloaded bronze/TSLA/1772077704.json -> D:\ADF_folder\real-time-stocks-mds\data\s3_downloads/TSLA_1772077704.json
[2026-03-01T06:00:55.032+0000] {logging_mixin.py:188} INFO - Downloaded bronze/TSLA/1772077737.json -> D:\ADF_folder\real-time-stocks-mds\data\s3_downloads/TSLA_1772077737.json
[2026-03-01T06:00:55.529+0000] {logging_mixin.py:188} INFO - Downloaded bronze/TSLA/1772077770.json -> D:\ADF_folder\real-time-stocks-mds\data\s3_downloads/TSLA_1772077770.json
[2026-03-01T06:00:56.032+0000] {logging_mixin.py:188} INFO - Downloaded bronze/TSLA/1772077803.json -> D:\ADF_folder\real-time-stocks-mds\data\s3_downloads/TSLA_1772077803.json
[2026-03-01T06:00:56.544+0000] {logging_mixin.py:188} INFO - Downloaded bronze/TSLA/1772077836.json -> D:\ADF_folder\real-time-stocks-mds\data\s3_downloads/TSLA_1772077836.json
[2026-03-01T06:00:57.051+0000] {logging_mixin.py:188} INFO - Downloaded bronze/TSLA/1772077869.json -> D:\ADF_folder\real-time-stocks-mds\data\s3_downloads/TSLA_1772077869.json
[2026-03-01T06:00:57.546+0000] {logging_mixin.py:188} INFO - Downloaded bronze/TSLA/1772077901.json -> D:\ADF_folder\real-time-stocks-mds\data\s3_downloads/TSLA_1772077901.json
[2026-03-01T06:00:58.039+0000] {logging_mixin.py:188} INFO - Downloaded bronze/TSLA/1772077934.json -> D:\ADF_folder\real-time-stocks-mds\data\s3_downloads/TSLA_1772077934.json
[2026-03-01T06:00:58.525+0000] {logging_mixin.py:188} INFO - Downloaded bronze/TSLA/1772077967.json -> D:\ADF_folder\real-time-stocks-mds\data\s3_downloads/TSLA_1772077967.json
[2026-03-01T06:00:59.000+0000] {logging_mixin.py:188} INFO - Downloaded bronze/TSLA/1772078000.json -> D:\ADF_folder\real-time-stocks-mds\data\s3_downloads/TSLA_1772078000.json
[2026-03-01T06:00:59.477+0000] {logging_mixin.py:188} INFO - Downloaded bronze/TSLA/1772078033.json -> D:\ADF_folder\real-time-stocks-mds\data\s3_downloads/TSLA_1772078033.json
[2026-03-01T06:01:00.515+0000] {logging_mixin.py:188} INFO - Downloaded bronze/TSLA/1772078065.json -> D:\ADF_folder\real-time-stocks-mds\data\s3_downloads/TSLA_1772078065.json
[2026-03-01T06:01:00.995+0000] {logging_mixin.py:188} INFO - Downloaded bronze/TSLA/1772078098.json -> D:\ADF_folder\real-time-stocks-mds\data\s3_downloads/TSLA_1772078098.json
[2026-03-01T06:01:01.470+0000] {logging_mixin.py:188} INFO - Downloaded bronze/TSLA/1772078132.json -> D:\ADF_folder\real-time-stocks-mds\data\s3_downloads/TSLA_1772078132.json
[2026-03-01T06:01:01.941+0000] {logging_mixin.py:188} INFO - Downloaded bronze/TSLA/1772078165.json -> D:\ADF_folder\real-time-stocks-mds\data\s3_downloads/TSLA_1772078165.json
[2026-03-01T06:01:02.411+0000] {logging_mixin.py:188} INFO - Downloaded bronze/TSLA/1772078198.json -> D:\ADF_folder\real-time-stocks-mds\data\s3_downloads/TSLA_1772078198.json
[2026-03-01T06:01:02.893+0000] {logging_mixin.py:188} INFO - Downloaded bronze/TSLA/1772078230.json -> D:\ADF_folder\real-time-stocks-mds\data\s3_downloads/TSLA_1772078230.json
[2026-03-01T06:01:03.385+0000] {logging_mixin.py:188} INFO - Downloaded bronze/TSLA/1772078264.json -> D:\ADF_folder\real-time-stocks-mds\data\s3_downloads/TSLA_1772078264.json
[2026-03-01T06:01:03.892+0000] {logging_mixin.py:188} INFO - Downloaded bronze/TSLA/1772078297.json -> D:\ADF_folder\real-time-stocks-mds\data\s3_downloads/TSLA_1772078297.json
[2026-03-01T06:01:04.405+0000] {logging_mixin.py:188} INFO - Downloaded bronze/TSLA/1772078329.json -> D:\ADF_folder\real-time-stocks-mds\data\s3_downloads/TSLA_1772078329.json
[2026-03-01T06:01:03.411+0000] {logging_mixin.py:188} INFO - Downloaded bronze/TSLA/1772078362.json -> D:\ADF_folder\real-time-stocks-mds\data\s3_downloads/TSLA_1772078362.json
[2026-03-01T06:01:03.922+0000] {logging_mixin.py:188} INFO - Downloaded bronze/TSLA/1772078395.json -> D:\ADF_folder\real-time-stocks-mds\data\s3_downloads/TSLA_1772078395.json
[2026-03-01T06:01:04.453+0000] {logging_mixin.py:188} INFO - Downloaded bronze/TSLA/1772078429.json -> D:\ADF_folder\real-time-stocks-mds\data\s3_downloads/TSLA_1772078429.json
[2026-03-01T06:01:04.978+0000] {logging_mixin.py:188} INFO - Downloaded bronze/TSLA/1772078462.json -> D:\ADF_folder\real-time-stocks-mds\data\s3_downloads/TSLA_1772078462.json
[2026-03-01T06:01:05.506+0000] {logging_mixin.py:188} INFO - Downloaded bronze/TSLA/1772078496.json -> D:\ADF_folder\real-time-stocks-mds\data\s3_downloads/TSLA_1772078496.json
[2026-03-01T06:01:06.035+0000] {logging_mixin.py:188} INFO - Downloaded bronze/TSLA/1772078529.json -> D:\ADF_folder\real-time-stocks-mds\data\s3_downloads/TSLA_1772078529.json
[2026-03-01T06:01:06.552+0000] {logging_mixin.py:188} INFO - Downloaded bronze/TSLA/1772078562.json -> D:\ADF_folder\real-time-stocks-mds\data\s3_downloads/TSLA_1772078562.json
[2026-03-01T06:01:07.052+0000] {logging_mixin.py:188} INFO - Downloaded bronze/TSLA/1772078595.json -> D:\ADF_folder\real-time-stocks-mds\data\s3_downloads/TSLA_1772078595.json
[2026-03-01T06:01:07.561+0000] {logging_mixin.py:188} INFO - Downloaded bronze/TSLA/1772078628.json -> D:\ADF_folder\real-time-stocks-mds\data\s3_downloads/TSLA_1772078628.json
[2026-03-01T06:01:08.068+0000] {logging_mixin.py:188} INFO - Downloaded bronze/TSLA/1772078661.json -> D:\ADF_folder\real-time-stocks-mds\data\s3_downloads/TSLA_1772078661.json
[2026-03-01T06:01:08.564+0000] {logging_mixin.py:188} INFO - Downloaded bronze/TSLA/1772078694.json -> D:\ADF_folder\real-time-stocks-mds\data\s3_downloads/TSLA_1772078694.json
[2026-03-01T06:01:09.059+0000] {logging_mixin.py:188} INFO - Downloaded bronze/TSLA/1772078727.json -> D:\ADF_folder\real-time-stocks-mds\data\s3_downloads/TSLA_1772078727.json
[2026-03-01T06:01:09.572+0000] {logging_mixin.py:188} INFO - Downloaded bronze/TSLA/1772078760.json -> D:\ADF_folder\real-time-stocks-mds\data\s3_downloads/TSLA_1772078760.json
[2026-03-01T06:01:10.079+0000] {logging_mixin.py:188} INFO - Downloaded bronze/TSLA/1772078793.json -> D:\ADF_folder\real-time-stocks-mds\data\s3_downloads/TSLA_1772078793.json
[2026-03-01T06:01:10.595+0000] {logging_mixin.py:188} INFO - Downloaded bronze/TSLA/1772078826.json -> D:\ADF_folder\real-time-stocks-mds\data\s3_downloads/TSLA_1772078826.json
[2026-03-01T06:01:11.105+0000] {logging_mixin.py:188} INFO - Downloaded bronze/TSLA/1772078859.json -> D:\ADF_folder\real-time-stocks-mds\data\s3_downloads/TSLA_1772078859.json
[2026-03-01T06:01:11.612+0000] {logging_mixin.py:188} INFO - Downloaded bronze/TSLA/1772078891.json -> D:\ADF_folder\real-time-stocks-mds\data\s3_downloads/TSLA_1772078891.json
[2026-03-01T06:01:12.119+0000] {logging_mixin.py:188} INFO - Downloaded bronze/TSLA/1772078924.json -> D:\ADF_folder\real-time-stocks-mds\data\s3_downloads/TSLA_1772078924.json
[2026-03-01T06:01:12.618+0000] {logging_mixin.py:188} INFO - Downloaded bronze/TSLA/1772078957.json -> D:\ADF_folder\real-time-stocks-mds\data\s3_downloads/TSLA_1772078957.json
[2026-03-01T06:01:13.124+0000] {logging_mixin.py:188} INFO - Downloaded bronze/TSLA/1772078990.json -> D:\ADF_folder\real-time-stocks-mds\data\s3_downloads/TSLA_1772078990.json
[2026-03-01T06:01:13.631+0000] {logging_mixin.py:188} INFO - Downloaded bronze/TSLA/1772079024.json -> D:\ADF_folder\real-time-stocks-mds\data\s3_downloads/TSLA_1772079024.json
[2026-03-01T06:01:14.139+0000] {logging_mixin.py:188} INFO - Downloaded bronze/TSLA/1772079057.json -> D:\ADF_folder\real-time-stocks-mds\data\s3_downloads/TSLA_1772079057.json
[2026-03-01T06:01:14.646+0000] {logging_mixin.py:188} INFO - Downloaded bronze/TSLA/1772079090.json -> D:\ADF_folder\real-time-stocks-mds\data\s3_downloads/TSLA_1772079090.json
[2026-03-01T06:01:15.170+0000] {logging_mixin.py:188} INFO - Downloaded bronze/TSLA/1772079123.json -> D:\ADF_folder\real-time-stocks-mds\data\s3_downloads/TSLA_1772079123.json
[2026-03-01T06:01:15.694+0000] {logging_mixin.py:188} INFO - Downloaded bronze/TSLA/1772079156.json -> D:\ADF_folder\real-time-stocks-mds\data\s3_downloads/TSLA_1772079156.json
[2026-03-01T06:01:16.208+0000] {logging_mixin.py:188} INFO - Downloaded bronze/TSLA/1772079189.json -> D:\ADF_folder\real-time-stocks-mds\data\s3_downloads/TSLA_1772079189.json
[2026-03-01T06:01:16.709+0000] {logging_mixin.py:188} INFO - Downloaded bronze/TSLA/1772079223.json -> D:\ADF_folder\real-time-stocks-mds\data\s3_downloads/TSLA_1772079223.json
[2026-03-01T06:01:17.182+0000] {logging_mixin.py:188} INFO - Downloaded bronze/TSLA/1772079255.json -> D:\ADF_folder\real-time-stocks-mds\data\s3_downloads/TSLA_1772079255.json
[2026-03-01T06:01:17.578+0000] {logging_mixin.py:188} INFO - Downloaded bronze/TSLA/1772079288.json -> D:\ADF_folder\real-time-stocks-mds\data\s3_downloads/TSLA_1772079288.json
[2026-03-01T06:01:17.585+0000] {python.py:201} INFO - Done. Returned value was: ['D:\\ADF_folder\\real-time-stocks-mds\\data\\s3_downloads/AAPL_1771463612.json', 'D:\\ADF_folder\\real-time-stocks-mds\\data\\s3_downloads/AAPL_1771463645.json', 'D:\\ADF_folder\\real-time-stocks-mds\\data\\s3_downloads/AAPL_1771463678.json', 'D:\\ADF_folder\\real-time-stocks-mds\\data\\s3_downloads/AAPL_1771463711.json', 'D:\\ADF_folder\\real-time-stocks-mds\\data\\s3_downloads/AAPL_1771463744.json', 'D:\\ADF_folder\\real-time-stocks-mds\\data\\s3_downloads/AAPL_1771463777.json', 'D:\\ADF_folder\\real-time-stocks-mds\\data\\s3_downloads/AAPL_1771463810.json', 'D:\\ADF_folder\\real-time-stocks-mds\\data\\s3_downloads/AAPL_1771463843.json', 'D:\\ADF_folder\\real-time-stocks-mds\\data\\s3_downloads/AAPL_1771463876.json', 'D:\\ADF_folder\\real-time-stocks-mds\\data\\s3_downloads/AAPL_1771463909.json', 'D:\\ADF_folder\\real-time-stocks-mds\\data\\s3_downloads/AAPL_1771463942.json', 'D:\\ADF_folder\\real-time-stocks-mds\\data\\s3_downloads/AAPL_1771463975.json', 'D:\\ADF_folder\\real-time-stocks-mds\\data\\s3_downloads/AAPL_1771464008.json', 'D:\\ADF_folder\\real-time-stocks-mds\\data\\s3_downloads/AAPL_1771464042.json', 'D:\\ADF_folder\\real-time-stocks-mds\\data\\s3_downloads/AAPL_1771464075.json', 'D:\\ADF_folder\\real-time-stocks-mds\\data\\s3_downloads/AAPL_1771464108.json', 'D:\\ADF_folder\\real-time-stocks-mds\\data\\s3_downloads/AAPL_1771464141.json', 'D:\\ADF_folder\\real-time-stocks-mds\\data\\s3_downloads/AAPL_1771464174.json', 'D:\\ADF_folder\\real-time-stocks-mds\\data\\s3_downloads/AAPL_1771464207.json', 'D:\\ADF_folder\\real-time-stocks-mds\\data\\s3_downloads/AAPL_1771464240.json', 'D:\\ADF_folder\\real-time-stocks-mds\\data\\s3_downloads/AAPL_1771464273.json', 'D:\\ADF_folder\\real-time-stocks-mds\\data\\s3_downloads/AAPL_1771464306.json', 'D:\\ADF_folder\\real-time-stocks-mds\\data\\s3_downloads/AAPL_1771465239.json', 'D:\\ADF_folder\\real-time-stocks-mds\\data\\s3_downloads/AAPL_1771465272.json', 'D:\\ADF_folder\\real-time-stocks-mds\\data\\s3_downloads/AAPL_1771465305.json', 'D:\\ADF_folder\\real-time-stocks-mds\\data\\s3_downloads/AAPL_1771465338.json', 'D:\\ADF_folder\\real-time-stocks-mds\\data\\s3_downloads/AAPL_1771465371.json', 'D:\\ADF_folder\\real-time-stocks-mds\\data\\s3_downloads/AAPL_1771465404.json', 'D:\\ADF_folder\\real-time-stocks-mds\\data\\s3_downloads/AAPL_1771465437.json', 'D:\\ADF_folder\\real-time-stocks-mds\\data\\s3_downloads/AAPL_1771465470.json', 'D:\\ADF_folder\\real-time-stocks-mds\\data\\s3_downloads/AAPL_1771465503.json', 'D:\\ADF_folder\\real-time-stocks-mds\\data\\s3_downloads/AAPL_1771465536.json', 'D:\\ADF_folder\\real-time-stocks-mds\\data\\s3_downloads/AAPL_1771465569.json', 'D:\\ADF_folder\\real-time-stocks-mds\\data\\s3_downloads/AAPL_1772074550.json', 'D:\\ADF_folder\\real-time-stocks-mds\\data\\s3_downloads/AAPL_1772074583.json', 'D:\\ADF_folder\\real-time-stocks-mds\\data\\s3_downloads/AAPL_1772074616.json', 'D:\\ADF_folder\\real-time-stocks-mds\\data\\s3_downloads/AAPL_1772074649.json', 'D:\\ADF_folder\\real-time-stocks-mds\\data\\s3_downloads/AAPL_1772074683.json', 'D:\\ADF_folder\\real-time-stocks-mds\\data\\s3_downloads/AAPL_1772074715.json', 'D:\\ADF_folder\\real-time-stocks-mds\\data\\s3_downloads/AAPL_1772074748.json', 'D:\\ADF_folder\\real-time-stocks-mds\\data\\s3_downloads/AAPL_1772074781.json', 'D:\\ADF_folder\\real-time-stocks-mds\\data\\s3_downloads/AAPL_1772074815.json', 'D:\\ADF_folder\\real-time-stocks-mds\\data\\s3_downloads/AAPL_1772074848.json', 'D:\\ADF_folder\\real-time-stocks-mds\\data\\s3_downloads/AAPL_1772074881.json', 'D:\\ADF_folder\\real-time-stocks-mds\\data\\s3_downloads/AAPL_1772074914.json', 'D:\\ADF_folder\\real-time-stocks-mds\\data\\s3_downloads/AAPL_1772074947.json', 'D:\\ADF_folder\\real-time-stocks-mds\\data\\s3_downloads/AAPL_1772074980.json', 'D:\\ADF_folder\\real-time-stocks-mds\\data\\s3_downloads/AAPL_1772075013.json', 'D:\\ADF_folder\\real-time-stocks-mds\\data\\s3_downloads/AAPL_1772075046.json', 'D:\\ADF_folder\\real-time-stocks-mds\\data\\s3_downloads/AAPL_1772075079.json', 'D:\\ADF_folder\\real-time-stocks-mds\\data\\s3_downloads/AAPL_1772075112.json', 'D:\\ADF_folder\\real-time-stocks-mds\\data\\s3_downloads/AAPL_1772075145.json', 'D:\\ADF_folder\\real-time-stocks-mds\\data\\s3_downloads/AAPL_1772075178.json', 'D:\\ADF_folder\\real-time-stocks-mds\\data\\s3_downloads/AAPL_1772075211.json', 'D:\\ADF_folder\\real-time-stocks-mds\\data\\s3_downloads/AAPL_1772075244.json', 'D:\\ADF_folder\\real-time-stocks-mds\\data\\s3_downloads/AAPL_1772075277.json', 'D:\\ADF_folder\\real-time-stocks-mds\\data\\s3_downloads/AAPL_1772075310.json', 'D:\\ADF_folder\\real-time-stocks-mds\\data\\s3_downloads/AAPL_1772075343.json', 'D:\\ADF_folder\\real-time-stocks-mds\\data\\s3_downloads/AAPL_1772075376.json', 'D:\\ADF_folder\\real-time-stocks-mds\\data\\s3_downloads/AAPL_1772075409.json', 'D:\\ADF_folder\\real-time-stocks-mds\\data\\s3_downloads/AAPL_1772075441.json', 'D:\\ADF_folder\\real-time-stocks-mds\\data\\s3_downloads/AAPL_1772075474.json', 'D:\\ADF_folder\\real-time-stocks-mds\\data\\s3_downloads/AAPL_1772075507.json', 'D:\\ADF_folder\\real-time-stocks-mds\\data\\s3_downloads/AAPL_1772075540.json', 'D:\\ADF_folder\\real-time-stocks-mds\\data\\s3_downloads/AAPL_1772075573.json', 'D:\\ADF_folder\\real-time-stocks-mds\\data\\s3_downloads/AAPL_1772075607.json', 'D:\\ADF_folder\\real-time-stocks-mds\\data\\s3_downloads/AAPL_1772075640.json', 'D:\\ADF_folder\\real-time-stocks-mds\\data\\s3_downloads/AAPL_1772075673.json', 'D:\\ADF_folder\\real-time-stocks-mds\\data\\s3_downloads/AAPL_1772075706.json', 'D:\\ADF_folder\\real-time-stocks-mds\\data\\s3_downloads/AAPL_1772075739.json', 'D:\\ADF_folder\\real-time-stocks-mds\\data\\s3_downloads/AAPL_1772075772.json', 'D:\\ADF_folder\\real-time-stocks-mds\\data\\s3_downloads/AAPL_1772075805.json', 'D:\\ADF_folder\\real-time-stocks-mds\\data\\s3_downloads/AAPL_1772075838.json', 'D:\\ADF_folder\\real-time-stocks-mds\\data\\s3_downloads/AAPL_1772075870.json', 'D:\\ADF_folder\\real-time-stocks-mds\\data\\s3_downloads/AAPL_1772075903.json', 'D:\\ADF_folder\\real-time-stocks-mds\\data\\s3_downloads/AAPL_1772075936.json', 'D:\\ADF_folder\\real-time-stocks-mds\\data\\s3_downloads/AAPL_1772075969.json', 'D:\\ADF_folder\\real-time-stocks-mds\\data\\s3_downloads/AAPL_1772076002.json', 'D:\\ADF_folder\\real-time-stocks-mds\\data\\s3_downloads/AAPL_1772076035.json', 'D:\\ADF_folder\\real-time-stocks-mds\\data\\s3_downloads/AAPL_1772076068.json', 'D:\\ADF_folder\\real-time-stocks-mds\\data\\s3_downloads/AAPL_1772076101.json', 'D:\\ADF_folder\\real-time-stocks-mds\\data\\s3_downloads/AAPL_1772076134.json', 'D:\\ADF_folder\\real-time-stocks-mds\\data\\s3_downloads/AAPL_1772076167.json', 'D:\\ADF_folder\\real-time-stocks-mds\\data\\s3_downloads/AAPL_1772076200.json', 'D:\\ADF_folder\\real-time-stocks-mds\\data\\s3_downloads/AAPL_1772076233.json', 'D:\\ADF_folder\\real-time-stocks-mds\\data\\s3_downloads/AAPL_1772076266.json', 'D:\\ADF_folder\\real-time-stocks-mds\\data\\s3_downloads/AAPL_1772076298.json', 'D:\\ADF_folder\\real-time-stocks-mds\\data\\s3_downloads/AAPL_1772076331.json', 'D:\\ADF_folder\\real-time-stocks-mds\\data\\s3_downloads/AAPL_1772076364.json', 'D:\\ADF_folder\\real-time-stocks-mds\\data\\s3_downloads/AAPL_1772076397.json', 'D:\\ADF_folder\\real-time-stocks-mds\\data\\s3_downloads/AAPL_1772076431.json', 'D:\\ADF_folder\\real-time-stocks-mds\\data\\s3_downloads/AAPL_1772076464.json', 'D:\\ADF_folder\\real-time-stocks-mds\\data\\s3_downloads/AAPL_1772076497.json', 'D:\\ADF_folder\\real-time-stocks-mds\\data\\s3_downloads/AAPL_1772076530.json', 'D:\\ADF_folder\\real-time-stocks-mds\\data\\s3_downloads/AAPL_1772076563.json', 'D:\\ADF_folder\\real-time-stocks-mds\\data\\s3_downloads/AAPL_1772076595.json', 'D:\\ADF_folder\\real-time-stocks-mds\\data\\s3_downloads/AAPL_1772076628.json', 'D:\\ADF_folder\\real-time-stocks-mds\\data\\s3_downloads/AAPL_1772076661.json', 'D:\\ADF_folder\\real-time-stocks-mds\\data\\s3_downloads/AAPL_1772076694.json', 'D:\\ADF_folder\\real-time-stocks-mds\\data\\s3_downloads/AAPL_1772076727.json', 'D:\\ADF_folder\\real-time-stocks-mds\\data\\s3_downloads/AAPL_1772076760.json', 'D:\\ADF_folder\\real-time-stocks-mds\\data\\s3_downloads/AAPL_1772076793.json', 'D:\\ADF_folder\\real-time-stocks-mds\\data\\s3_downloads/AAPL_1772076826.json', 'D:\\ADF_folder\\real-time-stocks-mds\\data\\s3_downloads/AAPL_1772076859.json', 'D:\\ADF_folder\\real-time-stocks-mds\\data\\s3_downloads/AAPL_1772076892.json', 'D:\\ADF_folder\\real-time-stocks-mds\\data\\s3_downloads/AAPL_1772076925.json', 'D:\\ADF_folder\\real-time-stocks-mds\\data\\s3_downloads/AAPL_1772076958.json', 'D:\\ADF_folder\\real-time-stocks-mds\\data\\s3_downloads/AAPL_1772076991.json', 'D:\\ADF_folder\\real-time-stocks-mds\\data\\s3_downloads/AAPL_1772077025.json', 'D:\\ADF_folder\\real-time-stocks-mds\\data\\s3_downloads/AAPL_1772077058.json', 'D:\\ADF_folder\\real-time-stocks-mds\\data\\s3_downloads/AAPL_1772077091.json', 'D:\\ADF_folder\\real-time-stocks-mds\\data\\s3_downloads/AAPL_1772077123.json', 'D:\\ADF_folder\\real-time-stocks-mds\\data\\s3_downloads/AAPL_1772077157.json', 'D:\\ADF_folder\\real-time-stocks-mds\\data\\s3_downloads/AAPL_1772077190.json', 'D:\\ADF_folder\\real-time-stocks-mds\\data\\s3_downloads/AAPL_1772077223.json', 'D:\\ADF_folder\\real-time-stocks-mds\\data\\s3_downloads/AAPL_1772077256.json', 'D:\\ADF_folder\\real-time-stocks-mds\\data\\s3_downloads/AAPL_1772077289.json', 'D:\\ADF_folder\\real-time-stocks-mds\\data\\s3_downloads/AAPL_1772077322.json', 'D:\\ADF_folder\\real-time-stocks-mds\\data\\s3_downloads/AAPL_1772077356.json', 'D:\\ADF_folder\\real-time-stocks-mds\\data\\s3_downloads/AAPL_1772077388.json', 'D:\\ADF_folder\\real-time-stocks-mds\\data\\s3_downloads/AAPL_1772077421.json', 'D:\\ADF_folder\\real-time-stocks-mds\\data\\s3_downloads/AAPL_1772077454.json', 'D:\\ADF_folder\\real-time-stocks-mds\\data\\s3_downloads/AAPL_1772077487.json', 'D:\\ADF_folder\\real-time-stocks-mds\\data\\s3_downloads/AAPL_1772077520.json', 'D:\\ADF_folder\\real-time-stocks-mds\\data\\s3_downloads/AAPL_1772077553.json', 'D:\\ADF_folder\\real-time-stocks-mds\\data\\s3_downloads/AAPL_1772077586.json', 'D:\\ADF_folder\\real-time-stocks-mds\\data\\s3_downloads/AAPL_1772077619.json', 'D:\\ADF_folder\\real-time-stocks-mds\\data\\s3_downloads/AAPL_1772077652.json', 'D:\\ADF_folder\\real-time-stocks-mds\\data\\s3_downloads/AAPL_1772077685.json', 'D:\\ADF_folder\\real-time-stocks-mds\\data\\s3_downloads/AAPL_1772077718.json', 'D:\\ADF_folder\\real-time-stocks-mds\\data\\s3_downloads/AAPL_1772077750.json', 'D:\\ADF_folder\\real-time-stocks-mds\\data\\s3_downloads/AAPL_1772077783.json', 'D:\\ADF_folder\\real-time-stocks-mds\\data\\s3_downloads/AAPL_1772077816.json', 'D:\\ADF_folder\\real-time-stocks-mds\\data\\s3_downloads/AAPL_1772077849.json', 'D:\\ADF_folder\\real-time-stocks-mds\\data\\s3_downloads/AAPL_1772077882.json', 'D:\\ADF_folder\\real-time-stocks-mds\\data\\s3_downloads/AAPL_1772077915.json', 'D:\\ADF_folder\\real-time-stocks-mds\\data\\s3_downloads/AAPL_1772077947.json', 'D:\\ADF_folder\\real-time-stocks-mds\\data\\s3_downloads/AAPL_1772077980.json', 'D:\\ADF_folder\\real-time-stocks-mds\\data\\s3_downloads/AAPL_1772078013.json', 'D:\\ADF_folder\\real-time-stocks-mds\\data\\s3_downloads/AAPL_1772078046.json', 'D:\\ADF_folder\\real-time-stocks-mds\\data\\s3_downloads/AAPL_1772078079.json', 'D:\\ADF_folder\\real-time-stocks-mds\\data\\s3_downloads/AAPL_1772078112.json', 'D:\\ADF_folder\\real-time-stocks-mds\\data\\s3_downloads/AAPL_1772078145.json', 'D:\\ADF_folder\\real-time-stocks-mds\\data\\s3_downloads/AAPL_1772078178.json', 'D:\\ADF_folder\\real-time-stocks-mds\\data\\s3_downloads/AAPL_1772078211.json', 'D:\\ADF_folder\\real-time-stocks-mds\\data\\s3_downloads/AAPL_1772078244.json', 'D:\\ADF_folder\\real-time-stocks-mds\\data\\s3_downloads/AAPL_1772078277.json', 'D:\\ADF_folder\\real-time-stocks-mds\\data\\s3_downloads/AAPL_1772078310.json', 'D:\\ADF_folder\\real-time-stocks-mds\\data\\s3_downloads/AAPL_1772078342.json', 'D:\\ADF_folder\\real-time-stocks-mds\\data\\s3_downloads/AAPL_1772078375.json', 'D:\\ADF_folder\\real-time-stocks-mds\\data\\s3_downloads/AAPL_1772078409.json', 'D:\\ADF_folder\\real-time-stocks-mds\\data\\s3_downloads/AAPL_1772078442.json', 'D:\\ADF_folder\\real-time-stocks-mds\\data\\s3_downloads/AAPL_1772078475.json', 'D:\\ADF_folder\\real-time-stocks-mds\\data\\s3_downloads/AAPL_1772078509.json', 'D:\\ADF_folder\\real-time-stocks-mds\\data\\s3_downloads/AAPL_1772078542.json', 'D:\\ADF_folder\\real-time-stocks-mds\\data\\s3_downloads/AAPL_1772078575.json', 'D:\\ADF_folder\\real-time-stocks-mds\\data\\s3_downloads/AAPL_1772078608.json', 'D:\\ADF_folder\\real-time-stocks-mds\\data\\s3_downloads/AAPL_1772078641.json', 'D:\\ADF_folder\\real-time-stocks-mds\\data\\s3_downloads/AAPL_1772078674.json', 'D:\\ADF_folder\\real-time-stocks-mds\\data\\s3_downloads/AAPL_1772078707.json', 'D:\\ADF_folder\\real-time-stocks-mds\\data\\s3_downloads/AAPL_1772078740.json', 'D:\\ADF_folder\\real-time-stocks-mds\\data\\s3_downloads/AAPL_1772078773.json', 'D:\\ADF_folder\\real-time-stocks-mds\\data\\s3_downloads/AAPL_1772078806.json', 'D:\\ADF_folder\\real-time-stocks-mds\\data\\s3_downloads/AAPL_1772078839.json', 'D:\\ADF_folder\\real-time-stocks-mds\\data\\s3_downloads/AAPL_1772078872.json', 'D:\\ADF_folder\\real-time-stocks-mds\\data\\s3_downloads/AAPL_1772078904.json', 'D:\\ADF_folder\\real-time-stocks-mds\\data\\s3_downloads/AAPL_1772078937.json', 'D:\\ADF_folder\\real-time-stocks-mds\\data\\s3_downloads/AAPL_1772078970.json', 'D:\\ADF_folder\\real-time-stocks-mds\\data\\s3_downloads/AAPL_1772079004.json', 'D:\\ADF_folder\\real-time-stocks-mds\\data\\s3_downloads/AAPL_1772079037.json', 'D:\\ADF_folder\\real-time-stocks-mds\\data\\s3_downloads/AAPL_1772079071.json', 'D:\\ADF_folder\\real-time-stocks-mds\\data\\s3_downloads/AAPL_1772079104.json', 'D:\\ADF_folder\\real-time-stocks-mds\\data\\s3_downloads/AAPL_1772079137.json', 'D:\\ADF_folder\\real-time-stocks-mds\\data\\s3_downloads/AAPL_1772079170.json', 'D:\\ADF_folder\\real-time-stocks-mds\\data\\s3_downloads/AAPL_1772079203.json', 'D:\\ADF_folder\\real-time-stocks-mds\\data\\s3_downloads/AAPL_1772079236.json', 'D:\\ADF_folder\\real-time-stocks-mds\\data\\s3_downloads/AAPL_1772079269.json', 'D:\\ADF_folder\\real-time-stocks-mds\\data\\s3_downloads/GOOGL_1771463605.json', 'D:\\ADF_folder\\real-time-stocks-mds\\data\\s3_downloads/GOOGL_1771463638.json', 'D:\\ADF_folder\\real-time-stocks-mds\\data\\s3_downloads/GOOGL_1771463671.json', 'D:\\ADF_folder\\real-time-stocks-mds\\data\\s3_downloads/GOOGL_1771463704.json', 'D:\\ADF_folder\\real-time-stocks-mds\\data\\s3_downloads/GOOGL_1771463737.json', 'D:\\ADF_folder\\real-time-stocks-mds\\data\\s3_downloads/GOOGL_1771463770.json', 'D:\\ADF_folder\\real-time-stocks-mds\\data\\s3_downloads/GOOGL_1771463803.json', 'D:\\ADF_folder\\real-time-stocks-mds\\data\\s3_downloads/GOOGL_1771463836.json', 'D:\\ADF_folder\\real-time-stocks-mds\\data\\s3_downloads/GOOGL_1771463869.json', 'D:\\ADF_folder\\real-time-stocks-mds\\data\\s3_downloads/GOOGL_1771463902.json', 'D:\\ADF_folder\\real-time-stocks-mds\\data\\s3_downloads/GOOGL_1771463936.json', 'D:\\ADF_folder\\real-time-stocks-mds\\data\\s3_downloads/GOOGL_1771463968.json', 'D:\\ADF_folder\\real-time-stocks-mds\\data\\s3_downloads/GOOGL_1771464002.json', 'D:\\ADF_folder\\real-time-stocks-mds\\data\\s3_downloads/GOOGL_1771464035.json', 'D:\\ADF_folder\\real-time-stocks-mds\\data\\s3_downloads/GOOGL_1771464068.json', 'D:\\ADF_folder\\real-time-stocks-mds\\data\\s3_downloads/GOOGL_1771464101.json', 'D:\\ADF_folder\\real-time-stocks-mds\\data\\s3_downloads/GOOGL_1771464134.json', 'D:\\ADF_folder\\real-time-stocks-mds\\data\\s3_downloads/GOOGL_1771464167.json', 'D:\\ADF_folder\\real-time-stocks-mds\\data\\s3_downloads/GOOGL_1771464200.json', 'D:\\ADF_folder\\real-time-stocks-mds\\data\\s3_downloads/GOOGL_1771464233.json', 'D:\\ADF_folder\\real-time-stocks-mds\\data\\s3_downloads/GOOGL_1771464266.json', 'D:\\ADF_folder\\real-time-stocks-mds\\data\\s3_downloads/GOOGL_1771464299.json', 'D:\\ADF_folder\\real-time-stocks-mds\\data\\s3_downloads/GOOGL_1771465232.json', 'D:\\ADF_folder\\real-time-stocks-mds\\data\\s3_downloads/GOOGL_1771465265.json', 'D:\\ADF_folder\\real-time-stocks-mds\\data\\s3_downloads/GOOGL_1771465298.json', 'D:\\ADF_folder\\real-time-stocks-mds\\data\\s3_downloads/GOOGL_1771465331.json', 'D:\\ADF_folder\\real-time-stocks-mds\\data\\s3_downloads/GOOGL_1771465364.json', 'D:\\ADF_folder\\real-time-stocks-mds\\data\\s3_downloads/GOOGL_1771465397.json', 'D:\\ADF_folder\\real-time-stocks-mds\\data\\s3_downloads/GOOGL_1771465430.json', 'D:\\ADF_folder\\real-time-stocks-mds\\data\\s3_downloads/GOOGL_1771465463.json', 'D:\\ADF_folder\\real-time-stocks-mds\\data\\s3_downloads/GOOGL_1771465496.json', 'D:\\ADF_folder\\real-time-stocks-mds\\data\\s3_downloads/GOOGL_1771465529.json', 'D:\\ADF_folder\\real-time-stocks-mds\\data\\s3_downloads/GOOGL_1771465562.json', 'D:\\ADF_folder\\real-time-stocks-mds\\data\\s3_downloads/GOOGL_1772074576.json', 'D:\\ADF_folder\\real-time-stocks-mds\\data\\s3_downloads/GOOGL_1772074609.json', 'D:\\ADF_folder\\real-time-stocks-mds\\data\\s3_downloads/GOOGL_1772074642.json', 'D:\\ADF_folder\\real-time-stocks-mds\\data\\s3_downloads/GOOGL_1772074676.json', 'D:\\ADF_folder\\real-time-stocks-mds\\data\\s3_downloads/GOOGL_1772074709.json', 'D:\\ADF_folder\\real-time-stocks-mds\\data\\s3_downloads/GOOGL_1772074742.json', 'D:\\ADF_folder\\real-time-stocks-mds\\data\\s3_downloads/GOOGL_1772074775.json', 'D:\\ADF_folder\\real-time-stocks-mds\\data\\s3_downloads/GOOGL_1772074808.json', 'D:\\ADF_folder\\real-time-stocks-mds\\data\\s3_downloads/GOOGL_1772074841.json', 'D:\\ADF_folder\\real-time-stocks-mds\\data\\s3_downloads/GOOGL_1772074874.json', 'D:\\ADF_folder\\real-time-stocks-mds\\data\\s3_downloads/GOOGL_1772074907.json', 'D:\\ADF_folder\\real-time-stocks-mds\\data\\s3_downloads/GOOGL_1772074940.json', 'D:\\ADF_folder\\real-time-stocks-mds\\data\\s3_downloads/GOOGL_1772074973.json', 'D:\\ADF_folder\\real-time-stocks-mds\\data\\s3_downloads/GOOGL_1772075006.json', 'D:\\ADF_folder\\real-time-stocks-mds\\data\\s3_downloads/GOOGL_1772075039.json', 'D:\\ADF_folder\\real-time-stocks-mds\\data\\s3_downloads/GOOGL_1772075072.json', 'D:\\ADF_folder\\real-time-stocks-mds\\data\\s3_downloads/GOOGL_1772075105.json', 'D:\\ADF_folder\\real-time-stocks-mds\\data\\s3_downloads/GOOGL_1772075138.json', 'D:\\ADF_folder\\real-time-stocks-mds\\data\\s3_downloads/GOOGL_1772075171.json', 'D:\\ADF_folder\\real-time-stocks-mds\\data\\s3_downloads/GOOGL_1772075204.json', 'D:\\ADF_folder\\real-time-stocks-mds\\data\\s3_downloads/GOOGL_1772075237.json', 'D:\\ADF_folder\\real-time-stocks-mds\\data\\s3_downloads/GOOGL_1772075270.json', 'D:\\ADF_folder\\real-time-stocks-mds\\data\\s3_downloads/GOOGL_1772075303.json', 'D:\\ADF_folder\\real-time-stocks-mds\\data\\s3_downloads/GOOGL_1772075336.json', 'D:\\ADF_folder\\real-time-stocks-mds\\data\\s3_downloads/GOOGL_1772075369.json', 'D:\\ADF_folder\\real-time-stocks-mds\\data\\s3_downloads/GOOGL_1772075402.json', 'D:\\ADF_folder\\real-time-stocks-mds\\data\\s3_downloads/GOOGL_1772075435.json', 'D:\\ADF_folder\\real-time-stocks-mds\\data\\s3_downloads/GOOGL_1772075468.json', 'D:\\ADF_folder\\real-time-stocks-mds\\data\\s3_downloads/GOOGL_1772075500.json', 'D:\\ADF_folder\\real-time-stocks-mds\\data\\s3_downloads/GOOGL_1772075533.json', 'D:\\ADF_folder\\real-time-stocks-mds\\data\\s3_downloads/GOOGL_1772075566.json', 'D:\\ADF_folder\\real-time-stocks-mds\\data\\s3_downloads/GOOGL_1772075600.json', 'D:\\ADF_folder\\real-time-stocks-mds\\data\\s3_downloads/GOOGL_1772075634.json', 'D:\\ADF_folder\\real-time-stocks-mds\\data\\s3_downloads/GOOGL_1772075666.json', 'D:\\ADF_folder\\real-time-stocks-mds\\data\\s3_downloads/GOOGL_1772075699.json', 'D:\\ADF_folder\\real-time-stocks-mds\\data\\s3_downloads/GOOGL_1772075732.json', 'D:\\ADF_folder\\real-time-stocks-mds\\data\\s3_downloads/GOOGL_1772075765.json', 'D:\\ADF_folder\\real-time-stocks-mds\\data\\s3_downloads/GOOGL_1772075798.json', 'D:\\ADF_folder\\real-time-stocks-mds\\data\\s3_downloads/GOOGL_1772075831.json', 'D:\\ADF_folder\\real-time-stocks-mds\\data\\s3_downloads/GOOGL_1772075864.json', 'D:\\ADF_folder\\real-time-stocks-mds\\data\\s3_downloads/GOOGL_1772075896.json', 'D:\\ADF_folder\\real-time-stocks-mds\\data\\s3_downloads/GOOGL_1772075930.json', 'D:\\ADF_folder\\real-time-stocks-mds\\data\\s3_downloads/GOOGL_1772075962.json', 'D:\\ADF_folder\\real-time-stocks-mds\\data\\s3_downloads/GOOGL_1772075995.json', 'D:\\ADF_folder\\real-time-stocks-mds\\data\\s3_downloads/GOOGL_1772076028.json', 'D:\\ADF_folder\\real-time-stocks-mds\\data\\s3_downloads/GOOGL_1772076062.json', 'D:\\ADF_folder\\real-time-stocks-mds\\data\\s3_downloads/GOOGL_1772076094.json', 'D:\\ADF_folder\\real-time-stocks-mds\\data\\s3_downloads/GOOGL_1772076127.json', 'D:\\ADF_folder\\real-time-stocks-mds\\data\\s3_downloads/GOOGL_1772076160.json', 'D:\\ADF_folder\\real-time-stocks-mds\\data\\s3_downloads/GOOGL_1772076193.json', 'D:\\ADF_folder\\real-time-stocks-mds\\data\\s3_downloads/GOOGL_1772076226.json', 'D:\\ADF_folder\\real-time-stocks-mds\\data\\s3_downloads/GOOGL_1772076259.json', 'D:\\ADF_folder\\real-time-stocks-mds\\data\\s3_downloads/GOOGL_1772076292.json', 'D:\\ADF_folder\\real-time-stocks-mds\\data\\s3_downloads/GOOGL_1772076325.json', 'D:\\ADF_folder\\real-time-stocks-mds\\data\\s3_downloads/GOOGL_1772076357.json', 'D:\\ADF_folder\\real-time-stocks-mds\\data\\s3_downloads/GOOGL_1772076390.json', 'D:\\ADF_folder\\real-time-stocks-mds\\data\\s3_downloads/GOOGL_1772076423.json', 'D:\\ADF_folder\\real-time-stocks-mds\\data\\s3_downloads/GOOGL_1772076457.json', 'D:\\ADF_folder\\real-time-stocks-mds\\data\\s3_downloads/GOOGL_1772076490.json', 'D:\\ADF_folder\\real-time-stocks-mds\\data\\s3_downloads/GOOGL_1772076523.json', 'D:\\ADF_folder\\real-time-stocks-mds\\data\\s3_downloads/GOOGL_1772076556.json', 'D:\\ADF_folder\\real-time-stocks-mds\\data\\s3_downloads/GOOGL_1772076589.json', 'D:\\ADF_folder\\real-time-stocks-mds\\data\\s3_downloads/GOOGL_1772076622.json', 'D:\\ADF_folder\\real-time-stocks-mds\\data\\s3_downloads/GOOGL_1772076655.json', 'D:\\ADF_folder\\real-time-stocks-mds\\data\\s3_downloads/GOOGL_1772076687.json', 'D:\\ADF_folder\\real-time-stocks-mds\\data\\s3_downloads/GOOGL_1772076720.json', 'D:\\ADF_folder\\real-time-stocks-mds\\data\\s3_downloads/GOOGL_1772076754.json', 'D:\\ADF_folder\\real-time-stocks-mds\\data\\s3_downloads/GOOGL_1772076787.json', 'D:\\ADF_folder\\real-time-stocks-mds\\data\\s3_downloads/GOOGL_1772076820.json', 'D:\\ADF_folder\\real-time-stocks-mds\\data\\s3_downloads/GOOGL_1772076853.json', 'D:\\ADF_folder\\real-time-stocks-mds\\data\\s3_downloads/GOOGL_1772076886.json', 'D:\\ADF_folder\\real-time-stocks-mds\\data\\s3_downloads/GOOGL_1772076919.json', 'D:\\ADF_folder\\real-time-stocks-mds\\data\\s3_downloads/GOOGL_1772076952.json', 'D:\\ADF_folder\\real-time-stocks-mds\\data\\s3_downloads/GOOGL_1772076985.json', 'D:\\ADF_folder\\real-time-stocks-mds\\data\\s3_downloads/GOOGL_1772077018.json', 'D:\\ADF_folder\\real-time-stocks-mds\\data\\s3_downloads/GOOGL_1772077051.json', 'D:\\ADF_folder\\real-time-stocks-mds\\data\\s3_downloads/GOOGL_1772077084.json', 'D:\\ADF_folder\\real-time-stocks-mds\\data\\s3_downloads/GOOGL_1772077117.json', 'D:\\ADF_folder\\real-time-stocks-mds\\data\\s3_downloads/GOOGL_1772077150.json', 'D:\\ADF_folder\\real-time-stocks-mds\\data\\s3_downloads/GOOGL_1772077183.json', 'D:\\ADF_folder\\real-time-stocks-mds\\data\\s3_downloads/GOOGL_1772077216.json', 'D:\\ADF_folder\\real-time-stocks-mds\\data\\s3_downloads/GOOGL_1772077249.json', 'D:\\ADF_folder\\real-time-stocks-mds\\data\\s3_downloads/GOOGL_1772077282.json', 'D:\\ADF_folder\\real-time-stocks-mds\\data\\s3_downloads/GOOGL_1772077315.json', 'D:\\ADF_folder\\real-time-stocks-mds\\data\\s3_downloads/GOOGL_1772077349.json', 'D:\\ADF_folder\\real-time-stocks-mds\\data\\s3_downloads/GOOGL_1772077382.json', 'D:\\ADF_folder\\real-time-stocks-mds\\data\\s3_downloads/GOOGL_1772077415.json', 'D:\\ADF_folder\\real-time-stocks-mds\\data\\s3_downloads/GOOGL_1772077448.json', 'D:\\ADF_folder\\real-time-stocks-mds\\data\\s3_downloads/GOOGL_1772077481.json', 'D:\\ADF_folder\\real-time-stocks-mds\\data\\s3_downloads/GOOGL_1772077513.json', 'D:\\ADF_folder\\real-time-stocks-mds\\data\\s3_downloads/GOOGL_1772077546.json', 'D:\\ADF_folder\\real-time-stocks-mds\\data\\s3_downloads/GOOGL_1772077579.json', 'D:\\ADF_folder\\real-time-stocks-mds\\data\\s3_downloads/GOOGL_1772077612.json', 'D:\\ADF_folder\\real-time-stocks-mds\\data\\s3_downloads/GOOGL_1772077645.json', 'D:\\ADF_folder\\real-time-stocks-mds\\data\\s3_downloads/GOOGL_1772077678.json', 'D:\\ADF_folder\\real-time-stocks-mds\\data\\s3_downloads/GOOGL_1772077711.json', 'D:\\ADF_folder\\real-time-stocks-mds\\data\\s3_downloads/GOOGL_1772077744.json', 'D:\\ADF_folder\\real-time-stocks-mds\\data\\s3_downloads/GOOGL_1772077777.json', 'D:\\ADF_folder\\real-time-stocks-mds\\data\\s3_downloads/GOOGL_1772077810.json', 'D:\\ADF_folder\\real-time-stocks-mds\\data\\s3_downloads/GOOGL_1772077842.json', 'D:\\ADF_folder\\real-time-stocks-mds\\data\\s3_downloads/GOOGL_1772077875.json', 'D:\\ADF_folder\\real-time-stocks-mds\\data\\s3_downloads/GOOGL_1772077908.json', 'D:\\ADF_folder\\real-time-stocks-mds\\data\\s3_downloads/GOOGL_1772077941.json', 'D:\\ADF_folder\\real-time-stocks-mds\\data\\s3_downloads/GOOGL_1772077974.json', 'D:\\ADF_folder\\real-time-stocks-mds\\data\\s3_downloads/GOOGL_1772078006.json', 'D:\\ADF_folder\\real-time-stocks-mds\\data\\s3_downloads/GOOGL_1772078039.json', 'D:\\ADF_folder\\real-time-stocks-mds\\data\\s3_downloads/GOOGL_1772078072.json', 'D:\\ADF_folder\\real-time-stocks-mds\\data\\s3_downloads/GOOGL_1772078105.json', 'D:\\ADF_folder\\real-time-stocks-mds\\data\\s3_downloads/GOOGL_1772078138.json', 'D:\\ADF_folder\\real-time-stocks-mds\\data\\s3_downloads/GOOGL_1772078171.json', 'D:\\ADF_folder\\real-time-stocks-mds\\data\\s3_downloads/GOOGL_1772078204.json', 'D:\\ADF_folder\\real-time-stocks-mds\\data\\s3_downloads/GOOGL_1772078237.json', 'D:\\ADF_folder\\real-time-stocks-mds\\data\\s3_downloads/GOOGL_1772078270.json', 'D:\\ADF_folder\\real-time-stocks-mds\\data\\s3_downloads/GOOGL_1772078303.json', 'D:\\ADF_folder\\real-time-stocks-mds\\data\\s3_downloads/GOOGL_1772078336.json', 'D:\\ADF_folder\\real-time-stocks-mds\\data\\s3_downloads/GOOGL_1772078369.json', 'D:\\ADF_folder\\real-time-stocks-mds\\data\\s3_downloads/GOOGL_1772078402.json', 'D:\\ADF_folder\\real-time-stocks-mds\\data\\s3_downloads/GOOGL_1772078435.json', 'D:\\ADF_folder\\real-time-stocks-mds\\data\\s3_downloads/GOOGL_1772078468.json', 'D:\\ADF_folder\\real-time-stocks-mds\\data\\s3_downloads/GOOGL_1772078502.json', 'D:\\ADF_folder\\real-time-stocks-mds\\data\\s3_downloads/GOOGL_1772078535.json', 'D:\\ADF_folder\\real-time-stocks-mds\\data\\s3_downloads/GOOGL_1772078568.json', 'D:\\ADF_folder\\real-time-stocks-mds\\data\\s3_downloads/GOOGL_1772078601.json', 'D:\\ADF_folder\\real-time-stocks-mds\\data\\s3_downloads/GOOGL_1772078635.json', 'D:\\ADF_folder\\real-time-stocks-mds\\data\\s3_downloads/GOOGL_1772078667.json', 'D:\\ADF_folder\\real-time-stocks-mds\\data\\s3_downloads/GOOGL_1772078700.json', 'D:\\ADF_folder\\real-time-stocks-mds\\data\\s3_downloads/GOOGL_1772078733.json', 'D:\\ADF_folder\\real-time-stocks-mds\\data\\s3_downloads/GOOGL_1772078766.json', 'D:\\ADF_folder\\real-time-stocks-mds\\data\\s3_downloads/GOOGL_1772078799.json', 'D:\\ADF_folder\\real-time-stocks-mds\\data\\s3_downloads/GOOGL_1772078832.json', 'D:\\ADF_folder\\real-time-stocks-mds\\data\\s3_downloads/GOOGL_1772078865.json', 'D:\\ADF_folder\\real-time-stocks-mds\\data\\s3_downloads/GOOGL_1772078898.json', 'D:\\ADF_folder\\real-time-stocks-mds\\data\\s3_downloads/GOOGL_1772078931.json', 'D:\\ADF_folder\\real-time-stocks-mds\\data\\s3_downloads/GOOGL_1772078964.json', 'D:\\ADF_folder\\real-time-stocks-mds\\data\\s3_downloads/GOOGL_1772078997.json', 'D:\\ADF_folder\\real-time-stocks-mds\\data\\s3_downloads/GOOGL_1772079030.json', 'D:\\ADF_folder\\real-time-stocks-mds\\data\\s3_downloads/GOOGL_1772079064.json', 'D:\\ADF_folder\\real-time-stocks-mds\\data\\s3_downloads/GOOGL_1772079097.json', 'D:\\ADF_folder\\real-time-stocks-mds\\data\\s3_downloads/GOOGL_1772079130.json', 'D:\\ADF_folder\\real-time-stocks-mds\\data\\s3_downloads/GOOGL_1772079163.json', 'D:\\ADF_folder\\real-time-stocks-mds\\data\\s3_downloads/GOOGL_1772079196.json', 'D:\\ADF_folder\\real-time-stocks-mds\\data\\s3_downloads/GOOGL_1772079229.json', 'D:\\ADF_folder\\real-time-stocks-mds\\data\\s3_downloads/GOOGL_1772079262.json', 'D:\\ADF_folder\\real-time-stocks-mds\\data\\s3_downloads/GOOGL_1772079295.json', 'D:\\ADF_folder\\real-time-stocks-mds\\data\\s3_downloads/AMZN_1771463619.json', 'D:\\ADF_folder\\real-time-stocks-mds\\data\\s3_downloads/AMZN_1771463651.json', 'D:\\ADF_folder\\real-time-stocks-mds\\data\\s3_downloads/AMZN_1771463684.json', 'D:\\ADF_folder\\real-time-stocks-mds\\data\\s3_downloads/AMZN_1771463718.json', 'D:\\ADF_folder\\real-time-stocks-mds\\data\\s3_downloads/AMZN_1771463750.json', 'D:\\ADF_folder\\real-time-stocks-mds\\data\\s3_downloads/AMZN_1771463783.json', 'D:\\ADF_folder\\real-time-stocks-mds\\data\\s3_downloads/AMZN_1771463816.json', 'D:\\ADF_folder\\real-time-stocks-mds\\data\\s3_downloads/AMZN_1771463849.json', 'D:\\ADF_folder\\real-time-stocks-mds\\data\\s3_downloads/AMZN_1771463882.json', 'D:\\ADF_folder\\real-time-stocks-mds\\data\\s3_downloads/AMZN_1771463916.json', 'D:\\ADF_folder\\real-time-stocks-mds\\data\\s3_downloads/AMZN_1771463949.json', 'D:\\ADF_folder\\real-time-stocks-mds\\data\\s3_downloads/AMZN_1771463982.json', 'D:\\ADF_folder\\real-time-stocks-mds\\data\\s3_downloads/AMZN_1771464015.json', 'D:\\ADF_folder\\real-time-stocks-mds\\data\\s3_downloads/AMZN_1771464048.json', 'D:\\ADF_folder\\real-time-stocks-mds\\data\\s3_downloads/AMZN_1771464082.json', 'D:\\ADF_folder\\real-time-stocks-mds\\data\\s3_downloads/AMZN_1771464115.json', 'D:\\ADF_folder\\real-time-stocks-mds\\data\\s3_downloads/AMZN_1771464148.json', 'D:\\ADF_folder\\real-time-stocks-mds\\data\\s3_downloads/AMZN_1771464181.json', 'D:\\ADF_folder\\real-time-stocks-mds\\data\\s3_downloads/AMZN_1771464213.json', 'D:\\ADF_folder\\real-time-stocks-mds\\data\\s3_downloads/AMZN_1771464247.json', 'D:\\ADF_folder\\real-time-stocks-mds\\data\\s3_downloads/AMZN_1771464280.json', 'D:\\ADF_folder\\real-time-stocks-mds\\data\\s3_downloads/AMZN_1771464313.json', 'D:\\ADF_folder\\real-time-stocks-mds\\data\\s3_downloads/AMZN_1771465245.json', 'D:\\ADF_folder\\real-time-stocks-mds\\data\\s3_downloads/AMZN_1771465279.json', 'D:\\ADF_folder\\real-time-stocks-mds\\data\\s3_downloads/AMZN_1771465312.json', 'D:\\ADF_folder\\real-time-stocks-mds\\data\\s3_downloads/AMZN_1771465344.json', 'D:\\ADF_folder\\real-time-stocks-mds\\data\\s3_downloads/AMZN_1771465378.json', 'D:\\ADF_folder\\real-time-stocks-mds\\data\\s3_downloads/AMZN_1771465411.json', 'D:\\ADF_folder\\real-time-stocks-mds\\data\\s3_downloads/AMZN_1771465443.json', 'D:\\ADF_folder\\real-time-stocks-mds\\data\\s3_downloads/AMZN_1771465477.json', 'D:\\ADF_folder\\real-time-stocks-mds\\data\\s3_downloads/AMZN_1771465510.json', 'D:\\ADF_folder\\real-time-stocks-mds\\data\\s3_downloads/AMZN_1771465543.json', 'D:\\ADF_folder\\real-time-stocks-mds\\data\\s3_downloads/AMZN_1771465576.json', 'D:\\ADF_folder\\real-time-stocks-mds\\data\\s3_downloads/AMZN_1772074557.json', 'D:\\ADF_folder\\real-time-stocks-mds\\data\\s3_downloads/AMZN_1772074590.json', 'D:\\ADF_folder\\real-time-stocks-mds\\data\\s3_downloads/AMZN_1772074622.json', 'D:\\ADF_folder\\real-time-stocks-mds\\data\\s3_downloads/AMZN_1772074655.json', 'D:\\ADF_folder\\real-time-stocks-mds\\data\\s3_downloads/AMZN_1772074689.json', 'D:\\ADF_folder\\real-time-stocks-mds\\data\\s3_downloads/AMZN_1772074722.json', 'D:\\ADF_folder\\real-time-stocks-mds\\data\\s3_downloads/AMZN_1772074755.json', 'D:\\ADF_folder\\real-time-stocks-mds\\data\\s3_downloads/AMZN_1772074788.json', 'D:\\ADF_folder\\real-time-stocks-mds\\data\\s3_downloads/AMZN_1772074822.json', 'D:\\ADF_folder\\real-time-stocks-mds\\data\\s3_downloads/AMZN_1772074855.json', 'D:\\ADF_folder\\real-time-stocks-mds\\data\\s3_downloads/AMZN_1772074887.json', 'D:\\ADF_folder\\real-time-stocks-mds\\data\\s3_downloads/AMZN_1772074921.json', 'D:\\ADF_folder\\real-time-stocks-mds\\data\\s3_downloads/AMZN_1772074954.json', 'D:\\ADF_folder\\real-time-stocks-mds\\data\\s3_downloads/AMZN_1772074986.json', 'D:\\ADF_folder\\real-time-stocks-mds\\data\\s3_downloads/AMZN_1772075020.json', 'D:\\ADF_folder\\real-time-stocks-mds\\data\\s3_downloads/AMZN_1772075052.json', 'D:\\ADF_folder\\real-time-stocks-mds\\data\\s3_downloads/AMZN_1772075086.json', 'D:\\ADF_folder\\real-time-stocks-mds\\data\\s3_downloads/AMZN_1772075119.json', 'D:\\ADF_folder\\real-time-stocks-mds\\data\\s3_downloads/AMZN_1772075152.json', 'D:\\ADF_folder\\real-time-stocks-mds\\data\\s3_downloads/AMZN_1772075184.json', 'D:\\ADF_folder\\real-time-stocks-mds\\data\\s3_downloads/AMZN_1772075217.json', 'D:\\ADF_folder\\real-time-stocks-mds\\data\\s3_downloads/AMZN_1772075250.json', 'D:\\ADF_folder\\real-time-stocks-mds\\data\\s3_downloads/AMZN_1772075283.json', 'D:\\ADF_folder\\real-time-stocks-mds\\data\\s3_downloads/AMZN_1772075316.json', 'D:\\ADF_folder\\real-time-stocks-mds\\data\\s3_downloads/AMZN_1772075349.json', 'D:\\ADF_folder\\real-time-stocks-mds\\data\\s3_downloads/AMZN_1772075382.json', 'D:\\ADF_folder\\real-time-stocks-mds\\data\\s3_downloads/AMZN_1772075415.json', 'D:\\ADF_folder\\real-time-stocks-mds\\data\\s3_downloads/AMZN_1772075448.json', 'D:\\ADF_folder\\real-time-stocks-mds\\data\\s3_downloads/AMZN_1772075481.json', 'D:\\ADF_folder\\real-time-stocks-mds\\data\\s3_downloads/AMZN_1772075513.json', 'D:\\ADF_folder\\real-time-stocks-mds\\data\\s3_downloads/AMZN_1772075546.json', 'D:\\ADF_folder\\real-time-stocks-mds\\data\\s3_downloads/AMZN_1772075579.json', 'D:\\ADF_folder\\real-time-stocks-mds\\data\\s3_downloads/AMZN_1772075614.json', 'D:\\ADF_folder\\real-time-stocks-mds\\data\\s3_downloads/AMZN_1772075647.json', 'D:\\ADF_folder\\real-time-stocks-mds\\data\\s3_downloads/AMZN_1772075680.json', 'D:\\ADF_folder\\real-time-stocks-mds\\data\\s3_downloads/AMZN_1772075712.json', 'D:\\ADF_folder\\real-time-stocks-mds\\data\\s3_downloads/AMZN_1772075745.json', 'D:\\ADF_folder\\real-time-stocks-mds\\data\\s3_downloads/AMZN_1772075778.json', 'D:\\ADF_folder\\real-time-stocks-mds\\data\\s3_downloads/AMZN_1772075811.json', 'D:\\ADF_folder\\real-time-stocks-mds\\data\\s3_downloads/AMZN_1772075844.json', 'D:\\ADF_folder\\real-time-stocks-mds\\data\\s3_downloads/AMZN_1772075877.json', 'D:\\ADF_folder\\real-time-stocks-mds\\data\\s3_downloads/AMZN_1772075910.json', 'D:\\ADF_folder\\real-time-stocks-mds\\data\\s3_downloads/AMZN_1772075943.json', 'D:\\ADF_folder\\real-time-stocks-mds\\data\\s3_downloads/AMZN_1772075975.json', 'D:\\ADF_folder\\real-time-stocks-mds\\data\\s3_downloads/AMZN_1772076008.json', 'D:\\ADF_folder\\real-time-stocks-mds\\data\\s3_downloads/AMZN_1772076041.json', 'D:\\ADF_folder\\real-time-stocks-mds\\data\\s3_downloads/AMZN_1772076075.json', 'D:\\ADF_folder\\real-time-stocks-mds\\data\\s3_downloads/AMZN_1772076108.json', 'D:\\ADF_folder\\real-time-stocks-mds\\data\\s3_downloads/AMZN_1772076140.json', 'D:\\ADF_folder\\real-time-stocks-mds\\data\\s3_downloads/AMZN_1772076173.json', 'D:\\ADF_folder\\real-time-stocks-mds\\data\\s3_downloads/AMZN_1772076207.json', 'D:\\ADF_folder\\real-time-stocks-mds\\data\\s3_downloads/AMZN_1772076239.json', 'D:\\ADF_folder\\real-time-stocks-mds\\data\\s3_downloads/AMZN_1772076272.json', 'D:\\ADF_folder\\real-time-stocks-mds\\data\\s3_downloads/AMZN_1772076305.json', 'D:\\ADF_folder\\real-time-stocks-mds\\data\\s3_downloads/AMZN_1772076338.json', 'D:\\ADF_folder\\real-time-stocks-mds\\data\\s3_downloads/AMZN_1772076371.json', 'D:\\ADF_folder\\real-time-stocks-mds\\data\\s3_downloads/AMZN_1772076403.json', 'D:\\ADF_folder\\real-time-stocks-mds\\data\\s3_downloads/AMZN_1772076437.json', 'D:\\ADF_folder\\real-time-stocks-mds\\data\\s3_downloads/AMZN_1772076470.json', 'D:\\ADF_folder\\real-time-stocks-mds\\data\\s3_downloads/AMZN_1772076503.json', 'D:\\ADF_folder\\real-time-stocks-mds\\data\\s3_downloads/AMZN_1772076536.json', 'D:\\ADF_folder\\real-time-stocks-mds\\data\\s3_downloads/AMZN_1772076569.json', 'D:\\ADF_folder\\real-time-stocks-mds\\data\\s3_downloads/AMZN_1772076602.json', 'D:\\ADF_folder\\real-time-stocks-mds\\data\\s3_downloads/AMZN_1772076635.json', 'D:\\ADF_folder\\real-time-stocks-mds\\data\\s3_downloads/AMZN_1772076668.json', 'D:\\ADF_folder\\real-time-stocks-mds\\data\\s3_downloads/AMZN_1772076701.json', 'D:\\ADF_folder\\real-time-stocks-mds\\data\\s3_downloads/AMZN_1772076734.json', 'D:\\ADF_folder\\real-time-stocks-mds\\data\\s3_downloads/AMZN_1772076767.json', 'D:\\ADF_folder\\real-time-stocks-mds\\data\\s3_downloads/AMZN_1772076800.json', 'D:\\ADF_folder\\real-time-stocks-mds\\data\\s3_downloads/AMZN_1772076833.json', 'D:\\ADF_folder\\real-time-stocks-mds\\data\\s3_downloads/AMZN_1772076866.json', 'D:\\ADF_folder\\real-time-stocks-mds\\data\\s3_downloads/AMZN_1772076899.json', 'D:\\ADF_folder\\real-time-stocks-mds\\data\\s3_downloads/AMZN_1772076932.json', 'D:\\ADF_folder\\real-time-stocks-mds\\data\\s3_downloads/AMZN_1772076965.json', 'D:\\ADF_folder\\real-time-stocks-mds\\data\\s3_downloads/AMZN_1772076998.json', 'D:\\ADF_folder\\real-time-stocks-mds\\data\\s3_downloads/AMZN_1772077031.json', 'D:\\ADF_folder\\real-time-stocks-mds\\data\\s3_downloads/AMZN_1772077064.json', 'D:\\ADF_folder\\real-time-stocks-mds\\data\\s3_downloads/AMZN_1772077097.json', 'D:\\ADF_folder\\real-time-stocks-mds\\data\\s3_downloads/AMZN_1772077130.json', 'D:\\ADF_folder\\real-time-stocks-mds\\data\\s3_downloads/AMZN_1772077163.json', 'D:\\ADF_folder\\real-time-stocks-mds\\data\\s3_downloads/AMZN_1772077196.json', 'D:\\ADF_folder\\real-time-stocks-mds\\data\\s3_downloads/AMZN_1772077229.json', 'D:\\ADF_folder\\real-time-stocks-mds\\data\\s3_downloads/AMZN_1772077262.json', 'D:\\ADF_folder\\real-time-stocks-mds\\data\\s3_downloads/AMZN_1772077295.json', 'D:\\ADF_folder\\real-time-stocks-mds\\data\\s3_downloads/AMZN_1772077328.json', 'D:\\ADF_folder\\real-time-stocks-mds\\data\\s3_downloads/AMZN_1772077362.json', 'D:\\ADF_folder\\real-time-stocks-mds\\data\\s3_downloads/AMZN_1772077395.json', 'D:\\ADF_folder\\real-time-stocks-mds\\data\\s3_downloads/AMZN_1772077428.json', 'D:\\ADF_folder\\real-time-stocks-mds\\data\\s3_downloads/AMZN_1772077461.json', 'D:\\ADF_folder\\real-time-stocks-mds\\data\\s3_downloads/AMZN_1772077494.json', 'D:\\ADF_folder\\real-time-stocks-mds\\data\\s3_downloads/AMZN_1772077526.json', 'D:\\ADF_folder\\real-time-stocks-mds\\data\\s3_downloads/AMZN_1772077559.json', 'D:\\ADF_folder\\real-time-stocks-mds\\data\\s3_downloads/AMZN_1772077592.json', 'D:\\ADF_folder\\real-time-stocks-mds\\data\\s3_downloads/AMZN_1772077625.json', 'D:\\ADF_folder\\real-time-stocks-mds\\data\\s3_downloads/AMZN_1772077658.json', 'D:\\ADF_folder\\real-time-stocks-mds\\data\\s3_downloads/AMZN_1772077691.json', 'D:\\ADF_folder\\real-time-stocks-mds\\data\\s3_downloads/AMZN_1772077724.json', 'D:\\ADF_folder\\real-time-stocks-mds\\data\\s3_downloads/AMZN_1772077757.json', 'D:\\ADF_folder\\real-time-stocks-mds\\data\\s3_downloads/AMZN_1772077790.json', 'D:\\ADF_folder\\real-time-stocks-mds\\data\\s3_downloads/AMZN_1772077823.json', 'D:\\ADF_folder\\real-time-stocks-mds\\data\\s3_downloads/AMZN_1772077856.json', 'D:\\ADF_folder\\real-time-stocks-mds\\data\\s3_downloads/AMZN_1772077888.json', 'D:\\ADF_folder\\real-time-stocks-mds\\data\\s3_downloads/AMZN_1772077921.json', 'D:\\ADF_folder\\real-time-stocks-mds\\data\\s3_downloads/AMZN_1772077954.json', 'D:\\ADF_folder\\real-time-stocks-mds\\data\\s3_downloads/AMZN_1772077987.json', 'D:\\ADF_folder\\real-time-stocks-mds\\data\\s3_downloads/AMZN_1772078019.json', 'D:\\ADF_folder\\real-time-stocks-mds\\data\\s3_downloads/AMZN_1772078052.json', 'D:\\ADF_folder\\real-time-stocks-mds\\data\\s3_downloads/AMZN_1772078085.json', 'D:\\ADF_folder\\real-time-stocks-mds\\data\\s3_downloads/AMZN_1772078118.json', 'D:\\ADF_folder\\real-time-stocks-mds\\data\\s3_downloads/AMZN_1772078152.json', 'D:\\ADF_folder\\real-time-stocks-mds\\data\\s3_downloads/AMZN_1772078184.json', 'D:\\ADF_folder\\real-time-stocks-mds\\data\\s3_downloads/AMZN_1772078217.json', 'D:\\ADF_folder\\real-time-stocks-mds\\data\\s3_downloads/AMZN_1772078250.json', 'D:\\ADF_folder\\real-time-stocks-mds\\data\\s3_downloads/AMZN_1772078283.json', 'D:\\ADF_folder\\real-time-stocks-mds\\data\\s3_downloads/AMZN_1772078316.json', 'D:\\ADF_folder\\real-time-stocks-mds\\data\\s3_downloads/AMZN_1772078349.json', 'D:\\ADF_folder\\real-time-stocks-mds\\data\\s3_downloads/AMZN_1772078382.json', 'D:\\ADF_folder\\real-time-stocks-mds\\data\\s3_downloads/AMZN_1772078415.json', 'D:\\ADF_folder\\real-time-stocks-mds\\data\\s3_downloads/AMZN_1772078448.json', 'D:\\ADF_folder\\real-time-stocks-mds\\data\\s3_downloads/AMZN_1772078482.json', 'D:\\ADF_folder\\real-time-stocks-mds\\data\\s3_downloads/AMZN_1772078516.json', 'D:\\ADF_folder\\real-time-stocks-mds\\data\\s3_downloads/AMZN_1772078549.json', 'D:\\ADF_folder\\real-time-stocks-mds\\data\\s3_downloads/AMZN_1772078582.json', 'D:\\ADF_folder\\real-time-stocks-mds\\data\\s3_downloads/AMZN_1772078615.json', 'D:\\ADF_folder\\real-time-stocks-mds\\data\\s3_downloads/AMZN_1772078648.json', 'D:\\ADF_folder\\real-time-stocks-mds\\data\\s3_downloads/AMZN_1772078680.json', 'D:\\ADF_folder\\real-time-stocks-mds\\data\\s3_downloads/AMZN_1772078714.json', 'D:\\ADF_folder\\real-time-stocks-mds\\data\\s3_downloads/AMZN_1772078747.json', 'D:\\ADF_folder\\real-time-stocks-mds\\data\\s3_downloads/AMZN_1772078779.json', 'D:\\ADF_folder\\real-time-stocks-mds\\data\\s3_downloads/AMZN_1772078812.json', 'D:\\ADF_folder\\real-time-stocks-mds\\data\\s3_downloads/AMZN_1772078845.json', 'D:\\ADF_folder\\real-time-stocks-mds\\data\\s3_downloads/AMZN_1772078878.json', 'D:\\ADF_folder\\real-time-stocks-mds\\data\\s3_downloads/AMZN_1772078911.json', 'D:\\ADF_folder\\real-time-stocks-mds\\data\\s3_downloads/AMZN_1772078944.json', 'D:\\ADF_folder\\real-time-stocks-mds\\data\\s3_downloads/AMZN_1772078977.json', 'D:\\ADF_folder\\real-time-stocks-mds\\data\\s3_downloads/AMZN_1772079010.json', 'D:\\ADF_folder\\real-time-stocks-mds\\data\\s3_downloads/AMZN_1772079043.json', 'D:\\ADF_folder\\real-time-stocks-mds\\data\\s3_downloads/AMZN_1772079077.json', 'D:\\ADF_folder\\real-time-stocks-mds\\data\\s3_downloads/AMZN_1772079110.json', 'D:\\ADF_folder\\real-time-stocks-mds\\data\\s3_downloads/AMZN_1772079143.json', 'D:\\ADF_folder\\real-time-stocks-mds\\data\\s3_downloads/AMZN_1772079176.json', 'D:\\ADF_folder\\real-time-stocks-mds\\data\\s3_downloads/AMZN_1772079209.json', 'D:\\ADF_folder\\real-time-stocks-mds\\data\\s3_downloads/AMZN_1772079242.json', 'D:\\ADF_folder\\real-time-stocks-mds\\data\\s3_downloads/AMZN_1772079275.json', 'D:\\ADF_folder\\real-time-stocks-mds\\data\\s3_downloads/MSFT_1771463592.json', 'D:\\ADF_folder\\real-time-stocks-mds\\data\\s3_downloads/MSFT_1771463625.json', 'D:\\ADF_folder\\real-time-stocks-mds\\data\\s3_downloads/MSFT_1771463658.json', 'D:\\ADF_folder\\real-time-stocks-mds\\data\\s3_downloads/MSFT_1771463691.json', 'D:\\ADF_folder\\real-time-stocks-mds\\data\\s3_downloads/MSFT_1771463724.json', 'D:\\ADF_folder\\real-time-stocks-mds\\data\\s3_downloads/MSFT_1771463757.json', 'D:\\ADF_folder\\real-time-stocks-mds\\data\\s3_downloads/MSFT_1771463790.json', 'D:\\ADF_folder\\real-time-stocks-mds\\data\\s3_downloads/MSFT_1771463823.json', 'D:\\ADF_folder\\real-time-stocks-mds\\data\\s3_downloads/MSFT_1771463856.json', 'D:\\ADF_folder\\real-time-stocks-mds\\data\\s3_downloads/MSFT_1771463889.json', 'D:\\ADF_folder\\real-time-stocks-mds\\data\\s3_downloads/MSFT_1771463922.json', 'D:\\ADF_folder\\real-time-stocks-mds\\data\\s3_downloads/MSFT_1771463955.json', 'D:\\ADF_folder\\real-time-stocks-mds\\data\\s3_downloads/MSFT_1771463988.json', 'D:\\ADF_folder\\real-time-stocks-mds\\data\\s3_downloads/MSFT_1771464022.json', 'D:\\ADF_folder\\real-time-stocks-mds\\data\\s3_downloads/MSFT_1771464055.json', 'D:\\ADF_folder\\real-time-stocks-mds\\data\\s3_downloads/MSFT_1771464088.json', 'D:\\ADF_folder\\real-time-stocks-mds\\data\\s3_downloads/MSFT_1771464121.json', 'D:\\ADF_folder\\real-time-stocks-mds\\data\\s3_downloads/MSFT_1771464154.json', 'D:\\ADF_folder\\real-time-stocks-mds\\data\\s3_downloads/MSFT_1771464187.json', 'D:\\ADF_folder\\real-time-stocks-mds\\data\\s3_downloads/MSFT_1771464220.json', 'D:\\ADF_folder\\real-time-stocks-mds\\data\\s3_downloads/MSFT_1771464253.json', 'D:\\ADF_folder\\real-time-stocks-mds\\data\\s3_downloads/MSFT_1771464286.json', 'D:\\ADF_folder\\real-time-stocks-mds\\data\\s3_downloads/MSFT_1771464319.json', 'D:\\ADF_folder\\real-time-stocks-mds\\data\\s3_downloads/MSFT_1771465252.json', 'D:\\ADF_folder\\real-time-stocks-mds\\data\\s3_downloads/MSFT_1771465285.json', 'D:\\ADF_folder\\real-time-stocks-mds\\data\\s3_downloads/MSFT_1771465318.json', 'D:\\ADF_folder\\real-time-stocks-mds\\data\\s3_downloads/MSFT_1771465351.json', 'D:\\ADF_folder\\real-time-stocks-mds\\data\\s3_downloads/MSFT_1771465384.json', 'D:\\ADF_folder\\real-time-stocks-mds\\data\\s3_downloads/MSFT_1771465417.json', 'D:\\ADF_folder\\real-time-stocks-mds\\data\\s3_downloads/MSFT_1771465450.json', 'D:\\ADF_folder\\real-time-stocks-mds\\data\\s3_downloads/MSFT_1771465483.json', 'D:\\ADF_folder\\real-time-stocks-mds\\data\\s3_downloads/MSFT_1771465516.json', 'D:\\ADF_folder\\real-time-stocks-mds\\data\\s3_downloads/MSFT_1771465549.json', 'D:\\ADF_folder\\real-time-stocks-mds\\data\\s3_downloads/MSFT_1771465582.json', 'D:\\ADF_folder\\real-time-stocks-mds\\data\\s3_downloads/MSFT_1772074563.json', 'D:\\ADF_folder\\real-time-stocks-mds\\data\\s3_downloads/MSFT_1772074596.json', 'D:\\ADF_folder\\real-time-stocks-mds\\data\\s3_downloads/MSFT_1772074629.json', 'D:\\ADF_folder\\real-time-stocks-mds\\data\\s3_downloads/MSFT_1772074662.json', 'D:\\ADF_folder\\real-time-stocks-mds\\data\\s3_downloads/MSFT_1772074696.json', 'D:\\ADF_folder\\real-time-stocks-mds\\data\\s3_downloads/MSFT_1772074729.json', 'D:\\ADF_folder\\real-time-stocks-mds\\data\\s3_downloads/MSFT_1772074762.json', 'D:\\ADF_folder\\real-time-stocks-mds\\data\\s3_downloads/MSFT_1772074795.json', 'D:\\ADF_folder\\real-time-stocks-mds\\data\\s3_downloads/MSFT_1772074828.json', 'D:\\ADF_folder\\real-time-stocks-mds\\data\\s3_downloads/MSFT_1772074861.json', 'D:\\ADF_folder\\real-time-stocks-mds\\data\\s3_downloads/MSFT_1772074894.json', 'D:\\ADF_folder\\real-time-stocks-mds\\data\\s3_downloads/MSFT_1772074927.json', 'D:\\ADF_folder\\real-time-stocks-mds\\data\\s3_downloads/MSFT_1772074960.json', 'D:\\ADF_folder\\real-time-stocks-mds\\data\\s3_downloads/MSFT_1772074993.json', 'D:\\ADF_folder\\real-time-stocks-mds\\data\\s3_downloads/MSFT_1772075026.json', 'D:\\ADF_folder\\real-time-stocks-mds\\data\\s3_downloads/MSFT_1772075059.json', 'D:\\ADF_folder\\real-time-stocks-mds\\data\\s3_downloads/MSFT_1772075092.json', 'D:\\ADF_folder\\real-time-stocks-mds\\data\\s3_downloads/MSFT_1772075125.json', 'D:\\ADF_folder\\real-time-stocks-mds\\data\\s3_downloads/MSFT_1772075158.json', 'D:\\ADF_folder\\real-time-stocks-mds\\data\\s3_downloads/MSFT_1772075191.json', 'D:\\ADF_folder\\real-time-stocks-mds\\data\\s3_downloads/MSFT_1772075224.json', 'D:\\ADF_folder\\real-time-stocks-mds\\data\\s3_downloads/MSFT_1772075257.json', 'D:\\ADF_folder\\real-time-stocks-mds\\data\\s3_downloads/MSFT_1772075290.json', 'D:\\ADF_folder\\real-time-stocks-mds\\data\\s3_downloads/MSFT_1772075323.json', 'D:\\ADF_folder\\real-time-stocks-mds\\data\\s3_downloads/MSFT_1772075356.json', 'D:\\ADF_folder\\real-time-stocks-mds\\data\\s3_downloads/MSFT_1772075389.json', 'D:\\ADF_folder\\real-time-stocks-mds\\data\\s3_downloads/MSFT_1772075422.json', 'D:\\ADF_folder\\real-time-stocks-mds\\data\\s3_downloads/MSFT_1772075455.json', 'D:\\ADF_folder\\real-time-stocks-mds\\data\\s3_downloads/MSFT_1772075487.json', 'D:\\ADF_folder\\real-time-stocks-mds\\data\\s3_downloads/MSFT_1772075520.json', 'D:\\ADF_folder\\real-time-stocks-mds\\data\\s3_downloads/MSFT_1772075553.json', 'D:\\ADF_folder\\real-time-stocks-mds\\data\\s3_downloads/MSFT_1772075586.json', 'D:\\ADF_folder\\real-time-stocks-mds\\data\\s3_downloads/MSFT_1772075620.json', 'D:\\ADF_folder\\real-time-stocks-mds\\data\\s3_downloads/MSFT_1772075653.json', 'D:\\ADF_folder\\real-time-stocks-mds\\data\\s3_downloads/MSFT_1772075686.json', 'D:\\ADF_folder\\real-time-stocks-mds\\data\\s3_downloads/MSFT_1772075719.json', 'D:\\ADF_folder\\real-time-stocks-mds\\data\\s3_downloads/MSFT_1772075752.json', 'D:\\ADF_folder\\real-time-stocks-mds\\data\\s3_downloads/MSFT_1772075785.json', 'D:\\ADF_folder\\real-time-stocks-mds\\data\\s3_downloads/MSFT_1772075818.json', 'D:\\ADF_folder\\real-time-stocks-mds\\data\\s3_downloads/MSFT_1772075851.json', 'D:\\ADF_folder\\real-time-stocks-mds\\data\\s3_downloads/MSFT_1772075883.json', 'D:\\ADF_folder\\real-time-stocks-mds\\data\\s3_downloads/MSFT_1772075916.json', 'D:\\ADF_folder\\real-time-stocks-mds\\data\\s3_downloads/MSFT_1772075949.json', 'D:\\ADF_folder\\real-time-stocks-mds\\data\\s3_downloads/MSFT_1772075982.json', 'D:\\ADF_folder\\real-time-stocks-mds\\data\\s3_downloads/MSFT_1772076015.json', 'D:\\ADF_folder\\real-time-stocks-mds\\data\\s3_downloads/MSFT_1772076048.json', 'D:\\ADF_folder\\real-time-stocks-mds\\data\\s3_downloads/MSFT_1772076081.json', 'D:\\ADF_folder\\real-time-stocks-mds\\data\\s3_downloads/MSFT_1772076114.json', 'D:\\ADF_folder\\real-time-stocks-mds\\data\\s3_downloads/MSFT_1772076147.json', 'D:\\ADF_folder\\real-time-stocks-mds\\data\\s3_downloads/MSFT_1772076180.json', 'D:\\ADF_folder\\real-time-stocks-mds\\data\\s3_downloads/MSFT_1772076213.json', 'D:\\ADF_folder\\real-time-stocks-mds\\data\\s3_downloads/MSFT_1772076246.json', 'D:\\ADF_folder\\real-time-stocks-mds\\data\\s3_downloads/MSFT_1772076279.json', 'D:\\ADF_folder\\real-time-stocks-mds\\data\\s3_downloads/MSFT_1772076312.json', 'D:\\ADF_folder\\real-time-stocks-mds\\data\\s3_downloads/MSFT_1772076344.json', 'D:\\ADF_folder\\real-time-stocks-mds\\data\\s3_downloads/MSFT_1772076377.json', 'D:\\ADF_folder\\real-time-stocks-mds\\data\\s3_downloads/MSFT_1772076410.json', 'D:\\ADF_folder\\real-time-stocks-mds\\data\\s3_downloads/MSFT_1772076444.json', 'D:\\ADF_folder\\real-time-stocks-mds\\data\\s3_downloads/MSFT_1772076477.json', 'D:\\ADF_folder\\real-time-stocks-mds\\data\\s3_downloads/MSFT_1772076510.json', 'D:\\ADF_folder\\real-time-stocks-mds\\data\\s3_downloads/MSFT_1772076543.json', 'D:\\ADF_folder\\real-time-stocks-mds\\data\\s3_downloads/MSFT_1772076576.json', 'D:\\ADF_folder\\real-time-stocks-mds\\data\\s3_downloads/MSFT_1772076609.json', 'D:\\ADF_folder\\real-time-stocks-mds\\data\\s3_downloads/MSFT_1772076642.json', 'D:\\ADF_folder\\real-time-stocks-mds\\data\\s3_downloads/MSFT_1772076674.json', 'D:\\ADF_folder\\real-time-stocks-mds\\data\\s3_downloads/MSFT_1772076707.json', 'D:\\ADF_folder\\real-time-stocks-mds\\data\\s3_downloads/MSFT_1772076740.json', 'D:\\ADF_folder\\real-time-stocks-mds\\data\\s3_downloads/MSFT_1772076773.json', 'D:\\ADF_folder\\real-time-stocks-mds\\data\\s3_downloads/MSFT_1772076807.json', 'D:\\ADF_folder\\real-time-stocks-mds\\data\\s3_downloads/MSFT_1772076840.json', 'D:\\ADF_folder\\real-time-stocks-mds\\data\\s3_downloads/MSFT_1772076873.json', 'D:\\ADF_folder\\real-time-stocks-mds\\data\\s3_downloads/MSFT_1772076905.json', 'D:\\ADF_folder\\real-time-stocks-mds\\data\\s3_downloads/MSFT_1772076939.json', 'D:\\ADF_folder\\real-time-stocks-mds\\data\\s3_downloads/MSFT_1772076972.json', 'D:\\ADF_folder\\real-time-stocks-mds\\data\\s3_downloads/MSFT_1772077005.json', 'D:\\ADF_folder\\real-time-stocks-mds\\data\\s3_downloads/MSFT_1772077038.json', 'D:\\ADF_folder\\real-time-stocks-mds\\data\\s3_downloads/MSFT_1772077071.json', 'D:\\ADF_folder\\real-time-stocks-mds\\data\\s3_downloads/MSFT_1772077104.json', 'D:\\ADF_folder\\real-time-stocks-mds\\data\\s3_downloads/MSFT_1772077137.json', 'D:\\ADF_folder\\real-time-stocks-mds\\data\\s3_downloads/MSFT_1772077170.json', 'D:\\ADF_folder\\real-time-stocks-mds\\data\\s3_downloads/MSFT_1772077203.json', 'D:\\ADF_folder\\real-time-stocks-mds\\data\\s3_downloads/MSFT_1772077236.json', 'D:\\ADF_folder\\real-time-stocks-mds\\data\\s3_downloads/MSFT_1772077269.json', 'D:\\ADF_folder\\real-time-stocks-mds\\data\\s3_downloads/MSFT_1772077302.json', 'D:\\ADF_folder\\real-time-stocks-mds\\data\\s3_downloads/MSFT_1772077335.json', 'D:\\ADF_folder\\real-time-stocks-mds\\data\\s3_downloads/MSFT_1772077369.json', 'D:\\ADF_folder\\real-time-stocks-mds\\data\\s3_downloads/MSFT_1772077402.json', 'D:\\ADF_folder\\real-time-stocks-mds\\data\\s3_downloads/MSFT_1772077434.json', 'D:\\ADF_folder\\real-time-stocks-mds\\data\\s3_downloads/MSFT_1772077467.json', 'D:\\ADF_folder\\real-time-stocks-mds\\data\\s3_downloads/MSFT_1772077500.json', 'D:\\ADF_folder\\real-time-stocks-mds\\data\\s3_downloads/MSFT_1772077533.json', 'D:\\ADF_folder\\real-time-stocks-mds\\data\\s3_downloads/MSFT_1772077566.json', 'D:\\ADF_folder\\real-time-stocks-mds\\data\\s3_downloads/MSFT_1772077599.json', 'D:\\ADF_folder\\real-time-stocks-mds\\data\\s3_downloads/MSFT_1772077632.json', 'D:\\ADF_folder\\real-time-stocks-mds\\data\\s3_downloads/MSFT_1772077665.json', 'D:\\ADF_folder\\real-time-stocks-mds\\data\\s3_downloads/MSFT_1772077698.json', 'D:\\ADF_folder\\real-time-stocks-mds\\data\\s3_downloads/MSFT_1772077731.json', 'D:\\ADF_folder\\real-time-stocks-mds\\data\\s3_downloads/MSFT_1772077764.json', 'D:\\ADF_folder\\real-time-stocks-mds\\data\\s3_downloads/MSFT_1772077796.json', 'D:\\ADF_folder\\real-time-stocks-mds\\data\\s3_downloads/MSFT_1772077829.json', 'D:\\ADF_folder\\real-time-stocks-mds\\data\\s3_downloads/MSFT_1772077862.json', 'D:\\ADF_folder\\real-time-stocks-mds\\data\\s3_downloads/MSFT_1772077895.json', 'D:\\ADF_folder\\real-time-stocks-mds\\data\\s3_downloads/MSFT_1772077928.json', 'D:\\ADF_folder\\real-time-stocks-mds\\data\\s3_downloads/MSFT_1772077960.json', 'D:\\ADF_folder\\real-time-stocks-mds\\data\\s3_downloads/MSFT_1772077993.json', 'D:\\ADF_folder\\real-time-stocks-mds\\data\\s3_downloads/MSFT_1772078026.json', 'D:\\ADF_folder\\real-time-stocks-mds\\data\\s3_downloads/MSFT_1772078059.json', 'D:\\ADF_folder\\real-time-stocks-mds\\data\\s3_downloads/MSFT_1772078092.json', 'D:\\ADF_folder\\real-time-stocks-mds\\data\\s3_downloads/MSFT_1772078125.json', 'D:\\ADF_folder\\real-time-stocks-mds\\data\\s3_downloads/MSFT_1772078158.json', 'D:\\ADF_folder\\real-time-stocks-mds\\data\\s3_downloads/MSFT_1772078191.json', 'D:\\ADF_folder\\real-time-stocks-mds\\data\\s3_downloads/MSFT_1772078224.json', 'D:\\ADF_folder\\real-time-stocks-mds\\data\\s3_downloads/MSFT_1772078257.json', 'D:\\ADF_folder\\real-time-stocks-mds\\data\\s3_downloads/MSFT_1772078290.json', 'D:\\ADF_folder\\real-time-stocks-mds\\data\\s3_downloads/MSFT_1772078323.json', 'D:\\ADF_folder\\real-time-stocks-mds\\data\\s3_downloads/MSFT_1772078356.json', 'D:\\ADF_folder\\real-time-stocks-mds\\data\\s3_downloads/MSFT_1772078388.json', 'D:\\ADF_folder\\real-time-stocks-mds\\data\\s3_downloads/MSFT_1772078422.json', 'D:\\ADF_folder\\real-time-stocks-mds\\data\\s3_downloads/MSFT_1772078455.json', 'D:\\ADF_folder\\real-time-stocks-mds\\data\\s3_downloads/MSFT_1772078489.json', 'D:\\ADF_folder\\real-time-stocks-mds\\data\\s3_downloads/MSFT_1772078522.json', 'D:\\ADF_folder\\real-time-stocks-mds\\data\\s3_downloads/MSFT_1772078555.json', 'D:\\ADF_folder\\real-time-stocks-mds\\data\\s3_downloads/MSFT_1772078588.json', 'D:\\ADF_folder\\real-time-stocks-mds\\data\\s3_downloads/MSFT_1772078621.json', 'D:\\ADF_folder\\real-time-stocks-mds\\data\\s3_downloads/MSFT_1772078654.json', 'D:\\ADF_folder\\real-time-stocks-mds\\data\\s3_downloads/MSFT_1772078687.json', 'D:\\ADF_folder\\real-time-stocks-mds\\data\\s3_downloads/MSFT_1772078720.json', 'D:\\ADF_folder\\real-time-stocks-mds\\data\\s3_downloads/MSFT_1772078753.json', 'D:\\ADF_folder\\real-time-stocks-mds\\data\\s3_downloads/MSFT_1772078786.json', 'D:\\ADF_folder\\real-time-stocks-mds\\data\\s3_downloads/MSFT_1772078819.json', 'D:\\ADF_folder\\real-time-stocks-mds\\data\\s3_downloads/MSFT_1772078852.json', 'D:\\ADF_folder\\real-time-stocks-mds\\data\\s3_downloads/MSFT_1772078885.json', 'D:\\ADF_folder\\real-time-stocks-mds\\data\\s3_downloads/MSFT_1772078918.json', 'D:\\ADF_folder\\real-time-stocks-mds\\data\\s3_downloads/MSFT_1772078951.json', 'D:\\ADF_folder\\real-time-stocks-mds\\data\\s3_downloads/MSFT_1772078984.json', 'D:\\ADF_folder\\real-time-stocks-mds\\data\\s3_downloads/MSFT_1772079017.json', 'D:\\ADF_folder\\real-time-stocks-mds\\data\\s3_downloads/MSFT_1772079050.json', 'D:\\ADF_folder\\real-time-stocks-mds\\data\\s3_downloads/MSFT_1772079084.json', 'D:\\ADF_folder\\real-time-stocks-mds\\data\\s3_downloads/MSFT_1772079117.json', 'D:\\ADF_folder\\real-time-stocks-mds\\data\\s3_downloads/MSFT_1772079150.json', 'D:\\ADF_folder\\real-time-stocks-mds\\data\\s3_downloads/MSFT_1772079183.json', 'D:\\ADF_folder\\real-time-stocks-mds\\data\\s3_downloads/MSFT_1772079216.json', 'D:\\ADF_folder\\real-time-stocks-mds\\data\\s3_downloads/MSFT_1772079249.json', 'D:\\ADF_folder\\real-time-stocks-mds\\data\\s3_downloads/MSFT_1772079282.json', 'D:\\ADF_folder\\real-time-stocks-mds\\data\\s3_downloads/TSLA_1771463599.json', 'D:\\ADF_folder\\real-time-stocks-mds\\data\\s3_downloads/TSLA_1771463632.json', 'D:\\ADF_folder\\real-time-stocks-mds\\data\\s3_downloads/TSLA_1771463665.json', 'D:\\ADF_folder\\real-time-stocks-mds\\data\\s3_downloads/TSLA_1771463698.json', 'D:\\ADF_folder\\real-time-stocks-mds\\data\\s3_downloads/TSLA_1771463731.json', 'D:\\ADF_folder\\real-time-stocks-mds\\data\\s3_downloads/TSLA_1771463764.json', 'D:\\ADF_folder\\real-time-stocks-mds\\data\\s3_downloads/TSLA_1771463797.json', 'D:\\ADF_folder\\real-time-stocks-mds\\data\\s3_downloads/TSLA_1771463830.json', 'D:\\ADF_folder\\real-time-stocks-mds\\data\\s3_downloads/TSLA_1771463862.json', 'D:\\ADF_folder\\real-time-stocks-mds\\data\\s3_downloads/TSLA_1771463895.json', 'D:\\ADF_folder\\real-time-stocks-mds\\data\\s3_downloads/TSLA_1771463929.json', 'D:\\ADF_folder\\real-time-stocks-mds\\data\\s3_downloads/TSLA_1771463962.json', 'D:\\ADF_folder\\real-time-stocks-mds\\data\\s3_downloads/TSLA_1771463995.json', 'D:\\ADF_folder\\real-time-stocks-mds\\data\\s3_downloads/TSLA_1771464029.json', 'D:\\ADF_folder\\real-time-stocks-mds\\data\\s3_downloads/TSLA_1771464062.json', 'D:\\ADF_folder\\real-time-stocks-mds\\data\\s3_downloads/TSLA_1771464095.json', 'D:\\ADF_folder\\real-time-stocks-mds\\data\\s3_downloads/TSLA_1771464128.json', 'D:\\ADF_folder\\real-time-stocks-mds\\data\\s3_downloads/TSLA_1771464161.json', 'D:\\ADF_folder\\real-time-stocks-mds\\data\\s3_downloads/TSLA_1771464194.json', 'D:\\ADF_folder\\real-time-stocks-mds\\data\\s3_downloads/TSLA_1771464227.json', 'D:\\ADF_folder\\real-time-stocks-mds\\data\\s3_downloads/TSLA_1771464260.json', 'D:\\ADF_folder\\real-time-stocks-mds\\data\\s3_downloads/TSLA_1771464293.json', 'D:\\ADF_folder\\real-time-stocks-mds\\data\\s3_downloads/TSLA_1771464326.json', 'D:\\ADF_folder\\real-time-stocks-mds\\data\\s3_downloads/TSLA_1771465259.json', 'D:\\ADF_folder\\real-time-stocks-mds\\data\\s3_downloads/TSLA_1771465292.json', 'D:\\ADF_folder\\real-time-stocks-mds\\data\\s3_downloads/TSLA_1771465325.json', 'D:\\ADF_folder\\real-time-stocks-mds\\data\\s3_downloads/TSLA_1771465358.json', 'D:\\ADF_folder\\real-time-stocks-mds\\data\\s3_downloads/TSLA_1771465391.json', 'D:\\ADF_folder\\real-time-stocks-mds\\data\\s3_downloads/TSLA_1771465424.json', 'D:\\ADF_folder\\real-time-stocks-mds\\data\\s3_downloads/TSLA_1771465457.json', 'D:\\ADF_folder\\real-time-stocks-mds\\data\\s3_downloads/TSLA_1771465490.json', 'D:\\ADF_folder\\real-time-stocks-mds\\data\\s3_downloads/TSLA_1771465523.json', 'D:\\ADF_folder\\real-time-stocks-mds\\data\\s3_downloads/TSLA_1771465556.json', 'D:\\ADF_folder\\real-time-stocks-mds\\data\\s3_downloads/TSLA_1772074570.json', 'D:\\ADF_folder\\real-time-stocks-mds\\data\\s3_downloads/TSLA_1772074603.json', 'D:\\ADF_folder\\real-time-stocks-mds\\data\\s3_downloads/TSLA_1772074635.json', 'D:\\ADF_folder\\real-time-stocks-mds\\data\\s3_downloads/TSLA_1772074669.json', 'D:\\ADF_folder\\real-time-stocks-mds\\data\\s3_downloads/TSLA_1772074702.json', 'D:\\ADF_folder\\real-time-stocks-mds\\data\\s3_downloads/TSLA_1772074735.json', 'D:\\ADF_folder\\real-time-stocks-mds\\data\\s3_downloads/TSLA_1772074768.json', 'D:\\ADF_folder\\real-time-stocks-mds\\data\\s3_downloads/TSLA_1772074801.json', 'D:\\ADF_folder\\real-time-stocks-mds\\data\\s3_downloads/TSLA_1772074835.json', 'D:\\ADF_folder\\real-time-stocks-mds\\data\\s3_downloads/TSLA_1772074868.json', 'D:\\ADF_folder\\real-time-stocks-mds\\data\\s3_downloads/TSLA_1772074901.json', 'D:\\ADF_folder\\real-time-stocks-mds\\data\\s3_downloads/TSLA_1772074934.json', 'D:\\ADF_folder\\real-time-stocks-mds\\data\\s3_downloads/TSLA_1772074967.json', 'D:\\ADF_folder\\real-time-stocks-mds\\data\\s3_downloads/TSLA_1772075000.json', 'D:\\ADF_folder\\real-time-stocks-mds\\data\\s3_downloads/TSLA_1772075033.json', 'D:\\ADF_folder\\real-time-stocks-mds\\data\\s3_downloads/TSLA_1772075066.json', 'D:\\ADF_folder\\real-time-stocks-mds\\data\\s3_downloads/TSLA_1772075099.json', 'D:\\ADF_folder\\real-time-stocks-mds\\data\\s3_downloads/TSLA_1772075132.json', 'D:\\ADF_folder\\real-time-stocks-mds\\data\\s3_downloads/TSLA_1772075165.json', 'D:\\ADF_folder\\real-time-stocks-mds\\data\\s3_downloads/TSLA_1772075198.json', 'D:\\ADF_folder\\real-time-stocks-mds\\data\\s3_downloads/TSLA_1772075231.json', 'D:\\ADF_folder\\real-time-stocks-mds\\data\\s3_downloads/TSLA_1772075297.json', 'D:\\ADF_folder\\real-time-stocks-mds\\data\\s3_downloads/TSLA_1772075330.json', 'D:\\ADF_folder\\real-time-stocks-mds\\data\\s3_downloads/TSLA_1772075362.json', 'D:\\ADF_folder\\real-time-stocks-mds\\data\\s3_downloads/TSLA_1772075395.json', 'D:\\ADF_folder\\real-time-stocks-mds\\data\\s3_downloads/TSLA_1772075428.json', 'D:\\ADF_folder\\real-time-stocks-mds\\data\\s3_downloads/TSLA_1772075461.json', 'D:\\ADF_folder\\real-time-stocks-mds\\data\\s3_downloads/TSLA_1772075494.json', 'D:\\ADF_folder\\real-time-stocks-mds\\data\\s3_downloads/TSLA_1772075527.json', 'D:\\ADF_folder\\real-time-stocks-mds\\data\\s3_downloads/TSLA_1772075560.json', 'D:\\ADF_folder\\real-time-stocks-mds\\data\\s3_downloads/TSLA_1772075594.json', 'D:\\ADF_folder\\real-time-stocks-mds\\data\\s3_downloads/TSLA_1772075627.json', 'D:\\ADF_folder\\real-time-stocks-mds\\data\\s3_downloads/TSLA_1772075660.json', 'D:\\ADF_folder\\real-time-stocks-mds\\data\\s3_downloads/TSLA_1772075693.json', 'D:\\ADF_folder\\real-time-stocks-mds\\data\\s3_downloads/TSLA_1772075726.json', 'D:\\ADF_folder\\real-time-stocks-mds\\data\\s3_downloads/TSLA_1772075759.json', 'D:\\ADF_folder\\real-time-stocks-mds\\data\\s3_downloads/TSLA_1772075792.json', 'D:\\ADF_folder\\real-time-stocks-mds\\data\\s3_downloads/TSLA_1772075824.json', 'D:\\ADF_folder\\real-time-stocks-mds\\data\\s3_downloads/TSLA_1772075857.json', 'D:\\ADF_folder\\real-time-stocks-mds\\data\\s3_downloads/TSLA_1772075890.json', 'D:\\ADF_folder\\real-time-stocks-mds\\data\\s3_downloads/TSLA_1772075923.json', 'D:\\ADF_folder\\real-time-stocks-mds\\data\\s3_downloads/TSLA_1772075956.json', 'D:\\ADF_folder\\real-time-stocks-mds\\data\\s3_downloads/TSLA_1772075989.json', 'D:\\ADF_folder\\real-time-stocks-mds\\data\\s3_downloads/TSLA_1772076021.json', 'D:\\ADF_folder\\real-time-stocks-mds\\data\\s3_downloads/TSLA_1772076055.json', 'D:\\ADF_folder\\real-time-stocks-mds\\data\\s3_downloads/TSLA_1772076088.json', 'D:\\ADF_folder\\real-time-stocks-mds\\data\\s3_downloads/TSLA_1772076121.json', 'D:\\ADF_folder\\real-time-stocks-mds\\data\\s3_downloads/TSLA_1772076154.json', 'D:\\ADF_folder\\real-time-stocks-mds\\data\\s3_downloads/TSLA_1772076187.json', 'D:\\ADF_folder\\real-time-stocks-mds\\data\\s3_downloads/TSLA_1772076220.json', 'D:\\ADF_folder\\real-time-stocks-mds\\data\\s3_downloads/TSLA_1772076253.json', 'D:\\ADF_folder\\real-time-stocks-mds\\data\\s3_downloads/TSLA_1772076285.json', 'D:\\ADF_folder\\real-time-stocks-mds\\data\\s3_downloads/TSLA_1772076318.json', 'D:\\ADF_folder\\real-time-stocks-mds\\data\\s3_downloads/TSLA_1772076351.json', 'D:\\ADF_folder\\real-time-stocks-mds\\data\\s3_downloads/TSLA_1772076384.json', 'D:\\ADF_folder\\real-time-stocks-mds\\data\\s3_downloads/TSLA_1772076417.json', 'D:\\ADF_folder\\real-time-stocks-mds\\data\\s3_downloads/TSLA_1772076451.json', 'D:\\ADF_folder\\real-time-stocks-mds\\data\\s3_downloads/TSLA_1772076484.json', 'D:\\ADF_folder\\real-time-stocks-mds\\data\\s3_downloads/TSLA_1772076516.json', 'D:\\ADF_folder\\real-time-stocks-mds\\data\\s3_downloads/TSLA_1772076549.json', 'D:\\ADF_folder\\real-time-stocks-mds\\data\\s3_downloads/TSLA_1772076582.json', 'D:\\ADF_folder\\real-time-stocks-mds\\data\\s3_downloads/TSLA_1772076615.json', 'D:\\ADF_folder\\real-time-stocks-mds\\data\\s3_downloads/TSLA_1772076648.json', 'D:\\ADF_folder\\real-time-stocks-mds\\data\\s3_downloads/TSLA_1772076681.json', 'D:\\ADF_folder\\real-time-stocks-mds\\data\\s3_downloads/TSLA_1772076714.json', 'D:\\ADF_folder\\real-time-stocks-mds\\data\\s3_downloads/TSLA_1772076747.json', 'D:\\ADF_folder\\real-time-stocks-mds\\data\\s3_downloads/TSLA_1772076780.json', 'D:\\ADF_folder\\real-time-stocks-mds\\data\\s3_downloads/TSLA_1772076813.json', 'D:\\ADF_folder\\real-time-stocks-mds\\data\\s3_downloads/TSLA_1772076846.json', 'D:\\ADF_folder\\real-time-stocks-mds\\data\\s3_downloads/TSLA_1772076879.json', 'D:\\ADF_folder\\real-time-stocks-mds\\data\\s3_downloads/TSLA_1772076912.json', 'D:\\ADF_folder\\real-time-stocks-mds\\data\\s3_downloads/TSLA_1772076945.json', 'D:\\ADF_folder\\real-time-stocks-mds\\data\\s3_downloads/TSLA_1772076978.json', 'D:\\ADF_folder\\real-time-stocks-mds\\data\\s3_downloads/TSLA_1772077011.json', 'D:\\ADF_folder\\real-time-stocks-mds\\data\\s3_downloads/TSLA_1772077044.json', 'D:\\ADF_folder\\real-time-stocks-mds\\data\\s3_downloads/TSLA_1772077077.json', 'D:\\ADF_folder\\real-time-stocks-mds\\data\\s3_downloads/TSLA_1772077110.json', 'D:\\ADF_folder\\real-time-stocks-mds\\data\\s3_downloads/TSLA_1772077143.json', 'D:\\ADF_folder\\real-time-stocks-mds\\data\\s3_downloads/TSLA_1772077176.json', 'D:\\ADF_folder\\real-time-stocks-mds\\data\\s3_downloads/TSLA_1772077210.json', 'D:\\ADF_folder\\real-time-stocks-mds\\data\\s3_downloads/TSLA_1772077242.json', 'D:\\ADF_folder\\real-time-stocks-mds\\data\\s3_downloads/TSLA_1772077275.json', 'D:\\ADF_folder\\real-time-stocks-mds\\data\\s3_downloads/TSLA_1772077309.json', 'D:\\ADF_folder\\real-time-stocks-mds\\data\\s3_downloads/TSLA_1772077341.json', 'D:\\ADF_folder\\real-time-stocks-mds\\data\\s3_downloads/TSLA_1772077375.json', 'D:\\ADF_folder\\real-time-stocks-mds\\data\\s3_downloads/TSLA_1772077408.json', 'D:\\ADF_folder\\real-time-stocks-mds\\data\\s3_downloads/TSLA_1772077441.json', 'D:\\ADF_folder\\real-time-stocks-mds\\data\\s3_downloads/TSLA_1772077474.json', 'D:\\ADF_folder\\real-time-stocks-mds\\data\\s3_downloads/TSLA_1772077507.json', 'D:\\ADF_folder\\real-time-stocks-mds\\data\\s3_downloads/TSLA_1772077539.json', 'D:\\ADF_folder\\real-time-stocks-mds\\data\\s3_downloads/TSLA_1772077572.json', 'D:\\ADF_folder\\real-time-stocks-mds\\data\\s3_downloads/TSLA_1772077605.json', 'D:\\ADF_folder\\real-time-stocks-mds\\data\\s3_downloads/TSLA_1772077638.json', 'D:\\ADF_folder\\real-time-stocks-mds\\data\\s3_downloads/TSLA_1772077671.json', 'D:\\ADF_folder\\real-time-stocks-mds\\data\\s3_downloads/TSLA_1772077704.json', 'D:\\ADF_folder\\real-time-stocks-mds\\data\\s3_downloads/TSLA_1772077737.json', 'D:\\ADF_folder\\real-time-stocks-mds\\data\\s3_downloads/TSLA_1772077770.json', 'D:\\ADF_folder\\real-time-stocks-mds\\data\\s3_downloads/TSLA_1772077803.json', 'D:\\ADF_folder\\real-time-stocks-mds\\data\\s3_downloads/TSLA_1772077836.json', 'D:\\ADF_folder\\real-time-stocks-mds\\data\\s3_downloads/TSLA_1772077869.json', 'D:\\ADF_folder\\real-time-stocks-mds\\data\\s3_downloads/TSLA_1772077901.json', 'D:\\ADF_folder\\real-time-stocks-mds\\data\\s3_downloads/TSLA_1772077934.json', 'D:\\ADF_folder\\real-time-stocks-mds\\data\\s3_downloads/TSLA_1772077967.json', 'D:\\ADF_folder\\real-time-stocks-mds\\data\\s3_downloads/TSLA_1772078000.json', 'D:\\ADF_folder\\real-time-stocks-mds\\data\\s3_downloads/TSLA_1772078033.json', 'D:\\ADF_folder\\real-time-stocks-mds\\data\\s3_downloads/TSLA_1772078065.json', 'D:\\ADF_folder\\real-time-stocks-mds\\data\\s3_downloads/TSLA_1772078098.json', 'D:\\ADF_folder\\real-time-stocks-mds\\data\\s3_downloads/TSLA_1772078132.json', 'D:\\ADF_folder\\real-time-stocks-mds\\data\\s3_downloads/TSLA_1772078165.json', 'D:\\ADF_folder\\real-time-stocks-mds\\data\\s3_downloads/TSLA_1772078198.json', 'D:\\ADF_folder\\real-time-stocks-mds\\data\\s3_downloads/TSLA_1772078230.json', 'D:\\ADF_folder\\real-time-stocks-mds\\data\\s3_downloads/TSLA_1772078264.json', 'D:\\ADF_folder\\real-time-stocks-mds\\data\\s3_downloads/TSLA_1772078297.json', 'D:\\ADF_folder\\real-time-stocks-mds\\data\\s3_downloads/TSLA_1772078329.json', 'D:\\ADF_folder\\real-time-stocks-mds\\data\\s3_downloads/TSLA_1772078362.json', 'D:\\ADF_folder\\real-time-stocks-mds\\data\\s3_downloads/TSLA_1772078395.json', 'D:\\ADF_folder\\real-time-stocks-mds\\data\\s3_downloads/TSLA_1772078429.json', 'D:\\ADF_folder\\real-time-stocks-mds\\data\\s3_downloads/TSLA_1772078462.json', 'D:\\ADF_folder\\real-time-stocks-mds\\data\\s3_downloads/TSLA_1772078496.json', 'D:\\ADF_folder\\real-time-stocks-mds\\data\\s3_downloads/TSLA_1772078529.json', 'D:\\ADF_folder\\real-time-stocks-mds\\data\\s3_downloads/TSLA_1772078562.json', 'D:\\ADF_folder\\real-time-stocks-mds\\data\\s3_downloads/TSLA_1772078595.json', 'D:\\ADF_folder\\real-time-stocks-mds\\data\\s3_downloads/TSLA_1772078628.json', 'D:\\ADF_folder\\real-time-stocks-mds\\data\\s3_downloads/TSLA_1772078661.json', 'D:\\ADF_folder\\real-time-stocks-mds\\data\\s3_downloads/TSLA_1772078694.json', 'D:\\ADF_folder\\real-time-stocks-mds\\data\\s3_downloads/TSLA_1772078727.json', 'D:\\ADF_folder\\real-time-stocks-mds\\data\\s3_downloads/TSLA_1772078760.json', 'D:\\ADF_folder\\real-time-stocks-mds\\data\\s3_downloads/TSLA_1772078793.json', 'D:\\ADF_folder\\real-time-stocks-mds\\data\\s3_downloads/TSLA_1772078826.json', 'D:\\ADF_folder\\real-time-stocks-mds\\data\\s3_downloads/TSLA_1772078859.json', 'D:\\ADF_folder\\real-time-stocks-mds\\data\\s3_downloads/TSLA_1772078891.json', 'D:\\ADF_folder\\real-time-stocks-mds\\data\\s3_downloads/TSLA_1772078924.json', 'D:\\ADF_folder\\real-time-stocks-mds\\data\\s3_downloads/TSLA_1772078957.json', 'D:\\ADF_folder\\real-time-stocks-mds\\data\\s3_downloads/TSLA_1772078990.json', 'D:\\ADF_folder\\real-time-stocks-mds\\data\\s3_downloads/TSLA_1772079024.json', 'D:\\ADF_folder\\real-time-stocks-mds\\data\\s3_downloads/TSLA_1772079057.json', 'D:\\ADF_folder\\real-time-stocks-mds\\data\\s3_downloads/TSLA_1772079090.json', 'D:\\ADF_folder\\real-time-stocks-mds\\data\\s3_downloads/TSLA_1772079123.json', 'D:\\ADF_folder\\real-time-stocks-mds\\data\\s3_downloads/TSLA_1772079156.json', 'D:\\ADF_folder\\real-time-stocks-mds\\data\\s3_downloads/TSLA_1772079189.json', 'D:\\ADF_folder\\real-time-stocks-mds\\data\\s3_downloads/TSLA_1772079223.json', 'D:\\ADF_folder\\real-time-stocks-mds\\data\\s3_downloads/TSLA_1772079255.json', 'D:\\ADF_folder\\real-time-stocks-mds\\data\\s3_downloads/TSLA_1772079288.json']
[2026-03-01T06:01:17.678+0000] {taskinstance.py:1138} INFO - Marking task as SUCCESS. dag_id=s3_to_snowflake, task_id=download_s3, execution_date=20260301T055300, start_date=20260301T055431, end_date=20260301T060117
[2026-03-01T06:01:17.770+0000] {local_task_job_runner.py:234} INFO - Task exited with return code 0
[2026-03-01T06:01:17.840+0000] {taskinstance.py:3280} INFO - 1 downstream tasks scheduled from follow-on schedule check
