[2026-03-01T05:49:02.344+0000] {taskinstance.py:1956} INFO - Dependencies all met for dep_context=non-requeueable deps ti=<TaskInstance: s3_to_snowflake.download_s3 scheduled__2026-03-01T05:48:00+00:00 [queued]>
[2026-03-01T05:49:02.365+0000] {taskinstance.py:1956} INFO - Dependencies all met for dep_context=requeueable deps ti=<TaskInstance: s3_to_snowflake.download_s3 scheduled__2026-03-01T05:48:00+00:00 [queued]>
[2026-03-01T05:49:02.367+0000] {taskinstance.py:2170} INFO - Starting attempt 1 of 2
[2026-03-01T05:49:02.393+0000] {taskinstance.py:2191} INFO - Executing <Task(PythonOperator): download_s3> on 2026-03-01 05:48:00+00:00
[2026-03-01T05:49:02.409+0000] {standard_task_runner.py:60} INFO - Started process 17823 to run task
[2026-03-01T05:49:02.417+0000] {standard_task_runner.py:87} INFO - Running: ['***', 'tasks', 'run', 's3_to_snowflake', 'download_s3', 'scheduled__2026-03-01T05:48:00+00:00', '--job-id', '198', '--raw', '--subdir', 'DAGS_FOLDER/s3_to_snowflake.py', '--cfg-path', '/tmp/tmpblbolrtd']
[2026-03-01T05:49:02.426+0000] {standard_task_runner.py:88} INFO - Job 198: Subtask download_s3
[2026-03-01T05:49:02.542+0000] {task_command.py:423} INFO - Running <TaskInstance: s3_to_snowflake.download_s3 scheduled__2026-03-01T05:48:00+00:00 [running]> on host a9cf6eed2116
[2026-03-01T05:49:03.073+0000] {taskinstance.py:2480} INFO - Exporting env vars: AIRFLOW_CTX_DAG_OWNER='***' AIRFLOW_CTX_DAG_ID='s3_to_snowflake' AIRFLOW_CTX_TASK_ID='download_s3' AIRFLOW_CTX_EXECUTION_DATE='2026-03-01T05:48:00+00:00' AIRFLOW_CTX_TRY_NUMBER='1' AIRFLOW_CTX_DAG_RUN_ID='scheduled__2026-03-01T05:48:00+00:00'
[2026-03-01T05:49:03.122+0000] {credentials.py:1147} INFO - Found credentials in environment variables.
[2026-03-01T05:49:03.342+0000] {logging_mixin.py:188} INFO - in the function************************
[2026-03-01T05:49:03.351+0000] {logging_mixin.py:188} INFO - 
Processing prefix: bronze/AAPL/
[2026-03-01T05:49:04.717+0000] {logging_mixin.py:188} INFO - Downloaded bronze/AAPL/1771463612.json -> D:\ADF_folder\real-time-stocks-mds\data\s3_downloads/AAPL_1771463612.json
[2026-03-01T05:49:05.108+0000] {logging_mixin.py:188} INFO - Downloaded bronze/AAPL/1771463645.json -> D:\ADF_folder\real-time-stocks-mds\data\s3_downloads/AAPL_1771463645.json
[2026-03-01T05:49:05.499+0000] {logging_mixin.py:188} INFO - Downloaded bronze/AAPL/1771463678.json -> D:\ADF_folder\real-time-stocks-mds\data\s3_downloads/AAPL_1771463678.json
[2026-03-01T05:49:05.898+0000] {logging_mixin.py:188} INFO - Downloaded bronze/AAPL/1771463711.json -> D:\ADF_folder\real-time-stocks-mds\data\s3_downloads/AAPL_1771463711.json
[2026-03-01T05:49:06.295+0000] {logging_mixin.py:188} INFO - Downloaded bronze/AAPL/1771463744.json -> D:\ADF_folder\real-time-stocks-mds\data\s3_downloads/AAPL_1771463744.json
[2026-03-01T05:49:06.686+0000] {logging_mixin.py:188} INFO - Downloaded bronze/AAPL/1771463777.json -> D:\ADF_folder\real-time-stocks-mds\data\s3_downloads/AAPL_1771463777.json
[2026-03-01T05:49:07.074+0000] {logging_mixin.py:188} INFO - Downloaded bronze/AAPL/1771463810.json -> D:\ADF_folder\real-time-stocks-mds\data\s3_downloads/AAPL_1771463810.json
[2026-03-01T05:49:07.459+0000] {logging_mixin.py:188} INFO - Downloaded bronze/AAPL/1771463843.json -> D:\ADF_folder\real-time-stocks-mds\data\s3_downloads/AAPL_1771463843.json
[2026-03-01T05:49:07.853+0000] {logging_mixin.py:188} INFO - Downloaded bronze/AAPL/1771463876.json -> D:\ADF_folder\real-time-stocks-mds\data\s3_downloads/AAPL_1771463876.json
[2026-03-01T05:49:08.235+0000] {logging_mixin.py:188} INFO - Downloaded bronze/AAPL/1771463909.json -> D:\ADF_folder\real-time-stocks-mds\data\s3_downloads/AAPL_1771463909.json
[2026-03-01T05:49:08.636+0000] {logging_mixin.py:188} INFO - Downloaded bronze/AAPL/1771463942.json -> D:\ADF_folder\real-time-stocks-mds\data\s3_downloads/AAPL_1771463942.json
[2026-03-01T05:49:09.026+0000] {logging_mixin.py:188} INFO - Downloaded bronze/AAPL/1771463975.json -> D:\ADF_folder\real-time-stocks-mds\data\s3_downloads/AAPL_1771463975.json
[2026-03-01T05:49:09.412+0000] {logging_mixin.py:188} INFO - Downloaded bronze/AAPL/1771464008.json -> D:\ADF_folder\real-time-stocks-mds\data\s3_downloads/AAPL_1771464008.json
[2026-03-01T05:49:09.807+0000] {logging_mixin.py:188} INFO - Downloaded bronze/AAPL/1771464042.json -> D:\ADF_folder\real-time-stocks-mds\data\s3_downloads/AAPL_1771464042.json
[2026-03-01T05:49:10.198+0000] {logging_mixin.py:188} INFO - Downloaded bronze/AAPL/1771464075.json -> D:\ADF_folder\real-time-stocks-mds\data\s3_downloads/AAPL_1771464075.json
[2026-03-01T05:49:10.591+0000] {logging_mixin.py:188} INFO - Downloaded bronze/AAPL/1771464108.json -> D:\ADF_folder\real-time-stocks-mds\data\s3_downloads/AAPL_1771464108.json
[2026-03-01T05:49:10.978+0000] {logging_mixin.py:188} INFO - Downloaded bronze/AAPL/1771464141.json -> D:\ADF_folder\real-time-stocks-mds\data\s3_downloads/AAPL_1771464141.json
[2026-03-01T05:49:11.362+0000] {logging_mixin.py:188} INFO - Downloaded bronze/AAPL/1771464174.json -> D:\ADF_folder\real-time-stocks-mds\data\s3_downloads/AAPL_1771464174.json
[2026-03-01T05:49:11.752+0000] {logging_mixin.py:188} INFO - Downloaded bronze/AAPL/1771464207.json -> D:\ADF_folder\real-time-stocks-mds\data\s3_downloads/AAPL_1771464207.json
[2026-03-01T05:49:12.137+0000] {logging_mixin.py:188} INFO - Downloaded bronze/AAPL/1771464240.json -> D:\ADF_folder\real-time-stocks-mds\data\s3_downloads/AAPL_1771464240.json
[2026-03-01T05:49:12.521+0000] {logging_mixin.py:188} INFO - Downloaded bronze/AAPL/1771464273.json -> D:\ADF_folder\real-time-stocks-mds\data\s3_downloads/AAPL_1771464273.json
[2026-03-01T05:49:12.265+0000] {logging_mixin.py:188} INFO - Downloaded bronze/AAPL/1771464306.json -> D:\ADF_folder\real-time-stocks-mds\data\s3_downloads/AAPL_1771464306.json
[2026-03-01T05:49:11.838+0000] {logging_mixin.py:188} INFO - Downloaded bronze/AAPL/1771465239.json -> D:\ADF_folder\real-time-stocks-mds\data\s3_downloads/AAPL_1771465239.json
[2026-03-01T05:49:12.230+0000] {logging_mixin.py:188} INFO - Downloaded bronze/AAPL/1771465272.json -> D:\ADF_folder\real-time-stocks-mds\data\s3_downloads/AAPL_1771465272.json
[2026-03-01T05:49:12.628+0000] {logging_mixin.py:188} INFO - Downloaded bronze/AAPL/1771465305.json -> D:\ADF_folder\real-time-stocks-mds\data\s3_downloads/AAPL_1771465305.json
[2026-03-01T05:49:13.017+0000] {logging_mixin.py:188} INFO - Downloaded bronze/AAPL/1771465338.json -> D:\ADF_folder\real-time-stocks-mds\data\s3_downloads/AAPL_1771465338.json
[2026-03-01T05:49:13.411+0000] {logging_mixin.py:188} INFO - Downloaded bronze/AAPL/1771465371.json -> D:\ADF_folder\real-time-stocks-mds\data\s3_downloads/AAPL_1771465371.json
[2026-03-01T05:49:13.804+0000] {logging_mixin.py:188} INFO - Downloaded bronze/AAPL/1771465404.json -> D:\ADF_folder\real-time-stocks-mds\data\s3_downloads/AAPL_1771465404.json
[2026-03-01T05:49:14.193+0000] {logging_mixin.py:188} INFO - Downloaded bronze/AAPL/1771465437.json -> D:\ADF_folder\real-time-stocks-mds\data\s3_downloads/AAPL_1771465437.json
[2026-03-01T05:49:14.585+0000] {logging_mixin.py:188} INFO - Downloaded bronze/AAPL/1771465470.json -> D:\ADF_folder\real-time-stocks-mds\data\s3_downloads/AAPL_1771465470.json
[2026-03-01T05:49:14.984+0000] {logging_mixin.py:188} INFO - Downloaded bronze/AAPL/1771465503.json -> D:\ADF_folder\real-time-stocks-mds\data\s3_downloads/AAPL_1771465503.json
[2026-03-01T05:49:15.376+0000] {logging_mixin.py:188} INFO - Downloaded bronze/AAPL/1771465536.json -> D:\ADF_folder\real-time-stocks-mds\data\s3_downloads/AAPL_1771465536.json
[2026-03-01T05:49:15.766+0000] {logging_mixin.py:188} INFO - Downloaded bronze/AAPL/1771465569.json -> D:\ADF_folder\real-time-stocks-mds\data\s3_downloads/AAPL_1771465569.json
[2026-03-01T05:49:16.160+0000] {logging_mixin.py:188} INFO - Downloaded bronze/AAPL/1772074550.json -> D:\ADF_folder\real-time-stocks-mds\data\s3_downloads/AAPL_1772074550.json
[2026-03-01T05:49:16.548+0000] {logging_mixin.py:188} INFO - Downloaded bronze/AAPL/1772074583.json -> D:\ADF_folder\real-time-stocks-mds\data\s3_downloads/AAPL_1772074583.json
[2026-03-01T05:49:16.938+0000] {logging_mixin.py:188} INFO - Downloaded bronze/AAPL/1772074616.json -> D:\ADF_folder\real-time-stocks-mds\data\s3_downloads/AAPL_1772074616.json
[2026-03-01T05:49:17.329+0000] {logging_mixin.py:188} INFO - Downloaded bronze/AAPL/1772074649.json -> D:\ADF_folder\real-time-stocks-mds\data\s3_downloads/AAPL_1772074649.json
[2026-03-01T05:49:17.736+0000] {logging_mixin.py:188} INFO - Downloaded bronze/AAPL/1772074683.json -> D:\ADF_folder\real-time-stocks-mds\data\s3_downloads/AAPL_1772074683.json
[2026-03-01T05:49:18.129+0000] {logging_mixin.py:188} INFO - Downloaded bronze/AAPL/1772074715.json -> D:\ADF_folder\real-time-stocks-mds\data\s3_downloads/AAPL_1772074715.json
[2026-03-01T05:49:18.522+0000] {logging_mixin.py:188} INFO - Downloaded bronze/AAPL/1772074748.json -> D:\ADF_folder\real-time-stocks-mds\data\s3_downloads/AAPL_1772074748.json
[2026-03-01T05:49:18.906+0000] {logging_mixin.py:188} INFO - Downloaded bronze/AAPL/1772074781.json -> D:\ADF_folder\real-time-stocks-mds\data\s3_downloads/AAPL_1772074781.json
[2026-03-01T05:49:19.293+0000] {logging_mixin.py:188} INFO - Downloaded bronze/AAPL/1772074815.json -> D:\ADF_folder\real-time-stocks-mds\data\s3_downloads/AAPL_1772074815.json
[2026-03-01T05:49:19.678+0000] {logging_mixin.py:188} INFO - Downloaded bronze/AAPL/1772074848.json -> D:\ADF_folder\real-time-stocks-mds\data\s3_downloads/AAPL_1772074848.json
[2026-03-01T05:49:20.062+0000] {logging_mixin.py:188} INFO - Downloaded bronze/AAPL/1772074881.json -> D:\ADF_folder\real-time-stocks-mds\data\s3_downloads/AAPL_1772074881.json
[2026-03-01T05:49:20.456+0000] {logging_mixin.py:188} INFO - Downloaded bronze/AAPL/1772074914.json -> D:\ADF_folder\real-time-stocks-mds\data\s3_downloads/AAPL_1772074914.json
[2026-03-01T05:49:20.844+0000] {logging_mixin.py:188} INFO - Downloaded bronze/AAPL/1772074947.json -> D:\ADF_folder\real-time-stocks-mds\data\s3_downloads/AAPL_1772074947.json
[2026-03-01T05:49:21.231+0000] {logging_mixin.py:188} INFO - Downloaded bronze/AAPL/1772074980.json -> D:\ADF_folder\real-time-stocks-mds\data\s3_downloads/AAPL_1772074980.json
[2026-03-01T05:49:21.623+0000] {logging_mixin.py:188} INFO - Downloaded bronze/AAPL/1772075013.json -> D:\ADF_folder\real-time-stocks-mds\data\s3_downloads/AAPL_1772075013.json
[2026-03-01T05:49:22.015+0000] {logging_mixin.py:188} INFO - Downloaded bronze/AAPL/1772075046.json -> D:\ADF_folder\real-time-stocks-mds\data\s3_downloads/AAPL_1772075046.json
[2026-03-01T05:49:22.856+0000] {logging_mixin.py:188} INFO - Downloaded bronze/AAPL/1772075079.json -> D:\ADF_folder\real-time-stocks-mds\data\s3_downloads/AAPL_1772075079.json
[2026-03-01T05:49:23.246+0000] {logging_mixin.py:188} INFO - Downloaded bronze/AAPL/1772075112.json -> D:\ADF_folder\real-time-stocks-mds\data\s3_downloads/AAPL_1772075112.json
[2026-03-01T05:49:23.647+0000] {logging_mixin.py:188} INFO - Downloaded bronze/AAPL/1772075145.json -> D:\ADF_folder\real-time-stocks-mds\data\s3_downloads/AAPL_1772075145.json
[2026-03-01T05:49:24.036+0000] {logging_mixin.py:188} INFO - Downloaded bronze/AAPL/1772075178.json -> D:\ADF_folder\real-time-stocks-mds\data\s3_downloads/AAPL_1772075178.json
[2026-03-01T05:49:24.428+0000] {logging_mixin.py:188} INFO - Downloaded bronze/AAPL/1772075211.json -> D:\ADF_folder\real-time-stocks-mds\data\s3_downloads/AAPL_1772075211.json
[2026-03-01T05:49:24.815+0000] {logging_mixin.py:188} INFO - Downloaded bronze/AAPL/1772075244.json -> D:\ADF_folder\real-time-stocks-mds\data\s3_downloads/AAPL_1772075244.json
[2026-03-01T05:49:25.198+0000] {logging_mixin.py:188} INFO - Downloaded bronze/AAPL/1772075277.json -> D:\ADF_folder\real-time-stocks-mds\data\s3_downloads/AAPL_1772075277.json
[2026-03-01T05:49:25.584+0000] {logging_mixin.py:188} INFO - Downloaded bronze/AAPL/1772075310.json -> D:\ADF_folder\real-time-stocks-mds\data\s3_downloads/AAPL_1772075310.json
[2026-03-01T05:49:25.977+0000] {logging_mixin.py:188} INFO - Downloaded bronze/AAPL/1772075343.json -> D:\ADF_folder\real-time-stocks-mds\data\s3_downloads/AAPL_1772075343.json
[2026-03-01T05:49:26.367+0000] {logging_mixin.py:188} INFO - Downloaded bronze/AAPL/1772075376.json -> D:\ADF_folder\real-time-stocks-mds\data\s3_downloads/AAPL_1772075376.json
[2026-03-01T05:49:26.777+0000] {logging_mixin.py:188} INFO - Downloaded bronze/AAPL/1772075409.json -> D:\ADF_folder\real-time-stocks-mds\data\s3_downloads/AAPL_1772075409.json
[2026-03-01T05:49:27.169+0000] {logging_mixin.py:188} INFO - Downloaded bronze/AAPL/1772075441.json -> D:\ADF_folder\real-time-stocks-mds\data\s3_downloads/AAPL_1772075441.json
[2026-03-01T05:49:27.563+0000] {logging_mixin.py:188} INFO - Downloaded bronze/AAPL/1772075474.json -> D:\ADF_folder\real-time-stocks-mds\data\s3_downloads/AAPL_1772075474.json
[2026-03-01T05:49:27.957+0000] {logging_mixin.py:188} INFO - Downloaded bronze/AAPL/1772075507.json -> D:\ADF_folder\real-time-stocks-mds\data\s3_downloads/AAPL_1772075507.json
[2026-03-01T05:49:28.354+0000] {logging_mixin.py:188} INFO - Downloaded bronze/AAPL/1772075540.json -> D:\ADF_folder\real-time-stocks-mds\data\s3_downloads/AAPL_1772075540.json
[2026-03-01T05:49:28.749+0000] {logging_mixin.py:188} INFO - Downloaded bronze/AAPL/1772075573.json -> D:\ADF_folder\real-time-stocks-mds\data\s3_downloads/AAPL_1772075573.json
[2026-03-01T05:49:29.143+0000] {logging_mixin.py:188} INFO - Downloaded bronze/AAPL/1772075607.json -> D:\ADF_folder\real-time-stocks-mds\data\s3_downloads/AAPL_1772075607.json
[2026-03-01T05:49:29.534+0000] {logging_mixin.py:188} INFO - Downloaded bronze/AAPL/1772075640.json -> D:\ADF_folder\real-time-stocks-mds\data\s3_downloads/AAPL_1772075640.json
[2026-03-01T05:49:29.936+0000] {logging_mixin.py:188} INFO - Downloaded bronze/AAPL/1772075673.json -> D:\ADF_folder\real-time-stocks-mds\data\s3_downloads/AAPL_1772075673.json
[2026-03-01T05:49:30.337+0000] {logging_mixin.py:188} INFO - Downloaded bronze/AAPL/1772075706.json -> D:\ADF_folder\real-time-stocks-mds\data\s3_downloads/AAPL_1772075706.json
[2026-03-01T05:49:30.727+0000] {logging_mixin.py:188} INFO - Downloaded bronze/AAPL/1772075739.json -> D:\ADF_folder\real-time-stocks-mds\data\s3_downloads/AAPL_1772075739.json
[2026-03-01T05:49:31.113+0000] {logging_mixin.py:188} INFO - Downloaded bronze/AAPL/1772075772.json -> D:\ADF_folder\real-time-stocks-mds\data\s3_downloads/AAPL_1772075772.json
[2026-03-01T05:49:31.501+0000] {logging_mixin.py:188} INFO - Downloaded bronze/AAPL/1772075805.json -> D:\ADF_folder\real-time-stocks-mds\data\s3_downloads/AAPL_1772075805.json
[2026-03-01T05:49:31.896+0000] {logging_mixin.py:188} INFO - Downloaded bronze/AAPL/1772075838.json -> D:\ADF_folder\real-time-stocks-mds\data\s3_downloads/AAPL_1772075838.json
[2026-03-01T05:49:32.300+0000] {logging_mixin.py:188} INFO - Downloaded bronze/AAPL/1772075870.json -> D:\ADF_folder\real-time-stocks-mds\data\s3_downloads/AAPL_1772075870.json
[2026-03-01T05:49:32.684+0000] {logging_mixin.py:188} INFO - Downloaded bronze/AAPL/1772075903.json -> D:\ADF_folder\real-time-stocks-mds\data\s3_downloads/AAPL_1772075903.json
[2026-03-01T05:49:33.091+0000] {logging_mixin.py:188} INFO - Downloaded bronze/AAPL/1772075936.json -> D:\ADF_folder\real-time-stocks-mds\data\s3_downloads/AAPL_1772075936.json
[2026-03-01T05:49:33.479+0000] {logging_mixin.py:188} INFO - Downloaded bronze/AAPL/1772075969.json -> D:\ADF_folder\real-time-stocks-mds\data\s3_downloads/AAPL_1772075969.json
[2026-03-01T05:49:33.866+0000] {logging_mixin.py:188} INFO - Downloaded bronze/AAPL/1772076002.json -> D:\ADF_folder\real-time-stocks-mds\data\s3_downloads/AAPL_1772076002.json
[2026-03-01T05:49:34.257+0000] {logging_mixin.py:188} INFO - Downloaded bronze/AAPL/1772076035.json -> D:\ADF_folder\real-time-stocks-mds\data\s3_downloads/AAPL_1772076035.json
[2026-03-01T05:49:34.643+0000] {logging_mixin.py:188} INFO - Downloaded bronze/AAPL/1772076068.json -> D:\ADF_folder\real-time-stocks-mds\data\s3_downloads/AAPL_1772076068.json
[2026-03-01T05:49:35.035+0000] {logging_mixin.py:188} INFO - Downloaded bronze/AAPL/1772076101.json -> D:\ADF_folder\real-time-stocks-mds\data\s3_downloads/AAPL_1772076101.json
[2026-03-01T05:49:35.426+0000] {logging_mixin.py:188} INFO - Downloaded bronze/AAPL/1772076134.json -> D:\ADF_folder\real-time-stocks-mds\data\s3_downloads/AAPL_1772076134.json
[2026-03-01T05:49:35.813+0000] {logging_mixin.py:188} INFO - Downloaded bronze/AAPL/1772076167.json -> D:\ADF_folder\real-time-stocks-mds\data\s3_downloads/AAPL_1772076167.json
[2026-03-01T05:49:36.207+0000] {logging_mixin.py:188} INFO - Downloaded bronze/AAPL/1772076200.json -> D:\ADF_folder\real-time-stocks-mds\data\s3_downloads/AAPL_1772076200.json
[2026-03-01T05:49:36.587+0000] {logging_mixin.py:188} INFO - Downloaded bronze/AAPL/1772076233.json -> D:\ADF_folder\real-time-stocks-mds\data\s3_downloads/AAPL_1772076233.json
[2026-03-01T05:49:36.979+0000] {logging_mixin.py:188} INFO - Downloaded bronze/AAPL/1772076266.json -> D:\ADF_folder\real-time-stocks-mds\data\s3_downloads/AAPL_1772076266.json
[2026-03-01T05:49:37.385+0000] {logging_mixin.py:188} INFO - Downloaded bronze/AAPL/1772076298.json -> D:\ADF_folder\real-time-stocks-mds\data\s3_downloads/AAPL_1772076298.json
[2026-03-01T05:49:37.776+0000] {logging_mixin.py:188} INFO - Downloaded bronze/AAPL/1772076331.json -> D:\ADF_folder\real-time-stocks-mds\data\s3_downloads/AAPL_1772076331.json
[2026-03-01T05:49:38.166+0000] {logging_mixin.py:188} INFO - Downloaded bronze/AAPL/1772076364.json -> D:\ADF_folder\real-time-stocks-mds\data\s3_downloads/AAPL_1772076364.json
[2026-03-01T05:49:38.555+0000] {logging_mixin.py:188} INFO - Downloaded bronze/AAPL/1772076397.json -> D:\ADF_folder\real-time-stocks-mds\data\s3_downloads/AAPL_1772076397.json
[2026-03-01T05:49:38.945+0000] {logging_mixin.py:188} INFO - Downloaded bronze/AAPL/1772076431.json -> D:\ADF_folder\real-time-stocks-mds\data\s3_downloads/AAPL_1772076431.json
[2026-03-01T05:49:39.343+0000] {logging_mixin.py:188} INFO - Downloaded bronze/AAPL/1772076464.json -> D:\ADF_folder\real-time-stocks-mds\data\s3_downloads/AAPL_1772076464.json
[2026-03-01T05:49:39.738+0000] {logging_mixin.py:188} INFO - Downloaded bronze/AAPL/1772076497.json -> D:\ADF_folder\real-time-stocks-mds\data\s3_downloads/AAPL_1772076497.json
[2026-03-01T05:49:40.132+0000] {logging_mixin.py:188} INFO - Downloaded bronze/AAPL/1772076530.json -> D:\ADF_folder\real-time-stocks-mds\data\s3_downloads/AAPL_1772076530.json
[2026-03-01T05:49:40.520+0000] {logging_mixin.py:188} INFO - Downloaded bronze/AAPL/1772076563.json -> D:\ADF_folder\real-time-stocks-mds\data\s3_downloads/AAPL_1772076563.json
[2026-03-01T05:49:40.902+0000] {logging_mixin.py:188} INFO - Downloaded bronze/AAPL/1772076595.json -> D:\ADF_folder\real-time-stocks-mds\data\s3_downloads/AAPL_1772076595.json
[2026-03-01T05:49:41.295+0000] {logging_mixin.py:188} INFO - Downloaded bronze/AAPL/1772076628.json -> D:\ADF_folder\real-time-stocks-mds\data\s3_downloads/AAPL_1772076628.json
[2026-03-01T05:49:40.273+0000] {logging_mixin.py:188} INFO - Downloaded bronze/AAPL/1772076661.json -> D:\ADF_folder\real-time-stocks-mds\data\s3_downloads/AAPL_1772076661.json
[2026-03-01T05:49:40.660+0000] {logging_mixin.py:188} INFO - Downloaded bronze/AAPL/1772076694.json -> D:\ADF_folder\real-time-stocks-mds\data\s3_downloads/AAPL_1772076694.json
[2026-03-01T05:49:41.554+0000] {logging_mixin.py:188} INFO - Downloaded bronze/AAPL/1772076727.json -> D:\ADF_folder\real-time-stocks-mds\data\s3_downloads/AAPL_1772076727.json
[2026-03-01T05:49:41.945+0000] {logging_mixin.py:188} INFO - Downloaded bronze/AAPL/1772076760.json -> D:\ADF_folder\real-time-stocks-mds\data\s3_downloads/AAPL_1772076760.json
[2026-03-01T05:49:42.339+0000] {logging_mixin.py:188} INFO - Downloaded bronze/AAPL/1772076793.json -> D:\ADF_folder\real-time-stocks-mds\data\s3_downloads/AAPL_1772076793.json
[2026-03-01T05:49:42.722+0000] {logging_mixin.py:188} INFO - Downloaded bronze/AAPL/1772076826.json -> D:\ADF_folder\real-time-stocks-mds\data\s3_downloads/AAPL_1772076826.json
[2026-03-01T05:49:43.110+0000] {logging_mixin.py:188} INFO - Downloaded bronze/AAPL/1772076859.json -> D:\ADF_folder\real-time-stocks-mds\data\s3_downloads/AAPL_1772076859.json
[2026-03-01T05:49:43.564+0000] {logging_mixin.py:188} INFO - Downloaded bronze/AAPL/1772076892.json -> D:\ADF_folder\real-time-stocks-mds\data\s3_downloads/AAPL_1772076892.json
[2026-03-01T05:49:43.955+0000] {logging_mixin.py:188} INFO - Downloaded bronze/AAPL/1772076925.json -> D:\ADF_folder\real-time-stocks-mds\data\s3_downloads/AAPL_1772076925.json
[2026-03-01T05:49:44.337+0000] {logging_mixin.py:188} INFO - Downloaded bronze/AAPL/1772076958.json -> D:\ADF_folder\real-time-stocks-mds\data\s3_downloads/AAPL_1772076958.json
[2026-03-01T05:49:44.722+0000] {logging_mixin.py:188} INFO - Downloaded bronze/AAPL/1772076991.json -> D:\ADF_folder\real-time-stocks-mds\data\s3_downloads/AAPL_1772076991.json
[2026-03-01T05:49:45.107+0000] {logging_mixin.py:188} INFO - Downloaded bronze/AAPL/1772077025.json -> D:\ADF_folder\real-time-stocks-mds\data\s3_downloads/AAPL_1772077025.json
[2026-03-01T05:49:45.497+0000] {logging_mixin.py:188} INFO - Downloaded bronze/AAPL/1772077058.json -> D:\ADF_folder\real-time-stocks-mds\data\s3_downloads/AAPL_1772077058.json
[2026-03-01T05:49:45.892+0000] {logging_mixin.py:188} INFO - Downloaded bronze/AAPL/1772077091.json -> D:\ADF_folder\real-time-stocks-mds\data\s3_downloads/AAPL_1772077091.json
[2026-03-01T05:49:46.297+0000] {logging_mixin.py:188} INFO - Downloaded bronze/AAPL/1772077123.json -> D:\ADF_folder\real-time-stocks-mds\data\s3_downloads/AAPL_1772077123.json
[2026-03-01T05:49:46.683+0000] {logging_mixin.py:188} INFO - Downloaded bronze/AAPL/1772077157.json -> D:\ADF_folder\real-time-stocks-mds\data\s3_downloads/AAPL_1772077157.json
[2026-03-01T05:49:47.071+0000] {logging_mixin.py:188} INFO - Downloaded bronze/AAPL/1772077190.json -> D:\ADF_folder\real-time-stocks-mds\data\s3_downloads/AAPL_1772077190.json
[2026-03-01T05:49:47.473+0000] {logging_mixin.py:188} INFO - Downloaded bronze/AAPL/1772077223.json -> D:\ADF_folder\real-time-stocks-mds\data\s3_downloads/AAPL_1772077223.json
[2026-03-01T05:49:47.860+0000] {logging_mixin.py:188} INFO - Downloaded bronze/AAPL/1772077256.json -> D:\ADF_folder\real-time-stocks-mds\data\s3_downloads/AAPL_1772077256.json
[2026-03-01T05:49:48.252+0000] {logging_mixin.py:188} INFO - Downloaded bronze/AAPL/1772077289.json -> D:\ADF_folder\real-time-stocks-mds\data\s3_downloads/AAPL_1772077289.json
[2026-03-01T05:49:48.632+0000] {logging_mixin.py:188} INFO - Downloaded bronze/AAPL/1772077322.json -> D:\ADF_folder\real-time-stocks-mds\data\s3_downloads/AAPL_1772077322.json
[2026-03-01T05:49:49.018+0000] {logging_mixin.py:188} INFO - Downloaded bronze/AAPL/1772077356.json -> D:\ADF_folder\real-time-stocks-mds\data\s3_downloads/AAPL_1772077356.json
[2026-03-01T05:49:49.406+0000] {logging_mixin.py:188} INFO - Downloaded bronze/AAPL/1772077388.json -> D:\ADF_folder\real-time-stocks-mds\data\s3_downloads/AAPL_1772077388.json
[2026-03-01T05:49:49.791+0000] {logging_mixin.py:188} INFO - Downloaded bronze/AAPL/1772077421.json -> D:\ADF_folder\real-time-stocks-mds\data\s3_downloads/AAPL_1772077421.json
[2026-03-01T05:49:50.175+0000] {logging_mixin.py:188} INFO - Downloaded bronze/AAPL/1772077454.json -> D:\ADF_folder\real-time-stocks-mds\data\s3_downloads/AAPL_1772077454.json
[2026-03-01T05:49:50.570+0000] {logging_mixin.py:188} INFO - Downloaded bronze/AAPL/1772077487.json -> D:\ADF_folder\real-time-stocks-mds\data\s3_downloads/AAPL_1772077487.json
[2026-03-01T05:49:50.958+0000] {logging_mixin.py:188} INFO - Downloaded bronze/AAPL/1772077520.json -> D:\ADF_folder\real-time-stocks-mds\data\s3_downloads/AAPL_1772077520.json
[2026-03-01T05:49:51.349+0000] {logging_mixin.py:188} INFO - Downloaded bronze/AAPL/1772077553.json -> D:\ADF_folder\real-time-stocks-mds\data\s3_downloads/AAPL_1772077553.json
[2026-03-01T05:49:51.735+0000] {logging_mixin.py:188} INFO - Downloaded bronze/AAPL/1772077586.json -> D:\ADF_folder\real-time-stocks-mds\data\s3_downloads/AAPL_1772077586.json
[2026-03-01T05:49:52.124+0000] {logging_mixin.py:188} INFO - Downloaded bronze/AAPL/1772077619.json -> D:\ADF_folder\real-time-stocks-mds\data\s3_downloads/AAPL_1772077619.json
[2026-03-01T05:49:52.504+0000] {logging_mixin.py:188} INFO - Downloaded bronze/AAPL/1772077652.json -> D:\ADF_folder\real-time-stocks-mds\data\s3_downloads/AAPL_1772077652.json
[2026-03-01T05:49:52.892+0000] {logging_mixin.py:188} INFO - Downloaded bronze/AAPL/1772077685.json -> D:\ADF_folder\real-time-stocks-mds\data\s3_downloads/AAPL_1772077685.json
[2026-03-01T05:49:53.292+0000] {logging_mixin.py:188} INFO - Downloaded bronze/AAPL/1772077718.json -> D:\ADF_folder\real-time-stocks-mds\data\s3_downloads/AAPL_1772077718.json
[2026-03-01T05:49:53.688+0000] {logging_mixin.py:188} INFO - Downloaded bronze/AAPL/1772077750.json -> D:\ADF_folder\real-time-stocks-mds\data\s3_downloads/AAPL_1772077750.json
[2026-03-01T05:49:54.077+0000] {logging_mixin.py:188} INFO - Downloaded bronze/AAPL/1772077783.json -> D:\ADF_folder\real-time-stocks-mds\data\s3_downloads/AAPL_1772077783.json
[2026-03-01T05:49:54.471+0000] {logging_mixin.py:188} INFO - Downloaded bronze/AAPL/1772077816.json -> D:\ADF_folder\real-time-stocks-mds\data\s3_downloads/AAPL_1772077816.json
[2026-03-01T05:49:54.860+0000] {logging_mixin.py:188} INFO - Downloaded bronze/AAPL/1772077849.json -> D:\ADF_folder\real-time-stocks-mds\data\s3_downloads/AAPL_1772077849.json
[2026-03-01T05:49:55.245+0000] {logging_mixin.py:188} INFO - Downloaded bronze/AAPL/1772077882.json -> D:\ADF_folder\real-time-stocks-mds\data\s3_downloads/AAPL_1772077882.json
[2026-03-01T05:49:55.632+0000] {logging_mixin.py:188} INFO - Downloaded bronze/AAPL/1772077915.json -> D:\ADF_folder\real-time-stocks-mds\data\s3_downloads/AAPL_1772077915.json
[2026-03-01T05:49:56.026+0000] {logging_mixin.py:188} INFO - Downloaded bronze/AAPL/1772077947.json -> D:\ADF_folder\real-time-stocks-mds\data\s3_downloads/AAPL_1772077947.json
[2026-03-01T05:49:56.418+0000] {logging_mixin.py:188} INFO - Downloaded bronze/AAPL/1772077980.json -> D:\ADF_folder\real-time-stocks-mds\data\s3_downloads/AAPL_1772077980.json
[2026-03-01T05:49:56.807+0000] {logging_mixin.py:188} INFO - Downloaded bronze/AAPL/1772078013.json -> D:\ADF_folder\real-time-stocks-mds\data\s3_downloads/AAPL_1772078013.json
[2026-03-01T05:49:57.219+0000] {logging_mixin.py:188} INFO - Downloaded bronze/AAPL/1772078046.json -> D:\ADF_folder\real-time-stocks-mds\data\s3_downloads/AAPL_1772078046.json
[2026-03-01T05:49:57.615+0000] {logging_mixin.py:188} INFO - Downloaded bronze/AAPL/1772078079.json -> D:\ADF_folder\real-time-stocks-mds\data\s3_downloads/AAPL_1772078079.json
[2026-03-01T05:49:58.009+0000] {logging_mixin.py:188} INFO - Downloaded bronze/AAPL/1772078112.json -> D:\ADF_folder\real-time-stocks-mds\data\s3_downloads/AAPL_1772078112.json
[2026-03-01T05:49:58.408+0000] {logging_mixin.py:188} INFO - Downloaded bronze/AAPL/1772078145.json -> D:\ADF_folder\real-time-stocks-mds\data\s3_downloads/AAPL_1772078145.json
[2026-03-01T05:49:58.793+0000] {logging_mixin.py:188} INFO - Downloaded bronze/AAPL/1772078178.json -> D:\ADF_folder\real-time-stocks-mds\data\s3_downloads/AAPL_1772078178.json
[2026-03-01T05:49:59.184+0000] {logging_mixin.py:188} INFO - Downloaded bronze/AAPL/1772078211.json -> D:\ADF_folder\real-time-stocks-mds\data\s3_downloads/AAPL_1772078211.json
[2026-03-01T05:49:59.569+0000] {logging_mixin.py:188} INFO - Downloaded bronze/AAPL/1772078244.json -> D:\ADF_folder\real-time-stocks-mds\data\s3_downloads/AAPL_1772078244.json
[2026-03-01T05:49:59.968+0000] {logging_mixin.py:188} INFO - Downloaded bronze/AAPL/1772078277.json -> D:\ADF_folder\real-time-stocks-mds\data\s3_downloads/AAPL_1772078277.json
[2026-03-01T05:50:00.364+0000] {logging_mixin.py:188} INFO - Downloaded bronze/AAPL/1772078310.json -> D:\ADF_folder\real-time-stocks-mds\data\s3_downloads/AAPL_1772078310.json
[2026-03-01T05:50:00.744+0000] {logging_mixin.py:188} INFO - Downloaded bronze/AAPL/1772078342.json -> D:\ADF_folder\real-time-stocks-mds\data\s3_downloads/AAPL_1772078342.json
[2026-03-01T05:50:01.650+0000] {logging_mixin.py:188} INFO - Downloaded bronze/AAPL/1772078375.json -> D:\ADF_folder\real-time-stocks-mds\data\s3_downloads/AAPL_1772078375.json
[2026-03-01T05:50:02.038+0000] {logging_mixin.py:188} INFO - Downloaded bronze/AAPL/1772078409.json -> D:\ADF_folder\real-time-stocks-mds\data\s3_downloads/AAPL_1772078409.json
[2026-03-01T05:50:02.432+0000] {logging_mixin.py:188} INFO - Downloaded bronze/AAPL/1772078442.json -> D:\ADF_folder\real-time-stocks-mds\data\s3_downloads/AAPL_1772078442.json
[2026-03-01T05:50:02.823+0000] {logging_mixin.py:188} INFO - Downloaded bronze/AAPL/1772078475.json -> D:\ADF_folder\real-time-stocks-mds\data\s3_downloads/AAPL_1772078475.json
[2026-03-01T05:50:03.210+0000] {logging_mixin.py:188} INFO - Downloaded bronze/AAPL/1772078509.json -> D:\ADF_folder\real-time-stocks-mds\data\s3_downloads/AAPL_1772078509.json
[2026-03-01T05:50:03.606+0000] {logging_mixin.py:188} INFO - Downloaded bronze/AAPL/1772078542.json -> D:\ADF_folder\real-time-stocks-mds\data\s3_downloads/AAPL_1772078542.json
[2026-03-01T05:50:03.997+0000] {logging_mixin.py:188} INFO - Downloaded bronze/AAPL/1772078575.json -> D:\ADF_folder\real-time-stocks-mds\data\s3_downloads/AAPL_1772078575.json
[2026-03-01T05:50:04.390+0000] {logging_mixin.py:188} INFO - Downloaded bronze/AAPL/1772078608.json -> D:\ADF_folder\real-time-stocks-mds\data\s3_downloads/AAPL_1772078608.json
[2026-03-01T05:50:04.781+0000] {logging_mixin.py:188} INFO - Downloaded bronze/AAPL/1772078641.json -> D:\ADF_folder\real-time-stocks-mds\data\s3_downloads/AAPL_1772078641.json
[2026-03-01T05:50:05.172+0000] {logging_mixin.py:188} INFO - Downloaded bronze/AAPL/1772078674.json -> D:\ADF_folder\real-time-stocks-mds\data\s3_downloads/AAPL_1772078674.json
[2026-03-01T05:50:05.568+0000] {logging_mixin.py:188} INFO - Downloaded bronze/AAPL/1772078707.json -> D:\ADF_folder\real-time-stocks-mds\data\s3_downloads/AAPL_1772078707.json
[2026-03-01T05:50:05.959+0000] {logging_mixin.py:188} INFO - Downloaded bronze/AAPL/1772078740.json -> D:\ADF_folder\real-time-stocks-mds\data\s3_downloads/AAPL_1772078740.json
[2026-03-01T05:50:06.345+0000] {logging_mixin.py:188} INFO - Downloaded bronze/AAPL/1772078773.json -> D:\ADF_folder\real-time-stocks-mds\data\s3_downloads/AAPL_1772078773.json
[2026-03-01T05:50:06.737+0000] {logging_mixin.py:188} INFO - Downloaded bronze/AAPL/1772078806.json -> D:\ADF_folder\real-time-stocks-mds\data\s3_downloads/AAPL_1772078806.json
[2026-03-01T05:50:07.130+0000] {logging_mixin.py:188} INFO - Downloaded bronze/AAPL/1772078839.json -> D:\ADF_folder\real-time-stocks-mds\data\s3_downloads/AAPL_1772078839.json
[2026-03-01T05:50:07.527+0000] {logging_mixin.py:188} INFO - Downloaded bronze/AAPL/1772078872.json -> D:\ADF_folder\real-time-stocks-mds\data\s3_downloads/AAPL_1772078872.json
[2026-03-01T05:50:07.921+0000] {logging_mixin.py:188} INFO - Downloaded bronze/AAPL/1772078904.json -> D:\ADF_folder\real-time-stocks-mds\data\s3_downloads/AAPL_1772078904.json
[2026-03-01T05:50:08.307+0000] {logging_mixin.py:188} INFO - Downloaded bronze/AAPL/1772078937.json -> D:\ADF_folder\real-time-stocks-mds\data\s3_downloads/AAPL_1772078937.json
[2026-03-01T05:50:08.704+0000] {logging_mixin.py:188} INFO - Downloaded bronze/AAPL/1772078970.json -> D:\ADF_folder\real-time-stocks-mds\data\s3_downloads/AAPL_1772078970.json
[2026-03-01T05:50:09.100+0000] {logging_mixin.py:188} INFO - Downloaded bronze/AAPL/1772079004.json -> D:\ADF_folder\real-time-stocks-mds\data\s3_downloads/AAPL_1772079004.json
[2026-03-01T05:50:09.486+0000] {logging_mixin.py:188} INFO - Downloaded bronze/AAPL/1772079037.json -> D:\ADF_folder\real-time-stocks-mds\data\s3_downloads/AAPL_1772079037.json
[2026-03-01T05:50:09.880+0000] {logging_mixin.py:188} INFO - Downloaded bronze/AAPL/1772079071.json -> D:\ADF_folder\real-time-stocks-mds\data\s3_downloads/AAPL_1772079071.json
[2026-03-01T05:50:08.841+0000] {logging_mixin.py:188} INFO - Downloaded bronze/AAPL/1772079104.json -> D:\ADF_folder\real-time-stocks-mds\data\s3_downloads/AAPL_1772079104.json
[2026-03-01T05:50:09.240+0000] {logging_mixin.py:188} INFO - Downloaded bronze/AAPL/1772079137.json -> D:\ADF_folder\real-time-stocks-mds\data\s3_downloads/AAPL_1772079137.json
[2026-03-01T05:50:09.643+0000] {logging_mixin.py:188} INFO - Downloaded bronze/AAPL/1772079170.json -> D:\ADF_folder\real-time-stocks-mds\data\s3_downloads/AAPL_1772079170.json
[2026-03-01T05:50:10.044+0000] {logging_mixin.py:188} INFO - Downloaded bronze/AAPL/1772079203.json -> D:\ADF_folder\real-time-stocks-mds\data\s3_downloads/AAPL_1772079203.json
[2026-03-01T05:50:10.431+0000] {logging_mixin.py:188} INFO - Downloaded bronze/AAPL/1772079236.json -> D:\ADF_folder\real-time-stocks-mds\data\s3_downloads/AAPL_1772079236.json
[2026-03-01T05:50:10.820+0000] {logging_mixin.py:188} INFO - Downloaded bronze/AAPL/1772079269.json -> D:\ADF_folder\real-time-stocks-mds\data\s3_downloads/AAPL_1772079269.json
[2026-03-01T05:50:10.822+0000] {logging_mixin.py:188} INFO - 
Processing prefix: bronze/GOOGL/
[2026-03-01T05:50:11.657+0000] {logging_mixin.py:188} INFO - Downloaded bronze/GOOGL/1771463605.json -> D:\ADF_folder\real-time-stocks-mds\data\s3_downloads/GOOGL_1771463605.json
[2026-03-01T05:50:12.051+0000] {logging_mixin.py:188} INFO - Downloaded bronze/GOOGL/1771463638.json -> D:\ADF_folder\real-time-stocks-mds\data\s3_downloads/GOOGL_1771463638.json
[2026-03-01T05:50:12.442+0000] {logging_mixin.py:188} INFO - Downloaded bronze/GOOGL/1771463671.json -> D:\ADF_folder\real-time-stocks-mds\data\s3_downloads/GOOGL_1771463671.json
[2026-03-01T05:50:12.828+0000] {logging_mixin.py:188} INFO - Downloaded bronze/GOOGL/1771463704.json -> D:\ADF_folder\real-time-stocks-mds\data\s3_downloads/GOOGL_1771463704.json
[2026-03-01T05:50:13.214+0000] {logging_mixin.py:188} INFO - Downloaded bronze/GOOGL/1771463737.json -> D:\ADF_folder\real-time-stocks-mds\data\s3_downloads/GOOGL_1771463737.json
[2026-03-01T05:50:13.598+0000] {logging_mixin.py:188} INFO - Downloaded bronze/GOOGL/1771463770.json -> D:\ADF_folder\real-time-stocks-mds\data\s3_downloads/GOOGL_1771463770.json
[2026-03-01T05:50:13.982+0000] {logging_mixin.py:188} INFO - Downloaded bronze/GOOGL/1771463803.json -> D:\ADF_folder\real-time-stocks-mds\data\s3_downloads/GOOGL_1771463803.json
[2026-03-01T05:50:14.372+0000] {logging_mixin.py:188} INFO - Downloaded bronze/GOOGL/1771463836.json -> D:\ADF_folder\real-time-stocks-mds\data\s3_downloads/GOOGL_1771463836.json
[2026-03-01T05:50:14.758+0000] {logging_mixin.py:188} INFO - Downloaded bronze/GOOGL/1771463869.json -> D:\ADF_folder\real-time-stocks-mds\data\s3_downloads/GOOGL_1771463869.json
[2026-03-01T05:50:15.154+0000] {logging_mixin.py:188} INFO - Downloaded bronze/GOOGL/1771463902.json -> D:\ADF_folder\real-time-stocks-mds\data\s3_downloads/GOOGL_1771463902.json
[2026-03-01T05:50:15.541+0000] {logging_mixin.py:188} INFO - Downloaded bronze/GOOGL/1771463936.json -> D:\ADF_folder\real-time-stocks-mds\data\s3_downloads/GOOGL_1771463936.json
[2026-03-01T05:50:15.945+0000] {logging_mixin.py:188} INFO - Downloaded bronze/GOOGL/1771463968.json -> D:\ADF_folder\real-time-stocks-mds\data\s3_downloads/GOOGL_1771463968.json
[2026-03-01T05:50:16.336+0000] {logging_mixin.py:188} INFO - Downloaded bronze/GOOGL/1771464002.json -> D:\ADF_folder\real-time-stocks-mds\data\s3_downloads/GOOGL_1771464002.json
[2026-03-01T05:50:16.728+0000] {logging_mixin.py:188} INFO - Downloaded bronze/GOOGL/1771464035.json -> D:\ADF_folder\real-time-stocks-mds\data\s3_downloads/GOOGL_1771464035.json
[2026-03-01T05:50:17.114+0000] {logging_mixin.py:188} INFO - Downloaded bronze/GOOGL/1771464068.json -> D:\ADF_folder\real-time-stocks-mds\data\s3_downloads/GOOGL_1771464068.json
[2026-03-01T05:50:17.506+0000] {logging_mixin.py:188} INFO - Downloaded bronze/GOOGL/1771464101.json -> D:\ADF_folder\real-time-stocks-mds\data\s3_downloads/GOOGL_1771464101.json
[2026-03-01T05:50:17.901+0000] {logging_mixin.py:188} INFO - Downloaded bronze/GOOGL/1771464134.json -> D:\ADF_folder\real-time-stocks-mds\data\s3_downloads/GOOGL_1771464134.json
[2026-03-01T05:50:18.306+0000] {logging_mixin.py:188} INFO - Downloaded bronze/GOOGL/1771464167.json -> D:\ADF_folder\real-time-stocks-mds\data\s3_downloads/GOOGL_1771464167.json
[2026-03-01T05:50:18.734+0000] {logging_mixin.py:188} INFO - Downloaded bronze/GOOGL/1771464200.json -> D:\ADF_folder\real-time-stocks-mds\data\s3_downloads/GOOGL_1771464200.json
[2026-03-01T05:50:19.134+0000] {logging_mixin.py:188} INFO - Downloaded bronze/GOOGL/1771464233.json -> D:\ADF_folder\real-time-stocks-mds\data\s3_downloads/GOOGL_1771464233.json
[2026-03-01T05:50:19.529+0000] {logging_mixin.py:188} INFO - Downloaded bronze/GOOGL/1771464266.json -> D:\ADF_folder\real-time-stocks-mds\data\s3_downloads/GOOGL_1771464266.json
[2026-03-01T05:50:19.920+0000] {logging_mixin.py:188} INFO - Downloaded bronze/GOOGL/1771464299.json -> D:\ADF_folder\real-time-stocks-mds\data\s3_downloads/GOOGL_1771464299.json
[2026-03-01T05:50:20.828+0000] {logging_mixin.py:188} INFO - Downloaded bronze/GOOGL/1771465232.json -> D:\ADF_folder\real-time-stocks-mds\data\s3_downloads/GOOGL_1771465232.json
[2026-03-01T05:50:21.213+0000] {logging_mixin.py:188} INFO - Downloaded bronze/GOOGL/1771465265.json -> D:\ADF_folder\real-time-stocks-mds\data\s3_downloads/GOOGL_1771465265.json
[2026-03-01T05:50:21.599+0000] {logging_mixin.py:188} INFO - Downloaded bronze/GOOGL/1771465298.json -> D:\ADF_folder\real-time-stocks-mds\data\s3_downloads/GOOGL_1771465298.json
[2026-03-01T05:50:21.986+0000] {logging_mixin.py:188} INFO - Downloaded bronze/GOOGL/1771465331.json -> D:\ADF_folder\real-time-stocks-mds\data\s3_downloads/GOOGL_1771465331.json
[2026-03-01T05:50:22.373+0000] {logging_mixin.py:188} INFO - Downloaded bronze/GOOGL/1771465364.json -> D:\ADF_folder\real-time-stocks-mds\data\s3_downloads/GOOGL_1771465364.json
[2026-03-01T05:50:22.763+0000] {logging_mixin.py:188} INFO - Downloaded bronze/GOOGL/1771465397.json -> D:\ADF_folder\real-time-stocks-mds\data\s3_downloads/GOOGL_1771465397.json
[2026-03-01T05:50:23.149+0000] {logging_mixin.py:188} INFO - Downloaded bronze/GOOGL/1771465430.json -> D:\ADF_folder\real-time-stocks-mds\data\s3_downloads/GOOGL_1771465430.json
[2026-03-01T05:50:23.527+0000] {logging_mixin.py:188} INFO - Downloaded bronze/GOOGL/1771465463.json -> D:\ADF_folder\real-time-stocks-mds\data\s3_downloads/GOOGL_1771465463.json
[2026-03-01T05:50:23.912+0000] {logging_mixin.py:188} INFO - Downloaded bronze/GOOGL/1771465496.json -> D:\ADF_folder\real-time-stocks-mds\data\s3_downloads/GOOGL_1771465496.json
[2026-03-01T05:50:24.290+0000] {logging_mixin.py:188} INFO - Downloaded bronze/GOOGL/1771465529.json -> D:\ADF_folder\real-time-stocks-mds\data\s3_downloads/GOOGL_1771465529.json
[2026-03-01T05:50:24.686+0000] {logging_mixin.py:188} INFO - Downloaded bronze/GOOGL/1771465562.json -> D:\ADF_folder\real-time-stocks-mds\data\s3_downloads/GOOGL_1771465562.json
[2026-03-01T05:50:25.073+0000] {logging_mixin.py:188} INFO - Downloaded bronze/GOOGL/1772074576.json -> D:\ADF_folder\real-time-stocks-mds\data\s3_downloads/GOOGL_1772074576.json
[2026-03-01T05:50:25.458+0000] {logging_mixin.py:188} INFO - Downloaded bronze/GOOGL/1772074609.json -> D:\ADF_folder\real-time-stocks-mds\data\s3_downloads/GOOGL_1772074609.json
[2026-03-01T05:50:25.846+0000] {logging_mixin.py:188} INFO - Downloaded bronze/GOOGL/1772074642.json -> D:\ADF_folder\real-time-stocks-mds\data\s3_downloads/GOOGL_1772074642.json
[2026-03-01T05:50:26.224+0000] {logging_mixin.py:188} INFO - Downloaded bronze/GOOGL/1772074676.json -> D:\ADF_folder\real-time-stocks-mds\data\s3_downloads/GOOGL_1772074676.json
[2026-03-01T05:50:26.611+0000] {logging_mixin.py:188} INFO - Downloaded bronze/GOOGL/1772074709.json -> D:\ADF_folder\real-time-stocks-mds\data\s3_downloads/GOOGL_1772074709.json
[2026-03-01T05:50:26.994+0000] {logging_mixin.py:188} INFO - Downloaded bronze/GOOGL/1772074742.json -> D:\ADF_folder\real-time-stocks-mds\data\s3_downloads/GOOGL_1772074742.json
[2026-03-01T05:50:27.376+0000] {logging_mixin.py:188} INFO - Downloaded bronze/GOOGL/1772074775.json -> D:\ADF_folder\real-time-stocks-mds\data\s3_downloads/GOOGL_1772074775.json
[2026-03-01T05:50:27.756+0000] {logging_mixin.py:188} INFO - Downloaded bronze/GOOGL/1772074808.json -> D:\ADF_folder\real-time-stocks-mds\data\s3_downloads/GOOGL_1772074808.json
[2026-03-01T05:50:28.156+0000] {logging_mixin.py:188} INFO - Downloaded bronze/GOOGL/1772074841.json -> D:\ADF_folder\real-time-stocks-mds\data\s3_downloads/GOOGL_1772074841.json
[2026-03-01T05:50:28.543+0000] {logging_mixin.py:188} INFO - Downloaded bronze/GOOGL/1772074874.json -> D:\ADF_folder\real-time-stocks-mds\data\s3_downloads/GOOGL_1772074874.json
[2026-03-01T05:50:28.925+0000] {logging_mixin.py:188} INFO - Downloaded bronze/GOOGL/1772074907.json -> D:\ADF_folder\real-time-stocks-mds\data\s3_downloads/GOOGL_1772074907.json
[2026-03-01T05:50:29.311+0000] {logging_mixin.py:188} INFO - Downloaded bronze/GOOGL/1772074940.json -> D:\ADF_folder\real-time-stocks-mds\data\s3_downloads/GOOGL_1772074940.json
[2026-03-01T05:50:29.692+0000] {logging_mixin.py:188} INFO - Downloaded bronze/GOOGL/1772074973.json -> D:\ADF_folder\real-time-stocks-mds\data\s3_downloads/GOOGL_1772074973.json
[2026-03-01T05:50:30.077+0000] {logging_mixin.py:188} INFO - Downloaded bronze/GOOGL/1772075006.json -> D:\ADF_folder\real-time-stocks-mds\data\s3_downloads/GOOGL_1772075006.json
[2026-03-01T05:50:30.465+0000] {logging_mixin.py:188} INFO - Downloaded bronze/GOOGL/1772075039.json -> D:\ADF_folder\real-time-stocks-mds\data\s3_downloads/GOOGL_1772075039.json
[2026-03-01T05:50:30.858+0000] {logging_mixin.py:188} INFO - Downloaded bronze/GOOGL/1772075072.json -> D:\ADF_folder\real-time-stocks-mds\data\s3_downloads/GOOGL_1772075072.json
[2026-03-01T05:50:31.241+0000] {logging_mixin.py:188} INFO - Downloaded bronze/GOOGL/1772075105.json -> D:\ADF_folder\real-time-stocks-mds\data\s3_downloads/GOOGL_1772075105.json
[2026-03-01T05:50:31.621+0000] {logging_mixin.py:188} INFO - Downloaded bronze/GOOGL/1772075138.json -> D:\ADF_folder\real-time-stocks-mds\data\s3_downloads/GOOGL_1772075138.json
[2026-03-01T05:50:32.005+0000] {logging_mixin.py:188} INFO - Downloaded bronze/GOOGL/1772075171.json -> D:\ADF_folder\real-time-stocks-mds\data\s3_downloads/GOOGL_1772075171.json
[2026-03-01T05:50:32.390+0000] {logging_mixin.py:188} INFO - Downloaded bronze/GOOGL/1772075204.json -> D:\ADF_folder\real-time-stocks-mds\data\s3_downloads/GOOGL_1772075204.json
[2026-03-01T05:50:32.778+0000] {logging_mixin.py:188} INFO - Downloaded bronze/GOOGL/1772075237.json -> D:\ADF_folder\real-time-stocks-mds\data\s3_downloads/GOOGL_1772075237.json
[2026-03-01T05:50:33.157+0000] {logging_mixin.py:188} INFO - Downloaded bronze/GOOGL/1772075270.json -> D:\ADF_folder\real-time-stocks-mds\data\s3_downloads/GOOGL_1772075270.json
[2026-03-01T05:50:33.548+0000] {logging_mixin.py:188} INFO - Downloaded bronze/GOOGL/1772075303.json -> D:\ADF_folder\real-time-stocks-mds\data\s3_downloads/GOOGL_1772075303.json
[2026-03-01T05:50:33.943+0000] {logging_mixin.py:188} INFO - Downloaded bronze/GOOGL/1772075336.json -> D:\ADF_folder\real-time-stocks-mds\data\s3_downloads/GOOGL_1772075336.json
[2026-03-01T05:50:34.335+0000] {logging_mixin.py:188} INFO - Downloaded bronze/GOOGL/1772075369.json -> D:\ADF_folder\real-time-stocks-mds\data\s3_downloads/GOOGL_1772075369.json
[2026-03-01T05:50:34.732+0000] {logging_mixin.py:188} INFO - Downloaded bronze/GOOGL/1772075402.json -> D:\ADF_folder\real-time-stocks-mds\data\s3_downloads/GOOGL_1772075402.json
[2026-03-01T05:50:35.117+0000] {logging_mixin.py:188} INFO - Downloaded bronze/GOOGL/1772075435.json -> D:\ADF_folder\real-time-stocks-mds\data\s3_downloads/GOOGL_1772075435.json
[2026-03-01T05:50:35.501+0000] {logging_mixin.py:188} INFO - Downloaded bronze/GOOGL/1772075468.json -> D:\ADF_folder\real-time-stocks-mds\data\s3_downloads/GOOGL_1772075468.json
[2026-03-01T05:50:35.884+0000] {logging_mixin.py:188} INFO - Downloaded bronze/GOOGL/1772075500.json -> D:\ADF_folder\real-time-stocks-mds\data\s3_downloads/GOOGL_1772075500.json
[2026-03-01T05:50:36.263+0000] {logging_mixin.py:188} INFO - Downloaded bronze/GOOGL/1772075533.json -> D:\ADF_folder\real-time-stocks-mds\data\s3_downloads/GOOGL_1772075533.json
[2026-03-01T05:50:36.649+0000] {logging_mixin.py:188} INFO - Downloaded bronze/GOOGL/1772075566.json -> D:\ADF_folder\real-time-stocks-mds\data\s3_downloads/GOOGL_1772075566.json
[2026-03-01T05:50:37.033+0000] {logging_mixin.py:188} INFO - Downloaded bronze/GOOGL/1772075600.json -> D:\ADF_folder\real-time-stocks-mds\data\s3_downloads/GOOGL_1772075600.json
[2026-03-01T05:50:37.423+0000] {logging_mixin.py:188} INFO - Downloaded bronze/GOOGL/1772075634.json -> D:\ADF_folder\real-time-stocks-mds\data\s3_downloads/GOOGL_1772075634.json
[2026-03-01T05:50:37.808+0000] {logging_mixin.py:188} INFO - Downloaded bronze/GOOGL/1772075666.json -> D:\ADF_folder\real-time-stocks-mds\data\s3_downloads/GOOGL_1772075666.json
[2026-03-01T05:50:38.188+0000] {logging_mixin.py:188} INFO - Downloaded bronze/GOOGL/1772075699.json -> D:\ADF_folder\real-time-stocks-mds\data\s3_downloads/GOOGL_1772075699.json
[2026-03-01T05:50:37.958+0000] {logging_mixin.py:188} INFO - Downloaded bronze/GOOGL/1772075732.json -> D:\ADF_folder\real-time-stocks-mds\data\s3_downloads/GOOGL_1772075732.json
[2026-03-01T05:50:37.518+0000] {logging_mixin.py:188} INFO - Downloaded bronze/GOOGL/1772075765.json -> D:\ADF_folder\real-time-stocks-mds\data\s3_downloads/GOOGL_1772075765.json
[2026-03-01T05:50:37.899+0000] {logging_mixin.py:188} INFO - Downloaded bronze/GOOGL/1772075798.json -> D:\ADF_folder\real-time-stocks-mds\data\s3_downloads/GOOGL_1772075798.json
[2026-03-01T05:50:38.294+0000] {logging_mixin.py:188} INFO - Downloaded bronze/GOOGL/1772075831.json -> D:\ADF_folder\real-time-stocks-mds\data\s3_downloads/GOOGL_1772075831.json
[2026-03-01T05:50:39.130+0000] {logging_mixin.py:188} INFO - Downloaded bronze/GOOGL/1772075864.json -> D:\ADF_folder\real-time-stocks-mds\data\s3_downloads/GOOGL_1772075864.json
[2026-03-01T05:50:39.508+0000] {logging_mixin.py:188} INFO - Downloaded bronze/GOOGL/1772075896.json -> D:\ADF_folder\real-time-stocks-mds\data\s3_downloads/GOOGL_1772075896.json
[2026-03-01T05:50:39.892+0000] {logging_mixin.py:188} INFO - Downloaded bronze/GOOGL/1772075930.json -> D:\ADF_folder\real-time-stocks-mds\data\s3_downloads/GOOGL_1772075930.json
[2026-03-01T05:50:40.279+0000] {logging_mixin.py:188} INFO - Downloaded bronze/GOOGL/1772075962.json -> D:\ADF_folder\real-time-stocks-mds\data\s3_downloads/GOOGL_1772075962.json
[2026-03-01T05:50:40.667+0000] {logging_mixin.py:188} INFO - Downloaded bronze/GOOGL/1772075995.json -> D:\ADF_folder\real-time-stocks-mds\data\s3_downloads/GOOGL_1772075995.json
[2026-03-01T05:50:41.051+0000] {logging_mixin.py:188} INFO - Downloaded bronze/GOOGL/1772076028.json -> D:\ADF_folder\real-time-stocks-mds\data\s3_downloads/GOOGL_1772076028.json
[2026-03-01T05:50:41.432+0000] {logging_mixin.py:188} INFO - Downloaded bronze/GOOGL/1772076062.json -> D:\ADF_folder\real-time-stocks-mds\data\s3_downloads/GOOGL_1772076062.json
[2026-03-01T05:50:41.816+0000] {logging_mixin.py:188} INFO - Downloaded bronze/GOOGL/1772076094.json -> D:\ADF_folder\real-time-stocks-mds\data\s3_downloads/GOOGL_1772076094.json
[2026-03-01T05:50:42.195+0000] {logging_mixin.py:188} INFO - Downloaded bronze/GOOGL/1772076127.json -> D:\ADF_folder\real-time-stocks-mds\data\s3_downloads/GOOGL_1772076127.json
[2026-03-01T05:50:42.581+0000] {logging_mixin.py:188} INFO - Downloaded bronze/GOOGL/1772076160.json -> D:\ADF_folder\real-time-stocks-mds\data\s3_downloads/GOOGL_1772076160.json
[2026-03-01T05:50:42.963+0000] {logging_mixin.py:188} INFO - Downloaded bronze/GOOGL/1772076193.json -> D:\ADF_folder\real-time-stocks-mds\data\s3_downloads/GOOGL_1772076193.json
[2026-03-01T05:50:43.340+0000] {logging_mixin.py:188} INFO - Downloaded bronze/GOOGL/1772076226.json -> D:\ADF_folder\real-time-stocks-mds\data\s3_downloads/GOOGL_1772076226.json
[2026-03-01T05:50:43.734+0000] {logging_mixin.py:188} INFO - Downloaded bronze/GOOGL/1772076259.json -> D:\ADF_folder\real-time-stocks-mds\data\s3_downloads/GOOGL_1772076259.json
[2026-03-01T05:50:44.115+0000] {logging_mixin.py:188} INFO - Downloaded bronze/GOOGL/1772076292.json -> D:\ADF_folder\real-time-stocks-mds\data\s3_downloads/GOOGL_1772076292.json
[2026-03-01T05:50:44.497+0000] {logging_mixin.py:188} INFO - Downloaded bronze/GOOGL/1772076325.json -> D:\ADF_folder\real-time-stocks-mds\data\s3_downloads/GOOGL_1772076325.json
[2026-03-01T05:50:44.882+0000] {logging_mixin.py:188} INFO - Downloaded bronze/GOOGL/1772076357.json -> D:\ADF_folder\real-time-stocks-mds\data\s3_downloads/GOOGL_1772076357.json
[2026-03-01T05:50:45.266+0000] {logging_mixin.py:188} INFO - Downloaded bronze/GOOGL/1772076390.json -> D:\ADF_folder\real-time-stocks-mds\data\s3_downloads/GOOGL_1772076390.json
[2026-03-01T05:50:45.654+0000] {logging_mixin.py:188} INFO - Downloaded bronze/GOOGL/1772076423.json -> D:\ADF_folder\real-time-stocks-mds\data\s3_downloads/GOOGL_1772076423.json
[2026-03-01T05:50:46.035+0000] {logging_mixin.py:188} INFO - Downloaded bronze/GOOGL/1772076457.json -> D:\ADF_folder\real-time-stocks-mds\data\s3_downloads/GOOGL_1772076457.json
[2026-03-01T05:50:46.426+0000] {logging_mixin.py:188} INFO - Downloaded bronze/GOOGL/1772076490.json -> D:\ADF_folder\real-time-stocks-mds\data\s3_downloads/GOOGL_1772076490.json
[2026-03-01T05:50:46.805+0000] {logging_mixin.py:188} INFO - Downloaded bronze/GOOGL/1772076523.json -> D:\ADF_folder\real-time-stocks-mds\data\s3_downloads/GOOGL_1772076523.json
[2026-03-01T05:50:47.203+0000] {logging_mixin.py:188} INFO - Downloaded bronze/GOOGL/1772076556.json -> D:\ADF_folder\real-time-stocks-mds\data\s3_downloads/GOOGL_1772076556.json
[2026-03-01T05:50:47.585+0000] {logging_mixin.py:188} INFO - Downloaded bronze/GOOGL/1772076589.json -> D:\ADF_folder\real-time-stocks-mds\data\s3_downloads/GOOGL_1772076589.json
[2026-03-01T05:50:47.965+0000] {logging_mixin.py:188} INFO - Downloaded bronze/GOOGL/1772076622.json -> D:\ADF_folder\real-time-stocks-mds\data\s3_downloads/GOOGL_1772076622.json
[2026-03-01T05:50:48.351+0000] {logging_mixin.py:188} INFO - Downloaded bronze/GOOGL/1772076655.json -> D:\ADF_folder\real-time-stocks-mds\data\s3_downloads/GOOGL_1772076655.json
[2026-03-01T05:50:48.750+0000] {logging_mixin.py:188} INFO - Downloaded bronze/GOOGL/1772076687.json -> D:\ADF_folder\real-time-stocks-mds\data\s3_downloads/GOOGL_1772076687.json
[2026-03-01T05:50:49.140+0000] {logging_mixin.py:188} INFO - Downloaded bronze/GOOGL/1772076720.json -> D:\ADF_folder\real-time-stocks-mds\data\s3_downloads/GOOGL_1772076720.json
[2026-03-01T05:50:49.530+0000] {logging_mixin.py:188} INFO - Downloaded bronze/GOOGL/1772076754.json -> D:\ADF_folder\real-time-stocks-mds\data\s3_downloads/GOOGL_1772076754.json
[2026-03-01T05:50:49.925+0000] {logging_mixin.py:188} INFO - Downloaded bronze/GOOGL/1772076787.json -> D:\ADF_folder\real-time-stocks-mds\data\s3_downloads/GOOGL_1772076787.json
[2026-03-01T05:50:50.328+0000] {logging_mixin.py:188} INFO - Downloaded bronze/GOOGL/1772076820.json -> D:\ADF_folder\real-time-stocks-mds\data\s3_downloads/GOOGL_1772076820.json
[2026-03-01T05:50:50.719+0000] {logging_mixin.py:188} INFO - Downloaded bronze/GOOGL/1772076853.json -> D:\ADF_folder\real-time-stocks-mds\data\s3_downloads/GOOGL_1772076853.json
[2026-03-01T05:50:51.108+0000] {logging_mixin.py:188} INFO - Downloaded bronze/GOOGL/1772076886.json -> D:\ADF_folder\real-time-stocks-mds\data\s3_downloads/GOOGL_1772076886.json
[2026-03-01T05:50:51.492+0000] {logging_mixin.py:188} INFO - Downloaded bronze/GOOGL/1772076919.json -> D:\ADF_folder\real-time-stocks-mds\data\s3_downloads/GOOGL_1772076919.json
[2026-03-01T05:50:51.879+0000] {logging_mixin.py:188} INFO - Downloaded bronze/GOOGL/1772076952.json -> D:\ADF_folder\real-time-stocks-mds\data\s3_downloads/GOOGL_1772076952.json
[2026-03-01T05:50:52.272+0000] {logging_mixin.py:188} INFO - Downloaded bronze/GOOGL/1772076985.json -> D:\ADF_folder\real-time-stocks-mds\data\s3_downloads/GOOGL_1772076985.json
[2026-03-01T05:50:52.663+0000] {logging_mixin.py:188} INFO - Downloaded bronze/GOOGL/1772077018.json -> D:\ADF_folder\real-time-stocks-mds\data\s3_downloads/GOOGL_1772077018.json
[2026-03-01T05:50:53.052+0000] {logging_mixin.py:188} INFO - Downloaded bronze/GOOGL/1772077051.json -> D:\ADF_folder\real-time-stocks-mds\data\s3_downloads/GOOGL_1772077051.json
[2026-03-01T05:50:53.444+0000] {logging_mixin.py:188} INFO - Downloaded bronze/GOOGL/1772077084.json -> D:\ADF_folder\real-time-stocks-mds\data\s3_downloads/GOOGL_1772077084.json
[2026-03-01T05:50:53.826+0000] {logging_mixin.py:188} INFO - Downloaded bronze/GOOGL/1772077117.json -> D:\ADF_folder\real-time-stocks-mds\data\s3_downloads/GOOGL_1772077117.json
[2026-03-01T05:50:54.213+0000] {logging_mixin.py:188} INFO - Downloaded bronze/GOOGL/1772077150.json -> D:\ADF_folder\real-time-stocks-mds\data\s3_downloads/GOOGL_1772077150.json
[2026-03-01T05:50:54.603+0000] {logging_mixin.py:188} INFO - Downloaded bronze/GOOGL/1772077183.json -> D:\ADF_folder\real-time-stocks-mds\data\s3_downloads/GOOGL_1772077183.json
[2026-03-01T05:50:54.996+0000] {logging_mixin.py:188} INFO - Downloaded bronze/GOOGL/1772077216.json -> D:\ADF_folder\real-time-stocks-mds\data\s3_downloads/GOOGL_1772077216.json
[2026-03-01T05:50:55.385+0000] {logging_mixin.py:188} INFO - Downloaded bronze/GOOGL/1772077249.json -> D:\ADF_folder\real-time-stocks-mds\data\s3_downloads/GOOGL_1772077249.json
[2026-03-01T05:50:55.775+0000] {logging_mixin.py:188} INFO - Downloaded bronze/GOOGL/1772077282.json -> D:\ADF_folder\real-time-stocks-mds\data\s3_downloads/GOOGL_1772077282.json
[2026-03-01T05:50:56.168+0000] {logging_mixin.py:188} INFO - Downloaded bronze/GOOGL/1772077315.json -> D:\ADF_folder\real-time-stocks-mds\data\s3_downloads/GOOGL_1772077315.json
[2026-03-01T05:50:56.558+0000] {logging_mixin.py:188} INFO - Downloaded bronze/GOOGL/1772077349.json -> D:\ADF_folder\real-time-stocks-mds\data\s3_downloads/GOOGL_1772077349.json
[2026-03-01T05:50:56.942+0000] {logging_mixin.py:188} INFO - Downloaded bronze/GOOGL/1772077382.json -> D:\ADF_folder\real-time-stocks-mds\data\s3_downloads/GOOGL_1772077382.json
[2026-03-01T05:50:57.327+0000] {logging_mixin.py:188} INFO - Downloaded bronze/GOOGL/1772077415.json -> D:\ADF_folder\real-time-stocks-mds\data\s3_downloads/GOOGL_1772077415.json
[2026-03-01T05:50:57.728+0000] {logging_mixin.py:188} INFO - Downloaded bronze/GOOGL/1772077448.json -> D:\ADF_folder\real-time-stocks-mds\data\s3_downloads/GOOGL_1772077448.json
[2026-03-01T05:50:58.121+0000] {logging_mixin.py:188} INFO - Downloaded bronze/GOOGL/1772077481.json -> D:\ADF_folder\real-time-stocks-mds\data\s3_downloads/GOOGL_1772077481.json
[2026-03-01T05:50:58.967+0000] {logging_mixin.py:188} INFO - Downloaded bronze/GOOGL/1772077513.json -> D:\ADF_folder\real-time-stocks-mds\data\s3_downloads/GOOGL_1772077513.json
[2026-03-01T05:50:59.355+0000] {logging_mixin.py:188} INFO - Downloaded bronze/GOOGL/1772077546.json -> D:\ADF_folder\real-time-stocks-mds\data\s3_downloads/GOOGL_1772077546.json
[2026-03-01T05:50:59.749+0000] {logging_mixin.py:188} INFO - Downloaded bronze/GOOGL/1772077579.json -> D:\ADF_folder\real-time-stocks-mds\data\s3_downloads/GOOGL_1772077579.json
[2026-03-01T05:51:00.138+0000] {logging_mixin.py:188} INFO - Downloaded bronze/GOOGL/1772077612.json -> D:\ADF_folder\real-time-stocks-mds\data\s3_downloads/GOOGL_1772077612.json
[2026-03-01T05:51:00.524+0000] {logging_mixin.py:188} INFO - Downloaded bronze/GOOGL/1772077645.json -> D:\ADF_folder\real-time-stocks-mds\data\s3_downloads/GOOGL_1772077645.json
[2026-03-01T05:51:00.907+0000] {logging_mixin.py:188} INFO - Downloaded bronze/GOOGL/1772077678.json -> D:\ADF_folder\real-time-stocks-mds\data\s3_downloads/GOOGL_1772077678.json
[2026-03-01T05:51:01.294+0000] {logging_mixin.py:188} INFO - Downloaded bronze/GOOGL/1772077711.json -> D:\ADF_folder\real-time-stocks-mds\data\s3_downloads/GOOGL_1772077711.json
[2026-03-01T05:51:01.679+0000] {logging_mixin.py:188} INFO - Downloaded bronze/GOOGL/1772077744.json -> D:\ADF_folder\real-time-stocks-mds\data\s3_downloads/GOOGL_1772077744.json
[2026-03-01T05:51:02.063+0000] {logging_mixin.py:188} INFO - Downloaded bronze/GOOGL/1772077777.json -> D:\ADF_folder\real-time-stocks-mds\data\s3_downloads/GOOGL_1772077777.json
[2026-03-01T05:51:02.453+0000] {logging_mixin.py:188} INFO - Downloaded bronze/GOOGL/1772077810.json -> D:\ADF_folder\real-time-stocks-mds\data\s3_downloads/GOOGL_1772077810.json
[2026-03-01T05:51:02.844+0000] {logging_mixin.py:188} INFO - Downloaded bronze/GOOGL/1772077842.json -> D:\ADF_folder\real-time-stocks-mds\data\s3_downloads/GOOGL_1772077842.json
[2026-03-01T05:51:03.227+0000] {logging_mixin.py:188} INFO - Downloaded bronze/GOOGL/1772077875.json -> D:\ADF_folder\real-time-stocks-mds\data\s3_downloads/GOOGL_1772077875.json
[2026-03-01T05:51:03.611+0000] {logging_mixin.py:188} INFO - Downloaded bronze/GOOGL/1772077908.json -> D:\ADF_folder\real-time-stocks-mds\data\s3_downloads/GOOGL_1772077908.json
[2026-03-01T05:51:03.998+0000] {logging_mixin.py:188} INFO - Downloaded bronze/GOOGL/1772077941.json -> D:\ADF_folder\real-time-stocks-mds\data\s3_downloads/GOOGL_1772077941.json
[2026-03-01T05:51:04.374+0000] {logging_mixin.py:188} INFO - Downloaded bronze/GOOGL/1772077974.json -> D:\ADF_folder\real-time-stocks-mds\data\s3_downloads/GOOGL_1772077974.json
[2026-03-01T05:51:04.756+0000] {logging_mixin.py:188} INFO - Downloaded bronze/GOOGL/1772078006.json -> D:\ADF_folder\real-time-stocks-mds\data\s3_downloads/GOOGL_1772078006.json
[2026-03-01T05:51:05.137+0000] {logging_mixin.py:188} INFO - Downloaded bronze/GOOGL/1772078039.json -> D:\ADF_folder\real-time-stocks-mds\data\s3_downloads/GOOGL_1772078039.json
[2026-03-01T05:51:05.521+0000] {logging_mixin.py:188} INFO - Downloaded bronze/GOOGL/1772078072.json -> D:\ADF_folder\real-time-stocks-mds\data\s3_downloads/GOOGL_1772078072.json
[2026-03-01T05:51:05.902+0000] {logging_mixin.py:188} INFO - Downloaded bronze/GOOGL/1772078105.json -> D:\ADF_folder\real-time-stocks-mds\data\s3_downloads/GOOGL_1772078105.json
[2026-03-01T05:51:06.281+0000] {logging_mixin.py:188} INFO - Downloaded bronze/GOOGL/1772078138.json -> D:\ADF_folder\real-time-stocks-mds\data\s3_downloads/GOOGL_1772078138.json
[2026-03-01T05:51:06.664+0000] {logging_mixin.py:188} INFO - Downloaded bronze/GOOGL/1772078171.json -> D:\ADF_folder\real-time-stocks-mds\data\s3_downloads/GOOGL_1772078171.json
[2026-03-01T05:51:07.051+0000] {logging_mixin.py:188} INFO - Downloaded bronze/GOOGL/1772078204.json -> D:\ADF_folder\real-time-stocks-mds\data\s3_downloads/GOOGL_1772078204.json
[2026-03-01T05:51:06.008+0000] {logging_mixin.py:188} INFO - Downloaded bronze/GOOGL/1772078237.json -> D:\ADF_folder\real-time-stocks-mds\data\s3_downloads/GOOGL_1772078237.json
[2026-03-01T05:51:06.384+0000] {logging_mixin.py:188} INFO - Downloaded bronze/GOOGL/1772078270.json -> D:\ADF_folder\real-time-stocks-mds\data\s3_downloads/GOOGL_1772078270.json
[2026-03-01T05:51:06.777+0000] {logging_mixin.py:188} INFO - Downloaded bronze/GOOGL/1772078303.json -> D:\ADF_folder\real-time-stocks-mds\data\s3_downloads/GOOGL_1772078303.json
[2026-03-01T05:51:07.162+0000] {logging_mixin.py:188} INFO - Downloaded bronze/GOOGL/1772078336.json -> D:\ADF_folder\real-time-stocks-mds\data\s3_downloads/GOOGL_1772078336.json
[2026-03-01T05:51:07.544+0000] {logging_mixin.py:188} INFO - Downloaded bronze/GOOGL/1772078369.json -> D:\ADF_folder\real-time-stocks-mds\data\s3_downloads/GOOGL_1772078369.json
[2026-03-01T05:51:07.928+0000] {logging_mixin.py:188} INFO - Downloaded bronze/GOOGL/1772078402.json -> D:\ADF_folder\real-time-stocks-mds\data\s3_downloads/GOOGL_1772078402.json
[2026-03-01T05:51:08.318+0000] {logging_mixin.py:188} INFO - Downloaded bronze/GOOGL/1772078435.json -> D:\ADF_folder\real-time-stocks-mds\data\s3_downloads/GOOGL_1772078435.json
[2026-03-01T05:51:08.711+0000] {logging_mixin.py:188} INFO - Downloaded bronze/GOOGL/1772078468.json -> D:\ADF_folder\real-time-stocks-mds\data\s3_downloads/GOOGL_1772078468.json
[2026-03-01T05:51:09.108+0000] {logging_mixin.py:188} INFO - Downloaded bronze/GOOGL/1772078502.json -> D:\ADF_folder\real-time-stocks-mds\data\s3_downloads/GOOGL_1772078502.json
[2026-03-01T05:51:09.487+0000] {logging_mixin.py:188} INFO - Downloaded bronze/GOOGL/1772078535.json -> D:\ADF_folder\real-time-stocks-mds\data\s3_downloads/GOOGL_1772078535.json
[2026-03-01T05:51:09.871+0000] {logging_mixin.py:188} INFO - Downloaded bronze/GOOGL/1772078568.json -> D:\ADF_folder\real-time-stocks-mds\data\s3_downloads/GOOGL_1772078568.json
[2026-03-01T05:51:10.256+0000] {logging_mixin.py:188} INFO - Downloaded bronze/GOOGL/1772078601.json -> D:\ADF_folder\real-time-stocks-mds\data\s3_downloads/GOOGL_1772078601.json
[2026-03-01T05:51:10.639+0000] {logging_mixin.py:188} INFO - Downloaded bronze/GOOGL/1772078635.json -> D:\ADF_folder\real-time-stocks-mds\data\s3_downloads/GOOGL_1772078635.json
[2026-03-01T05:51:11.024+0000] {logging_mixin.py:188} INFO - Downloaded bronze/GOOGL/1772078667.json -> D:\ADF_folder\real-time-stocks-mds\data\s3_downloads/GOOGL_1772078667.json
[2026-03-01T05:51:11.438+0000] {logging_mixin.py:188} INFO - Downloaded bronze/GOOGL/1772078700.json -> D:\ADF_folder\real-time-stocks-mds\data\s3_downloads/GOOGL_1772078700.json
[2026-03-01T05:51:11.815+0000] {logging_mixin.py:188} INFO - Downloaded bronze/GOOGL/1772078733.json -> D:\ADF_folder\real-time-stocks-mds\data\s3_downloads/GOOGL_1772078733.json
[2026-03-01T05:51:12.200+0000] {logging_mixin.py:188} INFO - Downloaded bronze/GOOGL/1772078766.json -> D:\ADF_folder\real-time-stocks-mds\data\s3_downloads/GOOGL_1772078766.json
[2026-03-01T05:51:12.584+0000] {logging_mixin.py:188} INFO - Downloaded bronze/GOOGL/1772078799.json -> D:\ADF_folder\real-time-stocks-mds\data\s3_downloads/GOOGL_1772078799.json
[2026-03-01T05:51:12.976+0000] {logging_mixin.py:188} INFO - Downloaded bronze/GOOGL/1772078832.json -> D:\ADF_folder\real-time-stocks-mds\data\s3_downloads/GOOGL_1772078832.json
[2026-03-01T05:51:13.363+0000] {logging_mixin.py:188} INFO - Downloaded bronze/GOOGL/1772078865.json -> D:\ADF_folder\real-time-stocks-mds\data\s3_downloads/GOOGL_1772078865.json
[2026-03-01T05:51:13.743+0000] {logging_mixin.py:188} INFO - Downloaded bronze/GOOGL/1772078898.json -> D:\ADF_folder\real-time-stocks-mds\data\s3_downloads/GOOGL_1772078898.json
[2026-03-01T05:51:14.130+0000] {logging_mixin.py:188} INFO - Downloaded bronze/GOOGL/1772078931.json -> D:\ADF_folder\real-time-stocks-mds\data\s3_downloads/GOOGL_1772078931.json
[2026-03-01T05:51:14.518+0000] {logging_mixin.py:188} INFO - Downloaded bronze/GOOGL/1772078964.json -> D:\ADF_folder\real-time-stocks-mds\data\s3_downloads/GOOGL_1772078964.json
[2026-03-01T05:51:14.903+0000] {logging_mixin.py:188} INFO - Downloaded bronze/GOOGL/1772078997.json -> D:\ADF_folder\real-time-stocks-mds\data\s3_downloads/GOOGL_1772078997.json
[2026-03-01T05:51:15.294+0000] {logging_mixin.py:188} INFO - Downloaded bronze/GOOGL/1772079030.json -> D:\ADF_folder\real-time-stocks-mds\data\s3_downloads/GOOGL_1772079030.json
[2026-03-01T05:51:15.680+0000] {logging_mixin.py:188} INFO - Downloaded bronze/GOOGL/1772079064.json -> D:\ADF_folder\real-time-stocks-mds\data\s3_downloads/GOOGL_1772079064.json
[2026-03-01T05:51:16.068+0000] {logging_mixin.py:188} INFO - Downloaded bronze/GOOGL/1772079097.json -> D:\ADF_folder\real-time-stocks-mds\data\s3_downloads/GOOGL_1772079097.json
[2026-03-01T05:51:16.455+0000] {logging_mixin.py:188} INFO - Downloaded bronze/GOOGL/1772079130.json -> D:\ADF_folder\real-time-stocks-mds\data\s3_downloads/GOOGL_1772079130.json
[2026-03-01T05:51:17.344+0000] {logging_mixin.py:188} INFO - Downloaded bronze/GOOGL/1772079163.json -> D:\ADF_folder\real-time-stocks-mds\data\s3_downloads/GOOGL_1772079163.json
[2026-03-01T05:51:17.735+0000] {logging_mixin.py:188} INFO - Downloaded bronze/GOOGL/1772079196.json -> D:\ADF_folder\real-time-stocks-mds\data\s3_downloads/GOOGL_1772079196.json
[2026-03-01T05:51:18.114+0000] {logging_mixin.py:188} INFO - Downloaded bronze/GOOGL/1772079229.json -> D:\ADF_folder\real-time-stocks-mds\data\s3_downloads/GOOGL_1772079229.json
[2026-03-01T05:51:18.501+0000] {logging_mixin.py:188} INFO - Downloaded bronze/GOOGL/1772079262.json -> D:\ADF_folder\real-time-stocks-mds\data\s3_downloads/GOOGL_1772079262.json
[2026-03-01T05:51:18.887+0000] {logging_mixin.py:188} INFO - Downloaded bronze/GOOGL/1772079295.json -> D:\ADF_folder\real-time-stocks-mds\data\s3_downloads/GOOGL_1772079295.json
[2026-03-01T05:51:18.888+0000] {logging_mixin.py:188} INFO - 
Processing prefix: bronze/AMZN/
[2026-03-01T05:51:19.699+0000] {logging_mixin.py:188} INFO - Downloaded bronze/AMZN/1771463619.json -> D:\ADF_folder\real-time-stocks-mds\data\s3_downloads/AMZN_1771463619.json
[2026-03-01T05:51:20.077+0000] {logging_mixin.py:188} INFO - Downloaded bronze/AMZN/1771463651.json -> D:\ADF_folder\real-time-stocks-mds\data\s3_downloads/AMZN_1771463651.json
[2026-03-01T05:51:20.462+0000] {logging_mixin.py:188} INFO - Downloaded bronze/AMZN/1771463684.json -> D:\ADF_folder\real-time-stocks-mds\data\s3_downloads/AMZN_1771463684.json
[2026-03-01T05:51:20.849+0000] {logging_mixin.py:188} INFO - Downloaded bronze/AMZN/1771463718.json -> D:\ADF_folder\real-time-stocks-mds\data\s3_downloads/AMZN_1771463718.json
[2026-03-01T05:51:21.238+0000] {logging_mixin.py:188} INFO - Downloaded bronze/AMZN/1771463750.json -> D:\ADF_folder\real-time-stocks-mds\data\s3_downloads/AMZN_1771463750.json
[2026-03-01T05:51:21.663+0000] {logging_mixin.py:188} INFO - Downloaded bronze/AMZN/1771463783.json -> D:\ADF_folder\real-time-stocks-mds\data\s3_downloads/AMZN_1771463783.json
[2026-03-01T05:51:22.047+0000] {logging_mixin.py:188} INFO - Downloaded bronze/AMZN/1771463816.json -> D:\ADF_folder\real-time-stocks-mds\data\s3_downloads/AMZN_1771463816.json
[2026-03-01T05:51:22.433+0000] {logging_mixin.py:188} INFO - Downloaded bronze/AMZN/1771463849.json -> D:\ADF_folder\real-time-stocks-mds\data\s3_downloads/AMZN_1771463849.json
[2026-03-01T05:51:22.815+0000] {logging_mixin.py:188} INFO - Downloaded bronze/AMZN/1771463882.json -> D:\ADF_folder\real-time-stocks-mds\data\s3_downloads/AMZN_1771463882.json
[2026-03-01T05:51:23.218+0000] {logging_mixin.py:188} INFO - Downloaded bronze/AMZN/1771463916.json -> D:\ADF_folder\real-time-stocks-mds\data\s3_downloads/AMZN_1771463916.json
[2026-03-01T05:51:23.611+0000] {logging_mixin.py:188} INFO - Downloaded bronze/AMZN/1771463949.json -> D:\ADF_folder\real-time-stocks-mds\data\s3_downloads/AMZN_1771463949.json
[2026-03-01T05:51:24.002+0000] {logging_mixin.py:188} INFO - Downloaded bronze/AMZN/1771463982.json -> D:\ADF_folder\real-time-stocks-mds\data\s3_downloads/AMZN_1771463982.json
[2026-03-01T05:51:24.387+0000] {logging_mixin.py:188} INFO - Downloaded bronze/AMZN/1771464015.json -> D:\ADF_folder\real-time-stocks-mds\data\s3_downloads/AMZN_1771464015.json
[2026-03-01T05:51:24.774+0000] {logging_mixin.py:188} INFO - Downloaded bronze/AMZN/1771464048.json -> D:\ADF_folder\real-time-stocks-mds\data\s3_downloads/AMZN_1771464048.json
[2026-03-01T05:51:25.158+0000] {logging_mixin.py:188} INFO - Downloaded bronze/AMZN/1771464082.json -> D:\ADF_folder\real-time-stocks-mds\data\s3_downloads/AMZN_1771464082.json
[2026-03-01T05:51:25.546+0000] {logging_mixin.py:188} INFO - Downloaded bronze/AMZN/1771464115.json -> D:\ADF_folder\real-time-stocks-mds\data\s3_downloads/AMZN_1771464115.json
[2026-03-01T05:51:25.929+0000] {logging_mixin.py:188} INFO - Downloaded bronze/AMZN/1771464148.json -> D:\ADF_folder\real-time-stocks-mds\data\s3_downloads/AMZN_1771464148.json
[2026-03-01T05:51:26.313+0000] {logging_mixin.py:188} INFO - Downloaded bronze/AMZN/1771464181.json -> D:\ADF_folder\real-time-stocks-mds\data\s3_downloads/AMZN_1771464181.json
[2026-03-01T05:51:26.695+0000] {logging_mixin.py:188} INFO - Downloaded bronze/AMZN/1771464213.json -> D:\ADF_folder\real-time-stocks-mds\data\s3_downloads/AMZN_1771464213.json
[2026-03-01T05:51:27.075+0000] {logging_mixin.py:188} INFO - Downloaded bronze/AMZN/1771464247.json -> D:\ADF_folder\real-time-stocks-mds\data\s3_downloads/AMZN_1771464247.json
[2026-03-01T05:51:27.459+0000] {logging_mixin.py:188} INFO - Downloaded bronze/AMZN/1771464280.json -> D:\ADF_folder\real-time-stocks-mds\data\s3_downloads/AMZN_1771464280.json
[2026-03-01T05:51:27.838+0000] {logging_mixin.py:188} INFO - Downloaded bronze/AMZN/1771464313.json -> D:\ADF_folder\real-time-stocks-mds\data\s3_downloads/AMZN_1771464313.json
[2026-03-01T05:51:28.216+0000] {logging_mixin.py:188} INFO - Downloaded bronze/AMZN/1771465245.json -> D:\ADF_folder\real-time-stocks-mds\data\s3_downloads/AMZN_1771465245.json
[2026-03-01T05:51:28.606+0000] {logging_mixin.py:188} INFO - Downloaded bronze/AMZN/1771465279.json -> D:\ADF_folder\real-time-stocks-mds\data\s3_downloads/AMZN_1771465279.json
[2026-03-01T05:51:28.998+0000] {logging_mixin.py:188} INFO - Downloaded bronze/AMZN/1771465312.json -> D:\ADF_folder\real-time-stocks-mds\data\s3_downloads/AMZN_1771465312.json
[2026-03-01T05:51:29.381+0000] {logging_mixin.py:188} INFO - Downloaded bronze/AMZN/1771465344.json -> D:\ADF_folder\real-time-stocks-mds\data\s3_downloads/AMZN_1771465344.json
[2026-03-01T05:51:29.763+0000] {logging_mixin.py:188} INFO - Downloaded bronze/AMZN/1771465378.json -> D:\ADF_folder\real-time-stocks-mds\data\s3_downloads/AMZN_1771465378.json
[2026-03-01T05:51:30.161+0000] {logging_mixin.py:188} INFO - Downloaded bronze/AMZN/1771465411.json -> D:\ADF_folder\real-time-stocks-mds\data\s3_downloads/AMZN_1771465411.json
[2026-03-01T05:51:30.546+0000] {logging_mixin.py:188} INFO - Downloaded bronze/AMZN/1771465443.json -> D:\ADF_folder\real-time-stocks-mds\data\s3_downloads/AMZN_1771465443.json
[2026-03-01T05:51:30.925+0000] {logging_mixin.py:188} INFO - Downloaded bronze/AMZN/1771465477.json -> D:\ADF_folder\real-time-stocks-mds\data\s3_downloads/AMZN_1771465477.json
[2026-03-01T05:51:31.310+0000] {logging_mixin.py:188} INFO - Downloaded bronze/AMZN/1771465510.json -> D:\ADF_folder\real-time-stocks-mds\data\s3_downloads/AMZN_1771465510.json
[2026-03-01T05:51:31.693+0000] {logging_mixin.py:188} INFO - Downloaded bronze/AMZN/1771465543.json -> D:\ADF_folder\real-time-stocks-mds\data\s3_downloads/AMZN_1771465543.json
[2026-03-01T05:51:32.081+0000] {logging_mixin.py:188} INFO - Downloaded bronze/AMZN/1771465576.json -> D:\ADF_folder\real-time-stocks-mds\data\s3_downloads/AMZN_1771465576.json
[2026-03-01T05:51:32.464+0000] {logging_mixin.py:188} INFO - Downloaded bronze/AMZN/1772074557.json -> D:\ADF_folder\real-time-stocks-mds\data\s3_downloads/AMZN_1772074557.json
[2026-03-01T05:51:32.846+0000] {logging_mixin.py:188} INFO - Downloaded bronze/AMZN/1772074590.json -> D:\ADF_folder\real-time-stocks-mds\data\s3_downloads/AMZN_1772074590.json
[2026-03-01T05:51:33.234+0000] {logging_mixin.py:188} INFO - Downloaded bronze/AMZN/1772074622.json -> D:\ADF_folder\real-time-stocks-mds\data\s3_downloads/AMZN_1772074622.json
[2026-03-01T05:51:33.630+0000] {logging_mixin.py:188} INFO - Downloaded bronze/AMZN/1772074655.json -> D:\ADF_folder\real-time-stocks-mds\data\s3_downloads/AMZN_1772074655.json
[2026-03-01T05:51:34.018+0000] {logging_mixin.py:188} INFO - Downloaded bronze/AMZN/1772074689.json -> D:\ADF_folder\real-time-stocks-mds\data\s3_downloads/AMZN_1772074689.json
[2026-03-01T05:51:34.400+0000] {logging_mixin.py:188} INFO - Downloaded bronze/AMZN/1772074722.json -> D:\ADF_folder\real-time-stocks-mds\data\s3_downloads/AMZN_1772074722.json
[2026-03-01T05:51:34.784+0000] {logging_mixin.py:188} INFO - Downloaded bronze/AMZN/1772074755.json -> D:\ADF_folder\real-time-stocks-mds\data\s3_downloads/AMZN_1772074755.json
[2026-03-01T05:51:35.167+0000] {logging_mixin.py:188} INFO - Downloaded bronze/AMZN/1772074788.json -> D:\ADF_folder\real-time-stocks-mds\data\s3_downloads/AMZN_1772074788.json
[2026-03-01T05:51:35.554+0000] {logging_mixin.py:188} INFO - Downloaded bronze/AMZN/1772074822.json -> D:\ADF_folder\real-time-stocks-mds\data\s3_downloads/AMZN_1772074822.json
[2026-03-01T05:51:34.493+0000] {logging_mixin.py:188} INFO - Downloaded bronze/AMZN/1772074855.json -> D:\ADF_folder\real-time-stocks-mds\data\s3_downloads/AMZN_1772074855.json
[2026-03-01T05:51:34.883+0000] {logging_mixin.py:188} INFO - Downloaded bronze/AMZN/1772074887.json -> D:\ADF_folder\real-time-stocks-mds\data\s3_downloads/AMZN_1772074887.json
[2026-03-01T05:51:35.803+0000] {logging_mixin.py:188} INFO - Downloaded bronze/AMZN/1772074921.json -> D:\ADF_folder\real-time-stocks-mds\data\s3_downloads/AMZN_1772074921.json
[2026-03-01T05:51:36.200+0000] {logging_mixin.py:188} INFO - Downloaded bronze/AMZN/1772074954.json -> D:\ADF_folder\real-time-stocks-mds\data\s3_downloads/AMZN_1772074954.json
[2026-03-01T05:51:36.582+0000] {logging_mixin.py:188} INFO - Downloaded bronze/AMZN/1772074986.json -> D:\ADF_folder\real-time-stocks-mds\data\s3_downloads/AMZN_1772074986.json
[2026-03-01T05:51:36.968+0000] {logging_mixin.py:188} INFO - Downloaded bronze/AMZN/1772075020.json -> D:\ADF_folder\real-time-stocks-mds\data\s3_downloads/AMZN_1772075020.json
[2026-03-01T05:51:37.358+0000] {logging_mixin.py:188} INFO - Downloaded bronze/AMZN/1772075052.json -> D:\ADF_folder\real-time-stocks-mds\data\s3_downloads/AMZN_1772075052.json
[2026-03-01T05:51:37.745+0000] {logging_mixin.py:188} INFO - Downloaded bronze/AMZN/1772075086.json -> D:\ADF_folder\real-time-stocks-mds\data\s3_downloads/AMZN_1772075086.json
[2026-03-01T05:51:38.136+0000] {logging_mixin.py:188} INFO - Downloaded bronze/AMZN/1772075119.json -> D:\ADF_folder\real-time-stocks-mds\data\s3_downloads/AMZN_1772075119.json
[2026-03-01T05:51:38.528+0000] {logging_mixin.py:188} INFO - Downloaded bronze/AMZN/1772075152.json -> D:\ADF_folder\real-time-stocks-mds\data\s3_downloads/AMZN_1772075152.json
[2026-03-01T05:51:38.915+0000] {logging_mixin.py:188} INFO - Downloaded bronze/AMZN/1772075184.json -> D:\ADF_folder\real-time-stocks-mds\data\s3_downloads/AMZN_1772075184.json
[2026-03-01T05:51:39.298+0000] {logging_mixin.py:188} INFO - Downloaded bronze/AMZN/1772075217.json -> D:\ADF_folder\real-time-stocks-mds\data\s3_downloads/AMZN_1772075217.json
[2026-03-01T05:51:39.693+0000] {logging_mixin.py:188} INFO - Downloaded bronze/AMZN/1772075250.json -> D:\ADF_folder\real-time-stocks-mds\data\s3_downloads/AMZN_1772075250.json
[2026-03-01T05:51:40.088+0000] {logging_mixin.py:188} INFO - Downloaded bronze/AMZN/1772075283.json -> D:\ADF_folder\real-time-stocks-mds\data\s3_downloads/AMZN_1772075283.json
[2026-03-01T05:51:40.472+0000] {logging_mixin.py:188} INFO - Downloaded bronze/AMZN/1772075316.json -> D:\ADF_folder\real-time-stocks-mds\data\s3_downloads/AMZN_1772075316.json
[2026-03-01T05:51:40.858+0000] {logging_mixin.py:188} INFO - Downloaded bronze/AMZN/1772075349.json -> D:\ADF_folder\real-time-stocks-mds\data\s3_downloads/AMZN_1772075349.json
[2026-03-01T05:51:41.243+0000] {logging_mixin.py:188} INFO - Downloaded bronze/AMZN/1772075382.json -> D:\ADF_folder\real-time-stocks-mds\data\s3_downloads/AMZN_1772075382.json
[2026-03-01T05:51:41.630+0000] {logging_mixin.py:188} INFO - Downloaded bronze/AMZN/1772075415.json -> D:\ADF_folder\real-time-stocks-mds\data\s3_downloads/AMZN_1772075415.json
[2026-03-01T05:51:42.014+0000] {logging_mixin.py:188} INFO - Downloaded bronze/AMZN/1772075448.json -> D:\ADF_folder\real-time-stocks-mds\data\s3_downloads/AMZN_1772075448.json
[2026-03-01T05:51:42.399+0000] {logging_mixin.py:188} INFO - Downloaded bronze/AMZN/1772075481.json -> D:\ADF_folder\real-time-stocks-mds\data\s3_downloads/AMZN_1772075481.json
[2026-03-01T05:51:42.789+0000] {logging_mixin.py:188} INFO - Downloaded bronze/AMZN/1772075513.json -> D:\ADF_folder\real-time-stocks-mds\data\s3_downloads/AMZN_1772075513.json
[2026-03-01T05:51:43.180+0000] {logging_mixin.py:188} INFO - Downloaded bronze/AMZN/1772075546.json -> D:\ADF_folder\real-time-stocks-mds\data\s3_downloads/AMZN_1772075546.json
[2026-03-01T05:51:43.566+0000] {logging_mixin.py:188} INFO - Downloaded bronze/AMZN/1772075579.json -> D:\ADF_folder\real-time-stocks-mds\data\s3_downloads/AMZN_1772075579.json
[2026-03-01T05:51:43.955+0000] {logging_mixin.py:188} INFO - Downloaded bronze/AMZN/1772075614.json -> D:\ADF_folder\real-time-stocks-mds\data\s3_downloads/AMZN_1772075614.json
[2026-03-01T05:51:44.342+0000] {logging_mixin.py:188} INFO - Downloaded bronze/AMZN/1772075647.json -> D:\ADF_folder\real-time-stocks-mds\data\s3_downloads/AMZN_1772075647.json
[2026-03-01T05:51:44.729+0000] {logging_mixin.py:188} INFO - Downloaded bronze/AMZN/1772075680.json -> D:\ADF_folder\real-time-stocks-mds\data\s3_downloads/AMZN_1772075680.json
[2026-03-01T05:51:45.121+0000] {logging_mixin.py:188} INFO - Downloaded bronze/AMZN/1772075712.json -> D:\ADF_folder\real-time-stocks-mds\data\s3_downloads/AMZN_1772075712.json
[2026-03-01T05:51:45.509+0000] {logging_mixin.py:188} INFO - Downloaded bronze/AMZN/1772075745.json -> D:\ADF_folder\real-time-stocks-mds\data\s3_downloads/AMZN_1772075745.json
[2026-03-01T05:51:45.897+0000] {logging_mixin.py:188} INFO - Downloaded bronze/AMZN/1772075778.json -> D:\ADF_folder\real-time-stocks-mds\data\s3_downloads/AMZN_1772075778.json
[2026-03-01T05:51:46.289+0000] {logging_mixin.py:188} INFO - Downloaded bronze/AMZN/1772075811.json -> D:\ADF_folder\real-time-stocks-mds\data\s3_downloads/AMZN_1772075811.json
[2026-03-01T05:51:46.671+0000] {logging_mixin.py:188} INFO - Downloaded bronze/AMZN/1772075844.json -> D:\ADF_folder\real-time-stocks-mds\data\s3_downloads/AMZN_1772075844.json
[2026-03-01T05:51:47.055+0000] {logging_mixin.py:188} INFO - Downloaded bronze/AMZN/1772075877.json -> D:\ADF_folder\real-time-stocks-mds\data\s3_downloads/AMZN_1772075877.json
[2026-03-01T05:51:47.443+0000] {logging_mixin.py:188} INFO - Downloaded bronze/AMZN/1772075910.json -> D:\ADF_folder\real-time-stocks-mds\data\s3_downloads/AMZN_1772075910.json
[2026-03-01T05:51:47.832+0000] {logging_mixin.py:188} INFO - Downloaded bronze/AMZN/1772075943.json -> D:\ADF_folder\real-time-stocks-mds\data\s3_downloads/AMZN_1772075943.json
[2026-03-01T05:51:48.217+0000] {logging_mixin.py:188} INFO - Downloaded bronze/AMZN/1772075975.json -> D:\ADF_folder\real-time-stocks-mds\data\s3_downloads/AMZN_1772075975.json
[2026-03-01T05:51:48.606+0000] {logging_mixin.py:188} INFO - Downloaded bronze/AMZN/1772076008.json -> D:\ADF_folder\real-time-stocks-mds\data\s3_downloads/AMZN_1772076008.json
[2026-03-01T05:51:48.995+0000] {logging_mixin.py:188} INFO - Downloaded bronze/AMZN/1772076041.json -> D:\ADF_folder\real-time-stocks-mds\data\s3_downloads/AMZN_1772076041.json
[2026-03-01T05:51:49.394+0000] {logging_mixin.py:188} INFO - Downloaded bronze/AMZN/1772076075.json -> D:\ADF_folder\real-time-stocks-mds\data\s3_downloads/AMZN_1772076075.json
[2026-03-01T05:51:49.788+0000] {logging_mixin.py:188} INFO - Downloaded bronze/AMZN/1772076108.json -> D:\ADF_folder\real-time-stocks-mds\data\s3_downloads/AMZN_1772076108.json
[2026-03-01T05:51:50.172+0000] {logging_mixin.py:188} INFO - Downloaded bronze/AMZN/1772076140.json -> D:\ADF_folder\real-time-stocks-mds\data\s3_downloads/AMZN_1772076140.json
[2026-03-01T05:51:50.557+0000] {logging_mixin.py:188} INFO - Downloaded bronze/AMZN/1772076173.json -> D:\ADF_folder\real-time-stocks-mds\data\s3_downloads/AMZN_1772076173.json
[2026-03-01T05:51:50.946+0000] {logging_mixin.py:188} INFO - Downloaded bronze/AMZN/1772076207.json -> D:\ADF_folder\real-time-stocks-mds\data\s3_downloads/AMZN_1772076207.json
[2026-03-01T05:51:51.335+0000] {logging_mixin.py:188} INFO - Downloaded bronze/AMZN/1772076239.json -> D:\ADF_folder\real-time-stocks-mds\data\s3_downloads/AMZN_1772076239.json
[2026-03-01T05:51:51.726+0000] {logging_mixin.py:188} INFO - Downloaded bronze/AMZN/1772076272.json -> D:\ADF_folder\real-time-stocks-mds\data\s3_downloads/AMZN_1772076272.json
[2026-03-01T05:51:52.108+0000] {logging_mixin.py:188} INFO - Downloaded bronze/AMZN/1772076305.json -> D:\ADF_folder\real-time-stocks-mds\data\s3_downloads/AMZN_1772076305.json
[2026-03-01T05:51:52.489+0000] {logging_mixin.py:188} INFO - Downloaded bronze/AMZN/1772076338.json -> D:\ADF_folder\real-time-stocks-mds\data\s3_downloads/AMZN_1772076338.json
[2026-03-01T05:51:52.884+0000] {logging_mixin.py:188} INFO - Downloaded bronze/AMZN/1772076371.json -> D:\ADF_folder\real-time-stocks-mds\data\s3_downloads/AMZN_1772076371.json
[2026-03-01T05:51:53.274+0000] {logging_mixin.py:188} INFO - Downloaded bronze/AMZN/1772076403.json -> D:\ADF_folder\real-time-stocks-mds\data\s3_downloads/AMZN_1772076403.json
[2026-03-01T05:51:53.659+0000] {logging_mixin.py:188} INFO - Downloaded bronze/AMZN/1772076437.json -> D:\ADF_folder\real-time-stocks-mds\data\s3_downloads/AMZN_1772076437.json
[2026-03-01T05:51:54.053+0000] {logging_mixin.py:188} INFO - Downloaded bronze/AMZN/1772076470.json -> D:\ADF_folder\real-time-stocks-mds\data\s3_downloads/AMZN_1772076470.json
[2026-03-01T05:51:54.439+0000] {logging_mixin.py:188} INFO - Downloaded bronze/AMZN/1772076503.json -> D:\ADF_folder\real-time-stocks-mds\data\s3_downloads/AMZN_1772076503.json
[2026-03-01T05:51:54.827+0000] {logging_mixin.py:188} INFO - Downloaded bronze/AMZN/1772076536.json -> D:\ADF_folder\real-time-stocks-mds\data\s3_downloads/AMZN_1772076536.json
[2026-03-01T05:51:55.662+0000] {logging_mixin.py:188} INFO - Downloaded bronze/AMZN/1772076569.json -> D:\ADF_folder\real-time-stocks-mds\data\s3_downloads/AMZN_1772076569.json
[2026-03-01T05:51:56.055+0000] {logging_mixin.py:188} INFO - Downloaded bronze/AMZN/1772076602.json -> D:\ADF_folder\real-time-stocks-mds\data\s3_downloads/AMZN_1772076602.json
[2026-03-01T05:51:56.438+0000] {logging_mixin.py:188} INFO - Downloaded bronze/AMZN/1772076635.json -> D:\ADF_folder\real-time-stocks-mds\data\s3_downloads/AMZN_1772076635.json
[2026-03-01T05:51:56.851+0000] {logging_mixin.py:188} INFO - Downloaded bronze/AMZN/1772076668.json -> D:\ADF_folder\real-time-stocks-mds\data\s3_downloads/AMZN_1772076668.json
[2026-03-01T05:51:57.239+0000] {logging_mixin.py:188} INFO - Downloaded bronze/AMZN/1772076701.json -> D:\ADF_folder\real-time-stocks-mds\data\s3_downloads/AMZN_1772076701.json
[2026-03-01T05:51:57.632+0000] {logging_mixin.py:188} INFO - Downloaded bronze/AMZN/1772076734.json -> D:\ADF_folder\real-time-stocks-mds\data\s3_downloads/AMZN_1772076734.json
[2026-03-01T05:51:58.022+0000] {logging_mixin.py:188} INFO - Downloaded bronze/AMZN/1772076767.json -> D:\ADF_folder\real-time-stocks-mds\data\s3_downloads/AMZN_1772076767.json
[2026-03-01T05:51:58.412+0000] {logging_mixin.py:188} INFO - Downloaded bronze/AMZN/1772076800.json -> D:\ADF_folder\real-time-stocks-mds\data\s3_downloads/AMZN_1772076800.json
[2026-03-01T05:51:58.799+0000] {logging_mixin.py:188} INFO - Downloaded bronze/AMZN/1772076833.json -> D:\ADF_folder\real-time-stocks-mds\data\s3_downloads/AMZN_1772076833.json
[2026-03-01T05:51:59.184+0000] {logging_mixin.py:188} INFO - Downloaded bronze/AMZN/1772076866.json -> D:\ADF_folder\real-time-stocks-mds\data\s3_downloads/AMZN_1772076866.json
[2026-03-01T05:51:59.565+0000] {logging_mixin.py:188} INFO - Downloaded bronze/AMZN/1772076899.json -> D:\ADF_folder\real-time-stocks-mds\data\s3_downloads/AMZN_1772076899.json
[2026-03-01T05:51:59.945+0000] {logging_mixin.py:188} INFO - Downloaded bronze/AMZN/1772076932.json -> D:\ADF_folder\real-time-stocks-mds\data\s3_downloads/AMZN_1772076932.json
[2026-03-01T05:52:00.336+0000] {logging_mixin.py:188} INFO - Downloaded bronze/AMZN/1772076965.json -> D:\ADF_folder\real-time-stocks-mds\data\s3_downloads/AMZN_1772076965.json
[2026-03-01T05:52:00.719+0000] {logging_mixin.py:188} INFO - Downloaded bronze/AMZN/1772076998.json -> D:\ADF_folder\real-time-stocks-mds\data\s3_downloads/AMZN_1772076998.json
[2026-03-01T05:52:01.108+0000] {logging_mixin.py:188} INFO - Downloaded bronze/AMZN/1772077031.json -> D:\ADF_folder\real-time-stocks-mds\data\s3_downloads/AMZN_1772077031.json
[2026-03-01T05:52:01.497+0000] {logging_mixin.py:188} INFO - Downloaded bronze/AMZN/1772077064.json -> D:\ADF_folder\real-time-stocks-mds\data\s3_downloads/AMZN_1772077064.json
[2026-03-01T05:52:01.881+0000] {logging_mixin.py:188} INFO - Downloaded bronze/AMZN/1772077097.json -> D:\ADF_folder\real-time-stocks-mds\data\s3_downloads/AMZN_1772077097.json
[2026-03-01T05:52:02.261+0000] {logging_mixin.py:188} INFO - Downloaded bronze/AMZN/1772077130.json -> D:\ADF_folder\real-time-stocks-mds\data\s3_downloads/AMZN_1772077130.json
[2026-03-01T05:52:02.642+0000] {logging_mixin.py:188} INFO - Downloaded bronze/AMZN/1772077163.json -> D:\ADF_folder\real-time-stocks-mds\data\s3_downloads/AMZN_1772077163.json
[2026-03-01T05:52:03.024+0000] {logging_mixin.py:188} INFO - Downloaded bronze/AMZN/1772077196.json -> D:\ADF_folder\real-time-stocks-mds\data\s3_downloads/AMZN_1772077196.json
[2026-03-01T05:52:03.403+0000] {logging_mixin.py:188} INFO - Downloaded bronze/AMZN/1772077229.json -> D:\ADF_folder\real-time-stocks-mds\data\s3_downloads/AMZN_1772077229.json
[2026-03-01T05:52:03.788+0000] {logging_mixin.py:188} INFO - Downloaded bronze/AMZN/1772077262.json -> D:\ADF_folder\real-time-stocks-mds\data\s3_downloads/AMZN_1772077262.json
[2026-03-01T05:52:04.169+0000] {logging_mixin.py:188} INFO - Downloaded bronze/AMZN/1772077295.json -> D:\ADF_folder\real-time-stocks-mds\data\s3_downloads/AMZN_1772077295.json
[2026-03-01T05:52:03.129+0000] {logging_mixin.py:188} INFO - Downloaded bronze/AMZN/1772077328.json -> D:\ADF_folder\real-time-stocks-mds\data\s3_downloads/AMZN_1772077328.json
[2026-03-01T05:52:03.515+0000] {logging_mixin.py:188} INFO - Downloaded bronze/AMZN/1772077362.json -> D:\ADF_folder\real-time-stocks-mds\data\s3_downloads/AMZN_1772077362.json
[2026-03-01T05:52:03.897+0000] {logging_mixin.py:188} INFO - Downloaded bronze/AMZN/1772077395.json -> D:\ADF_folder\real-time-stocks-mds\data\s3_downloads/AMZN_1772077395.json
[2026-03-01T05:52:04.284+0000] {logging_mixin.py:188} INFO - Downloaded bronze/AMZN/1772077428.json -> D:\ADF_folder\real-time-stocks-mds\data\s3_downloads/AMZN_1772077428.json
[2026-03-01T05:52:04.669+0000] {logging_mixin.py:188} INFO - Downloaded bronze/AMZN/1772077461.json -> D:\ADF_folder\real-time-stocks-mds\data\s3_downloads/AMZN_1772077461.json
[2026-03-01T05:52:05.056+0000] {logging_mixin.py:188} INFO - Downloaded bronze/AMZN/1772077494.json -> D:\ADF_folder\real-time-stocks-mds\data\s3_downloads/AMZN_1772077494.json
[2026-03-01T05:52:05.441+0000] {logging_mixin.py:188} INFO - Downloaded bronze/AMZN/1772077526.json -> D:\ADF_folder\real-time-stocks-mds\data\s3_downloads/AMZN_1772077526.json
[2026-03-01T05:52:05.835+0000] {logging_mixin.py:188} INFO - Downloaded bronze/AMZN/1772077559.json -> D:\ADF_folder\real-time-stocks-mds\data\s3_downloads/AMZN_1772077559.json
[2026-03-01T05:52:06.222+0000] {logging_mixin.py:188} INFO - Downloaded bronze/AMZN/1772077592.json -> D:\ADF_folder\real-time-stocks-mds\data\s3_downloads/AMZN_1772077592.json
[2026-03-01T05:52:06.606+0000] {logging_mixin.py:188} INFO - Downloaded bronze/AMZN/1772077625.json -> D:\ADF_folder\real-time-stocks-mds\data\s3_downloads/AMZN_1772077625.json
[2026-03-01T05:52:06.994+0000] {logging_mixin.py:188} INFO - Downloaded bronze/AMZN/1772077658.json -> D:\ADF_folder\real-time-stocks-mds\data\s3_downloads/AMZN_1772077658.json
[2026-03-01T05:52:07.385+0000] {logging_mixin.py:188} INFO - Downloaded bronze/AMZN/1772077691.json -> D:\ADF_folder\real-time-stocks-mds\data\s3_downloads/AMZN_1772077691.json
[2026-03-01T05:52:07.780+0000] {logging_mixin.py:188} INFO - Downloaded bronze/AMZN/1772077724.json -> D:\ADF_folder\real-time-stocks-mds\data\s3_downloads/AMZN_1772077724.json
[2026-03-01T05:52:08.179+0000] {logging_mixin.py:188} INFO - Downloaded bronze/AMZN/1772077757.json -> D:\ADF_folder\real-time-stocks-mds\data\s3_downloads/AMZN_1772077757.json
[2026-03-01T05:52:08.571+0000] {logging_mixin.py:188} INFO - Downloaded bronze/AMZN/1772077790.json -> D:\ADF_folder\real-time-stocks-mds\data\s3_downloads/AMZN_1772077790.json
[2026-03-01T05:52:08.955+0000] {logging_mixin.py:188} INFO - Downloaded bronze/AMZN/1772077823.json -> D:\ADF_folder\real-time-stocks-mds\data\s3_downloads/AMZN_1772077823.json
[2026-03-01T05:52:09.343+0000] {logging_mixin.py:188} INFO - Downloaded bronze/AMZN/1772077856.json -> D:\ADF_folder\real-time-stocks-mds\data\s3_downloads/AMZN_1772077856.json
[2026-03-01T05:52:09.733+0000] {logging_mixin.py:188} INFO - Downloaded bronze/AMZN/1772077888.json -> D:\ADF_folder\real-time-stocks-mds\data\s3_downloads/AMZN_1772077888.json
[2026-03-01T05:52:10.120+0000] {logging_mixin.py:188} INFO - Downloaded bronze/AMZN/1772077921.json -> D:\ADF_folder\real-time-stocks-mds\data\s3_downloads/AMZN_1772077921.json
[2026-03-01T05:52:10.510+0000] {logging_mixin.py:188} INFO - Downloaded bronze/AMZN/1772077954.json -> D:\ADF_folder\real-time-stocks-mds\data\s3_downloads/AMZN_1772077954.json
[2026-03-01T05:52:10.902+0000] {logging_mixin.py:188} INFO - Downloaded bronze/AMZN/1772077987.json -> D:\ADF_folder\real-time-stocks-mds\data\s3_downloads/AMZN_1772077987.json
[2026-03-01T05:52:11.293+0000] {logging_mixin.py:188} INFO - Downloaded bronze/AMZN/1772078019.json -> D:\ADF_folder\real-time-stocks-mds\data\s3_downloads/AMZN_1772078019.json
[2026-03-01T05:52:11.681+0000] {logging_mixin.py:188} INFO - Downloaded bronze/AMZN/1772078052.json -> D:\ADF_folder\real-time-stocks-mds\data\s3_downloads/AMZN_1772078052.json
[2026-03-01T05:52:12.074+0000] {logging_mixin.py:188} INFO - Downloaded bronze/AMZN/1772078085.json -> D:\ADF_folder\real-time-stocks-mds\data\s3_downloads/AMZN_1772078085.json
[2026-03-01T05:52:12.465+0000] {logging_mixin.py:188} INFO - Downloaded bronze/AMZN/1772078118.json -> D:\ADF_folder\real-time-stocks-mds\data\s3_downloads/AMZN_1772078118.json
[2026-03-01T05:52:12.856+0000] {logging_mixin.py:188} INFO - Downloaded bronze/AMZN/1772078152.json -> D:\ADF_folder\real-time-stocks-mds\data\s3_downloads/AMZN_1772078152.json
[2026-03-01T05:52:13.249+0000] {logging_mixin.py:188} INFO - Downloaded bronze/AMZN/1772078184.json -> D:\ADF_folder\real-time-stocks-mds\data\s3_downloads/AMZN_1772078184.json
[2026-03-01T05:52:14.179+0000] {logging_mixin.py:188} INFO - Downloaded bronze/AMZN/1772078217.json -> D:\ADF_folder\real-time-stocks-mds\data\s3_downloads/AMZN_1772078217.json
[2026-03-01T05:52:14.574+0000] {logging_mixin.py:188} INFO - Downloaded bronze/AMZN/1772078250.json -> D:\ADF_folder\real-time-stocks-mds\data\s3_downloads/AMZN_1772078250.json
[2026-03-01T05:52:14.967+0000] {logging_mixin.py:188} INFO - Downloaded bronze/AMZN/1772078283.json -> D:\ADF_folder\real-time-stocks-mds\data\s3_downloads/AMZN_1772078283.json
[2026-03-01T05:52:15.355+0000] {logging_mixin.py:188} INFO - Downloaded bronze/AMZN/1772078316.json -> D:\ADF_folder\real-time-stocks-mds\data\s3_downloads/AMZN_1772078316.json
[2026-03-01T05:52:15.754+0000] {logging_mixin.py:188} INFO - Downloaded bronze/AMZN/1772078349.json -> D:\ADF_folder\real-time-stocks-mds\data\s3_downloads/AMZN_1772078349.json
[2026-03-01T05:52:16.145+0000] {logging_mixin.py:188} INFO - Downloaded bronze/AMZN/1772078382.json -> D:\ADF_folder\real-time-stocks-mds\data\s3_downloads/AMZN_1772078382.json
[2026-03-01T05:52:16.535+0000] {logging_mixin.py:188} INFO - Downloaded bronze/AMZN/1772078415.json -> D:\ADF_folder\real-time-stocks-mds\data\s3_downloads/AMZN_1772078415.json
[2026-03-01T05:52:16.919+0000] {logging_mixin.py:188} INFO - Downloaded bronze/AMZN/1772078448.json -> D:\ADF_folder\real-time-stocks-mds\data\s3_downloads/AMZN_1772078448.json
[2026-03-01T05:52:17.305+0000] {logging_mixin.py:188} INFO - Downloaded bronze/AMZN/1772078482.json -> D:\ADF_folder\real-time-stocks-mds\data\s3_downloads/AMZN_1772078482.json
[2026-03-01T05:52:17.695+0000] {logging_mixin.py:188} INFO - Downloaded bronze/AMZN/1772078516.json -> D:\ADF_folder\real-time-stocks-mds\data\s3_downloads/AMZN_1772078516.json
[2026-03-01T05:52:18.079+0000] {logging_mixin.py:188} INFO - Downloaded bronze/AMZN/1772078549.json -> D:\ADF_folder\real-time-stocks-mds\data\s3_downloads/AMZN_1772078549.json
[2026-03-01T05:52:18.465+0000] {logging_mixin.py:188} INFO - Downloaded bronze/AMZN/1772078582.json -> D:\ADF_folder\real-time-stocks-mds\data\s3_downloads/AMZN_1772078582.json
[2026-03-01T05:52:18.854+0000] {logging_mixin.py:188} INFO - Downloaded bronze/AMZN/1772078615.json -> D:\ADF_folder\real-time-stocks-mds\data\s3_downloads/AMZN_1772078615.json
[2026-03-01T05:52:19.247+0000] {logging_mixin.py:188} INFO - Downloaded bronze/AMZN/1772078648.json -> D:\ADF_folder\real-time-stocks-mds\data\s3_downloads/AMZN_1772078648.json
[2026-03-01T05:52:19.637+0000] {logging_mixin.py:188} INFO - Downloaded bronze/AMZN/1772078680.json -> D:\ADF_folder\real-time-stocks-mds\data\s3_downloads/AMZN_1772078680.json
[2026-03-01T05:52:20.029+0000] {logging_mixin.py:188} INFO - Downloaded bronze/AMZN/1772078714.json -> D:\ADF_folder\real-time-stocks-mds\data\s3_downloads/AMZN_1772078714.json
[2026-03-01T05:52:20.421+0000] {logging_mixin.py:188} INFO - Downloaded bronze/AMZN/1772078747.json -> D:\ADF_folder\real-time-stocks-mds\data\s3_downloads/AMZN_1772078747.json
[2026-03-01T05:52:20.811+0000] {logging_mixin.py:188} INFO - Downloaded bronze/AMZN/1772078779.json -> D:\ADF_folder\real-time-stocks-mds\data\s3_downloads/AMZN_1772078779.json
[2026-03-01T05:52:21.204+0000] {logging_mixin.py:188} INFO - Downloaded bronze/AMZN/1772078812.json -> D:\ADF_folder\real-time-stocks-mds\data\s3_downloads/AMZN_1772078812.json
[2026-03-01T05:52:21.596+0000] {logging_mixin.py:188} INFO - Downloaded bronze/AMZN/1772078845.json -> D:\ADF_folder\real-time-stocks-mds\data\s3_downloads/AMZN_1772078845.json
[2026-03-01T05:52:21.992+0000] {logging_mixin.py:188} INFO - Downloaded bronze/AMZN/1772078878.json -> D:\ADF_folder\real-time-stocks-mds\data\s3_downloads/AMZN_1772078878.json
[2026-03-01T05:52:22.389+0000] {logging_mixin.py:188} INFO - Downloaded bronze/AMZN/1772078911.json -> D:\ADF_folder\real-time-stocks-mds\data\s3_downloads/AMZN_1772078911.json
[2026-03-01T05:52:22.784+0000] {logging_mixin.py:188} INFO - Downloaded bronze/AMZN/1772078944.json -> D:\ADF_folder\real-time-stocks-mds\data\s3_downloads/AMZN_1772078944.json
[2026-03-01T05:52:23.175+0000] {logging_mixin.py:188} INFO - Downloaded bronze/AMZN/1772078977.json -> D:\ADF_folder\real-time-stocks-mds\data\s3_downloads/AMZN_1772078977.json
[2026-03-01T05:52:23.569+0000] {logging_mixin.py:188} INFO - Downloaded bronze/AMZN/1772079010.json -> D:\ADF_folder\real-time-stocks-mds\data\s3_downloads/AMZN_1772079010.json
[2026-03-01T05:52:23.956+0000] {logging_mixin.py:188} INFO - Downloaded bronze/AMZN/1772079043.json -> D:\ADF_folder\real-time-stocks-mds\data\s3_downloads/AMZN_1772079043.json
[2026-03-01T05:52:24.348+0000] {logging_mixin.py:188} INFO - Downloaded bronze/AMZN/1772079077.json -> D:\ADF_folder\real-time-stocks-mds\data\s3_downloads/AMZN_1772079077.json
[2026-03-01T05:52:24.739+0000] {logging_mixin.py:188} INFO - Downloaded bronze/AMZN/1772079110.json -> D:\ADF_folder\real-time-stocks-mds\data\s3_downloads/AMZN_1772079110.json
[2026-03-01T05:52:25.128+0000] {logging_mixin.py:188} INFO - Downloaded bronze/AMZN/1772079143.json -> D:\ADF_folder\real-time-stocks-mds\data\s3_downloads/AMZN_1772079143.json
[2026-03-01T05:52:25.522+0000] {logging_mixin.py:188} INFO - Downloaded bronze/AMZN/1772079176.json -> D:\ADF_folder\real-time-stocks-mds\data\s3_downloads/AMZN_1772079176.json
[2026-03-01T05:52:25.913+0000] {logging_mixin.py:188} INFO - Downloaded bronze/AMZN/1772079209.json -> D:\ADF_folder\real-time-stocks-mds\data\s3_downloads/AMZN_1772079209.json
[2026-03-01T05:52:26.302+0000] {logging_mixin.py:188} INFO - Downloaded bronze/AMZN/1772079242.json -> D:\ADF_folder\real-time-stocks-mds\data\s3_downloads/AMZN_1772079242.json
[2026-03-01T05:52:26.688+0000] {logging_mixin.py:188} INFO - Downloaded bronze/AMZN/1772079275.json -> D:\ADF_folder\real-time-stocks-mds\data\s3_downloads/AMZN_1772079275.json
[2026-03-01T05:52:26.689+0000] {logging_mixin.py:188} INFO - 
Processing prefix: bronze/MSFT/
[2026-03-01T05:52:27.501+0000] {logging_mixin.py:188} INFO - Downloaded bronze/MSFT/1771463592.json -> D:\ADF_folder\real-time-stocks-mds\data\s3_downloads/MSFT_1771463592.json
[2026-03-01T05:52:27.887+0000] {logging_mixin.py:188} INFO - Downloaded bronze/MSFT/1771463625.json -> D:\ADF_folder\real-time-stocks-mds\data\s3_downloads/MSFT_1771463625.json
[2026-03-01T05:52:28.281+0000] {logging_mixin.py:188} INFO - Downloaded bronze/MSFT/1771463658.json -> D:\ADF_folder\real-time-stocks-mds\data\s3_downloads/MSFT_1771463658.json
[2026-03-01T05:52:28.669+0000] {logging_mixin.py:188} INFO - Downloaded bronze/MSFT/1771463691.json -> D:\ADF_folder\real-time-stocks-mds\data\s3_downloads/MSFT_1771463691.json
[2026-03-01T05:52:29.053+0000] {logging_mixin.py:188} INFO - Downloaded bronze/MSFT/1771463724.json -> D:\ADF_folder\real-time-stocks-mds\data\s3_downloads/MSFT_1771463724.json
[2026-03-01T05:52:29.449+0000] {logging_mixin.py:188} INFO - Downloaded bronze/MSFT/1771463757.json -> D:\ADF_folder\real-time-stocks-mds\data\s3_downloads/MSFT_1771463757.json
[2026-03-01T05:52:29.842+0000] {logging_mixin.py:188} INFO - Downloaded bronze/MSFT/1771463790.json -> D:\ADF_folder\real-time-stocks-mds\data\s3_downloads/MSFT_1771463790.json
[2026-03-01T05:52:30.229+0000] {logging_mixin.py:188} INFO - Downloaded bronze/MSFT/1771463823.json -> D:\ADF_folder\real-time-stocks-mds\data\s3_downloads/MSFT_1771463823.json
[2026-03-01T05:52:30.623+0000] {logging_mixin.py:188} INFO - Downloaded bronze/MSFT/1771463856.json -> D:\ADF_folder\real-time-stocks-mds\data\s3_downloads/MSFT_1771463856.json
[2026-03-01T05:52:31.016+0000] {logging_mixin.py:188} INFO - Downloaded bronze/MSFT/1771463889.json -> D:\ADF_folder\real-time-stocks-mds\data\s3_downloads/MSFT_1771463889.json
[2026-03-01T05:52:31.400+0000] {logging_mixin.py:188} INFO - Downloaded bronze/MSFT/1771463922.json -> D:\ADF_folder\real-time-stocks-mds\data\s3_downloads/MSFT_1771463922.json
[2026-03-01T05:52:31.794+0000] {logging_mixin.py:188} INFO - Downloaded bronze/MSFT/1771463955.json -> D:\ADF_folder\real-time-stocks-mds\data\s3_downloads/MSFT_1771463955.json
[2026-03-01T05:52:32.181+0000] {logging_mixin.py:188} INFO - Downloaded bronze/MSFT/1771463988.json -> D:\ADF_folder\real-time-stocks-mds\data\s3_downloads/MSFT_1771463988.json
[2026-03-01T05:52:32.567+0000] {logging_mixin.py:188} INFO - Downloaded bronze/MSFT/1771464022.json -> D:\ADF_folder\real-time-stocks-mds\data\s3_downloads/MSFT_1771464022.json
[2026-03-01T05:52:31.484+0000] {logging_mixin.py:188} INFO - Downloaded bronze/MSFT/1771464055.json -> D:\ADF_folder\real-time-stocks-mds\data\s3_downloads/MSFT_1771464055.json
[2026-03-01T05:52:31.879+0000] {logging_mixin.py:188} INFO - Downloaded bronze/MSFT/1771464088.json -> D:\ADF_folder\real-time-stocks-mds\data\s3_downloads/MSFT_1771464088.json
[2026-03-01T05:52:32.266+0000] {logging_mixin.py:188} INFO - Downloaded bronze/MSFT/1771464121.json -> D:\ADF_folder\real-time-stocks-mds\data\s3_downloads/MSFT_1771464121.json
[2026-03-01T05:52:33.116+0000] {logging_mixin.py:188} INFO - Downloaded bronze/MSFT/1771464154.json -> D:\ADF_folder\real-time-stocks-mds\data\s3_downloads/MSFT_1771464154.json
[2026-03-01T05:52:33.497+0000] {logging_mixin.py:188} INFO - Downloaded bronze/MSFT/1771464187.json -> D:\ADF_folder\real-time-stocks-mds\data\s3_downloads/MSFT_1771464187.json
[2026-03-01T05:52:33.883+0000] {logging_mixin.py:188} INFO - Downloaded bronze/MSFT/1771464220.json -> D:\ADF_folder\real-time-stocks-mds\data\s3_downloads/MSFT_1771464220.json
[2026-03-01T05:52:34.281+0000] {logging_mixin.py:188} INFO - Downloaded bronze/MSFT/1771464253.json -> D:\ADF_folder\real-time-stocks-mds\data\s3_downloads/MSFT_1771464253.json
[2026-03-01T05:52:34.674+0000] {logging_mixin.py:188} INFO - Downloaded bronze/MSFT/1771464286.json -> D:\ADF_folder\real-time-stocks-mds\data\s3_downloads/MSFT_1771464286.json
[2026-03-01T05:52:35.067+0000] {logging_mixin.py:188} INFO - Downloaded bronze/MSFT/1771464319.json -> D:\ADF_folder\real-time-stocks-mds\data\s3_downloads/MSFT_1771464319.json
[2026-03-01T05:52:35.447+0000] {logging_mixin.py:188} INFO - Downloaded bronze/MSFT/1771465252.json -> D:\ADF_folder\real-time-stocks-mds\data\s3_downloads/MSFT_1771465252.json
[2026-03-01T05:52:35.832+0000] {logging_mixin.py:188} INFO - Downloaded bronze/MSFT/1771465285.json -> D:\ADF_folder\real-time-stocks-mds\data\s3_downloads/MSFT_1771465285.json
[2026-03-01T05:52:36.213+0000] {logging_mixin.py:188} INFO - Downloaded bronze/MSFT/1771465318.json -> D:\ADF_folder\real-time-stocks-mds\data\s3_downloads/MSFT_1771465318.json
[2026-03-01T05:52:36.595+0000] {logging_mixin.py:188} INFO - Downloaded bronze/MSFT/1771465351.json -> D:\ADF_folder\real-time-stocks-mds\data\s3_downloads/MSFT_1771465351.json
[2026-03-01T05:52:36.982+0000] {logging_mixin.py:188} INFO - Downloaded bronze/MSFT/1771465384.json -> D:\ADF_folder\real-time-stocks-mds\data\s3_downloads/MSFT_1771465384.json
[2026-03-01T05:52:37.359+0000] {logging_mixin.py:188} INFO - Downloaded bronze/MSFT/1771465417.json -> D:\ADF_folder\real-time-stocks-mds\data\s3_downloads/MSFT_1771465417.json
[2026-03-01T05:52:37.733+0000] {logging_mixin.py:188} INFO - Downloaded bronze/MSFT/1771465450.json -> D:\ADF_folder\real-time-stocks-mds\data\s3_downloads/MSFT_1771465450.json
[2026-03-01T05:52:38.120+0000] {logging_mixin.py:188} INFO - Downloaded bronze/MSFT/1771465483.json -> D:\ADF_folder\real-time-stocks-mds\data\s3_downloads/MSFT_1771465483.json
[2026-03-01T05:52:38.512+0000] {logging_mixin.py:188} INFO - Downloaded bronze/MSFT/1771465516.json -> D:\ADF_folder\real-time-stocks-mds\data\s3_downloads/MSFT_1771465516.json
[2026-03-01T05:52:38.908+0000] {logging_mixin.py:188} INFO - Downloaded bronze/MSFT/1771465549.json -> D:\ADF_folder\real-time-stocks-mds\data\s3_downloads/MSFT_1771465549.json
[2026-03-01T05:52:39.303+0000] {logging_mixin.py:188} INFO - Downloaded bronze/MSFT/1771465582.json -> D:\ADF_folder\real-time-stocks-mds\data\s3_downloads/MSFT_1771465582.json
[2026-03-01T05:52:39.688+0000] {logging_mixin.py:188} INFO - Downloaded bronze/MSFT/1772074563.json -> D:\ADF_folder\real-time-stocks-mds\data\s3_downloads/MSFT_1772074563.json
[2026-03-01T05:52:40.067+0000] {logging_mixin.py:188} INFO - Downloaded bronze/MSFT/1772074596.json -> D:\ADF_folder\real-time-stocks-mds\data\s3_downloads/MSFT_1772074596.json
[2026-03-01T05:52:40.453+0000] {logging_mixin.py:188} INFO - Downloaded bronze/MSFT/1772074629.json -> D:\ADF_folder\real-time-stocks-mds\data\s3_downloads/MSFT_1772074629.json
[2026-03-01T05:52:40.844+0000] {logging_mixin.py:188} INFO - Downloaded bronze/MSFT/1772074662.json -> D:\ADF_folder\real-time-stocks-mds\data\s3_downloads/MSFT_1772074662.json
[2026-03-01T05:52:41.238+0000] {logging_mixin.py:188} INFO - Downloaded bronze/MSFT/1772074696.json -> D:\ADF_folder\real-time-stocks-mds\data\s3_downloads/MSFT_1772074696.json
[2026-03-01T05:52:41.629+0000] {logging_mixin.py:188} INFO - Downloaded bronze/MSFT/1772074729.json -> D:\ADF_folder\real-time-stocks-mds\data\s3_downloads/MSFT_1772074729.json
[2026-03-01T05:52:42.021+0000] {logging_mixin.py:188} INFO - Downloaded bronze/MSFT/1772074762.json -> D:\ADF_folder\real-time-stocks-mds\data\s3_downloads/MSFT_1772074762.json
[2026-03-01T05:52:42.412+0000] {logging_mixin.py:188} INFO - Downloaded bronze/MSFT/1772074795.json -> D:\ADF_folder\real-time-stocks-mds\data\s3_downloads/MSFT_1772074795.json
[2026-03-01T05:52:42.801+0000] {logging_mixin.py:188} INFO - Downloaded bronze/MSFT/1772074828.json -> D:\ADF_folder\real-time-stocks-mds\data\s3_downloads/MSFT_1772074828.json
[2026-03-01T05:52:43.181+0000] {logging_mixin.py:188} INFO - Downloaded bronze/MSFT/1772074861.json -> D:\ADF_folder\real-time-stocks-mds\data\s3_downloads/MSFT_1772074861.json
[2026-03-01T05:52:43.563+0000] {logging_mixin.py:188} INFO - Downloaded bronze/MSFT/1772074894.json -> D:\ADF_folder\real-time-stocks-mds\data\s3_downloads/MSFT_1772074894.json
[2026-03-01T05:52:43.961+0000] {logging_mixin.py:188} INFO - Downloaded bronze/MSFT/1772074927.json -> D:\ADF_folder\real-time-stocks-mds\data\s3_downloads/MSFT_1772074927.json
[2026-03-01T05:52:44.344+0000] {logging_mixin.py:188} INFO - Downloaded bronze/MSFT/1772074960.json -> D:\ADF_folder\real-time-stocks-mds\data\s3_downloads/MSFT_1772074960.json
[2026-03-01T05:52:44.717+0000] {logging_mixin.py:188} INFO - Downloaded bronze/MSFT/1772074993.json -> D:\ADF_folder\real-time-stocks-mds\data\s3_downloads/MSFT_1772074993.json
[2026-03-01T05:52:45.093+0000] {logging_mixin.py:188} INFO - Downloaded bronze/MSFT/1772075026.json -> D:\ADF_folder\real-time-stocks-mds\data\s3_downloads/MSFT_1772075026.json
[2026-03-01T05:52:45.468+0000] {logging_mixin.py:188} INFO - Downloaded bronze/MSFT/1772075059.json -> D:\ADF_folder\real-time-stocks-mds\data\s3_downloads/MSFT_1772075059.json
[2026-03-01T05:52:45.847+0000] {logging_mixin.py:188} INFO - Downloaded bronze/MSFT/1772075092.json -> D:\ADF_folder\real-time-stocks-mds\data\s3_downloads/MSFT_1772075092.json
[2026-03-01T05:52:46.230+0000] {logging_mixin.py:188} INFO - Downloaded bronze/MSFT/1772075125.json -> D:\ADF_folder\real-time-stocks-mds\data\s3_downloads/MSFT_1772075125.json
[2026-03-01T05:52:46.619+0000] {logging_mixin.py:188} INFO - Downloaded bronze/MSFT/1772075158.json -> D:\ADF_folder\real-time-stocks-mds\data\s3_downloads/MSFT_1772075158.json
[2026-03-01T05:52:47.004+0000] {logging_mixin.py:188} INFO - Downloaded bronze/MSFT/1772075191.json -> D:\ADF_folder\real-time-stocks-mds\data\s3_downloads/MSFT_1772075191.json
[2026-03-01T05:52:47.388+0000] {logging_mixin.py:188} INFO - Downloaded bronze/MSFT/1772075224.json -> D:\ADF_folder\real-time-stocks-mds\data\s3_downloads/MSFT_1772075224.json
[2026-03-01T05:52:47.780+0000] {logging_mixin.py:188} INFO - Downloaded bronze/MSFT/1772075257.json -> D:\ADF_folder\real-time-stocks-mds\data\s3_downloads/MSFT_1772075257.json
[2026-03-01T05:52:48.162+0000] {logging_mixin.py:188} INFO - Downloaded bronze/MSFT/1772075290.json -> D:\ADF_folder\real-time-stocks-mds\data\s3_downloads/MSFT_1772075290.json
[2026-03-01T05:52:48.543+0000] {logging_mixin.py:188} INFO - Downloaded bronze/MSFT/1772075323.json -> D:\ADF_folder\real-time-stocks-mds\data\s3_downloads/MSFT_1772075323.json
[2026-03-01T05:52:48.926+0000] {logging_mixin.py:188} INFO - Downloaded bronze/MSFT/1772075356.json -> D:\ADF_folder\real-time-stocks-mds\data\s3_downloads/MSFT_1772075356.json
[2026-03-01T05:52:49.308+0000] {logging_mixin.py:188} INFO - Downloaded bronze/MSFT/1772075389.json -> D:\ADF_folder\real-time-stocks-mds\data\s3_downloads/MSFT_1772075389.json
[2026-03-01T05:52:49.696+0000] {logging_mixin.py:188} INFO - Downloaded bronze/MSFT/1772075422.json -> D:\ADF_folder\real-time-stocks-mds\data\s3_downloads/MSFT_1772075422.json
[2026-03-01T05:52:50.076+0000] {logging_mixin.py:188} INFO - Downloaded bronze/MSFT/1772075455.json -> D:\ADF_folder\real-time-stocks-mds\data\s3_downloads/MSFT_1772075455.json
[2026-03-01T05:52:50.458+0000] {logging_mixin.py:188} INFO - Downloaded bronze/MSFT/1772075487.json -> D:\ADF_folder\real-time-stocks-mds\data\s3_downloads/MSFT_1772075487.json
[2026-03-01T05:52:50.842+0000] {logging_mixin.py:188} INFO - Downloaded bronze/MSFT/1772075520.json -> D:\ADF_folder\real-time-stocks-mds\data\s3_downloads/MSFT_1772075520.json
[2026-03-01T05:52:51.225+0000] {logging_mixin.py:188} INFO - Downloaded bronze/MSFT/1772075553.json -> D:\ADF_folder\real-time-stocks-mds\data\s3_downloads/MSFT_1772075553.json
[2026-03-01T05:52:51.615+0000] {logging_mixin.py:188} INFO - Downloaded bronze/MSFT/1772075586.json -> D:\ADF_folder\real-time-stocks-mds\data\s3_downloads/MSFT_1772075586.json
[2026-03-01T05:52:52.000+0000] {logging_mixin.py:188} INFO - Downloaded bronze/MSFT/1772075620.json -> D:\ADF_folder\real-time-stocks-mds\data\s3_downloads/MSFT_1772075620.json
[2026-03-01T05:52:52.875+0000] {logging_mixin.py:188} INFO - Downloaded bronze/MSFT/1772075653.json -> D:\ADF_folder\real-time-stocks-mds\data\s3_downloads/MSFT_1772075653.json
[2026-03-01T05:52:53.267+0000] {logging_mixin.py:188} INFO - Downloaded bronze/MSFT/1772075686.json -> D:\ADF_folder\real-time-stocks-mds\data\s3_downloads/MSFT_1772075686.json
[2026-03-01T05:52:53.672+0000] {logging_mixin.py:188} INFO - Downloaded bronze/MSFT/1772075719.json -> D:\ADF_folder\real-time-stocks-mds\data\s3_downloads/MSFT_1772075719.json
[2026-03-01T05:52:54.062+0000] {logging_mixin.py:188} INFO - Downloaded bronze/MSFT/1772075752.json -> D:\ADF_folder\real-time-stocks-mds\data\s3_downloads/MSFT_1772075752.json
[2026-03-01T05:52:54.456+0000] {logging_mixin.py:188} INFO - Downloaded bronze/MSFT/1772075785.json -> D:\ADF_folder\real-time-stocks-mds\data\s3_downloads/MSFT_1772075785.json
[2026-03-01T05:52:54.844+0000] {logging_mixin.py:188} INFO - Downloaded bronze/MSFT/1772075818.json -> D:\ADF_folder\real-time-stocks-mds\data\s3_downloads/MSFT_1772075818.json
[2026-03-01T05:52:55.239+0000] {logging_mixin.py:188} INFO - Downloaded bronze/MSFT/1772075851.json -> D:\ADF_folder\real-time-stocks-mds\data\s3_downloads/MSFT_1772075851.json
[2026-03-01T05:52:55.627+0000] {logging_mixin.py:188} INFO - Downloaded bronze/MSFT/1772075883.json -> D:\ADF_folder\real-time-stocks-mds\data\s3_downloads/MSFT_1772075883.json
[2026-03-01T05:52:56.023+0000] {logging_mixin.py:188} INFO - Downloaded bronze/MSFT/1772075916.json -> D:\ADF_folder\real-time-stocks-mds\data\s3_downloads/MSFT_1772075916.json
[2026-03-01T05:52:56.419+0000] {logging_mixin.py:188} INFO - Downloaded bronze/MSFT/1772075949.json -> D:\ADF_folder\real-time-stocks-mds\data\s3_downloads/MSFT_1772075949.json
[2026-03-01T05:52:56.805+0000] {logging_mixin.py:188} INFO - Downloaded bronze/MSFT/1772075982.json -> D:\ADF_folder\real-time-stocks-mds\data\s3_downloads/MSFT_1772075982.json
[2026-03-01T05:52:57.202+0000] {logging_mixin.py:188} INFO - Downloaded bronze/MSFT/1772076015.json -> D:\ADF_folder\real-time-stocks-mds\data\s3_downloads/MSFT_1772076015.json
[2026-03-01T05:52:57.599+0000] {logging_mixin.py:188} INFO - Downloaded bronze/MSFT/1772076048.json -> D:\ADF_folder\real-time-stocks-mds\data\s3_downloads/MSFT_1772076048.json
[2026-03-01T05:52:57.988+0000] {logging_mixin.py:188} INFO - Downloaded bronze/MSFT/1772076081.json -> D:\ADF_folder\real-time-stocks-mds\data\s3_downloads/MSFT_1772076081.json
[2026-03-01T05:52:58.378+0000] {logging_mixin.py:188} INFO - Downloaded bronze/MSFT/1772076114.json -> D:\ADF_folder\real-time-stocks-mds\data\s3_downloads/MSFT_1772076114.json
[2026-03-01T05:52:58.764+0000] {logging_mixin.py:188} INFO - Downloaded bronze/MSFT/1772076147.json -> D:\ADF_folder\real-time-stocks-mds\data\s3_downloads/MSFT_1772076147.json
[2026-03-01T05:52:59.155+0000] {logging_mixin.py:188} INFO - Downloaded bronze/MSFT/1772076180.json -> D:\ADF_folder\real-time-stocks-mds\data\s3_downloads/MSFT_1772076180.json
[2026-03-01T05:52:59.542+0000] {logging_mixin.py:188} INFO - Downloaded bronze/MSFT/1772076213.json -> D:\ADF_folder\real-time-stocks-mds\data\s3_downloads/MSFT_1772076213.json
[2026-03-01T05:52:59.933+0000] {logging_mixin.py:188} INFO - Downloaded bronze/MSFT/1772076246.json -> D:\ADF_folder\real-time-stocks-mds\data\s3_downloads/MSFT_1772076246.json
[2026-03-01T05:53:00.326+0000] {logging_mixin.py:188} INFO - Downloaded bronze/MSFT/1772076279.json -> D:\ADF_folder\real-time-stocks-mds\data\s3_downloads/MSFT_1772076279.json
[2026-03-01T05:53:00.719+0000] {logging_mixin.py:188} INFO - Downloaded bronze/MSFT/1772076312.json -> D:\ADF_folder\real-time-stocks-mds\data\s3_downloads/MSFT_1772076312.json
[2026-03-01T05:53:01.104+0000] {logging_mixin.py:188} INFO - Downloaded bronze/MSFT/1772076344.json -> D:\ADF_folder\real-time-stocks-mds\data\s3_downloads/MSFT_1772076344.json
[2026-03-01T05:53:00.065+0000] {logging_mixin.py:188} INFO - Downloaded bronze/MSFT/1772076377.json -> D:\ADF_folder\real-time-stocks-mds\data\s3_downloads/MSFT_1772076377.json
[2026-03-01T05:53:00.454+0000] {logging_mixin.py:188} INFO - Downloaded bronze/MSFT/1772076410.json -> D:\ADF_folder\real-time-stocks-mds\data\s3_downloads/MSFT_1772076410.json
[2026-03-01T05:53:00.854+0000] {logging_mixin.py:188} INFO - Downloaded bronze/MSFT/1772076444.json -> D:\ADF_folder\real-time-stocks-mds\data\s3_downloads/MSFT_1772076444.json
[2026-03-01T05:53:01.255+0000] {logging_mixin.py:188} INFO - Downloaded bronze/MSFT/1772076477.json -> D:\ADF_folder\real-time-stocks-mds\data\s3_downloads/MSFT_1772076477.json
[2026-03-01T05:53:01.652+0000] {logging_mixin.py:188} INFO - Downloaded bronze/MSFT/1772076510.json -> D:\ADF_folder\real-time-stocks-mds\data\s3_downloads/MSFT_1772076510.json
[2026-03-01T05:53:02.042+0000] {logging_mixin.py:188} INFO - Downloaded bronze/MSFT/1772076543.json -> D:\ADF_folder\real-time-stocks-mds\data\s3_downloads/MSFT_1772076543.json
[2026-03-01T05:53:02.430+0000] {logging_mixin.py:188} INFO - Downloaded bronze/MSFT/1772076576.json -> D:\ADF_folder\real-time-stocks-mds\data\s3_downloads/MSFT_1772076576.json
[2026-03-01T05:53:02.815+0000] {logging_mixin.py:188} INFO - Downloaded bronze/MSFT/1772076609.json -> D:\ADF_folder\real-time-stocks-mds\data\s3_downloads/MSFT_1772076609.json
[2026-03-01T05:53:03.205+0000] {logging_mixin.py:188} INFO - Downloaded bronze/MSFT/1772076642.json -> D:\ADF_folder\real-time-stocks-mds\data\s3_downloads/MSFT_1772076642.json
[2026-03-01T05:53:03.596+0000] {logging_mixin.py:188} INFO - Downloaded bronze/MSFT/1772076674.json -> D:\ADF_folder\real-time-stocks-mds\data\s3_downloads/MSFT_1772076674.json
[2026-03-01T05:53:03.987+0000] {logging_mixin.py:188} INFO - Downloaded bronze/MSFT/1772076707.json -> D:\ADF_folder\real-time-stocks-mds\data\s3_downloads/MSFT_1772076707.json
[2026-03-01T05:53:04.377+0000] {logging_mixin.py:188} INFO - Downloaded bronze/MSFT/1772076740.json -> D:\ADF_folder\real-time-stocks-mds\data\s3_downloads/MSFT_1772076740.json
[2026-03-01T05:53:04.761+0000] {logging_mixin.py:188} INFO - Downloaded bronze/MSFT/1772076773.json -> D:\ADF_folder\real-time-stocks-mds\data\s3_downloads/MSFT_1772076773.json
[2026-03-01T05:53:05.150+0000] {logging_mixin.py:188} INFO - Downloaded bronze/MSFT/1772076807.json -> D:\ADF_folder\real-time-stocks-mds\data\s3_downloads/MSFT_1772076807.json
[2026-03-01T05:53:05.539+0000] {logging_mixin.py:188} INFO - Downloaded bronze/MSFT/1772076840.json -> D:\ADF_folder\real-time-stocks-mds\data\s3_downloads/MSFT_1772076840.json
[2026-03-01T05:53:05.929+0000] {logging_mixin.py:188} INFO - Downloaded bronze/MSFT/1772076873.json -> D:\ADF_folder\real-time-stocks-mds\data\s3_downloads/MSFT_1772076873.json
[2026-03-01T05:53:06.316+0000] {logging_mixin.py:188} INFO - Downloaded bronze/MSFT/1772076905.json -> D:\ADF_folder\real-time-stocks-mds\data\s3_downloads/MSFT_1772076905.json
[2026-03-01T05:53:06.699+0000] {logging_mixin.py:188} INFO - Downloaded bronze/MSFT/1772076939.json -> D:\ADF_folder\real-time-stocks-mds\data\s3_downloads/MSFT_1772076939.json
[2026-03-01T05:53:07.092+0000] {logging_mixin.py:188} INFO - Downloaded bronze/MSFT/1772076972.json -> D:\ADF_folder\real-time-stocks-mds\data\s3_downloads/MSFT_1772076972.json
[2026-03-01T05:53:07.483+0000] {logging_mixin.py:188} INFO - Downloaded bronze/MSFT/1772077005.json -> D:\ADF_folder\real-time-stocks-mds\data\s3_downloads/MSFT_1772077005.json
[2026-03-01T05:53:07.868+0000] {logging_mixin.py:188} INFO - Downloaded bronze/MSFT/1772077038.json -> D:\ADF_folder\real-time-stocks-mds\data\s3_downloads/MSFT_1772077038.json
[2026-03-01T05:53:08.272+0000] {logging_mixin.py:188} INFO - Downloaded bronze/MSFT/1772077071.json -> D:\ADF_folder\real-time-stocks-mds\data\s3_downloads/MSFT_1772077071.json
[2026-03-01T05:53:08.691+0000] {logging_mixin.py:188} INFO - Downloaded bronze/MSFT/1772077104.json -> D:\ADF_folder\real-time-stocks-mds\data\s3_downloads/MSFT_1772077104.json
[2026-03-01T05:53:09.083+0000] {logging_mixin.py:188} INFO - Downloaded bronze/MSFT/1772077137.json -> D:\ADF_folder\real-time-stocks-mds\data\s3_downloads/MSFT_1772077137.json
[2026-03-01T05:53:09.475+0000] {logging_mixin.py:188} INFO - Downloaded bronze/MSFT/1772077170.json -> D:\ADF_folder\real-time-stocks-mds\data\s3_downloads/MSFT_1772077170.json
[2026-03-01T05:53:09.865+0000] {logging_mixin.py:188} INFO - Downloaded bronze/MSFT/1772077203.json -> D:\ADF_folder\real-time-stocks-mds\data\s3_downloads/MSFT_1772077203.json
[2026-03-01T05:53:10.267+0000] {logging_mixin.py:188} INFO - Downloaded bronze/MSFT/1772077236.json -> D:\ADF_folder\real-time-stocks-mds\data\s3_downloads/MSFT_1772077236.json
[2026-03-01T05:53:10.656+0000] {logging_mixin.py:188} INFO - Downloaded bronze/MSFT/1772077269.json -> D:\ADF_folder\real-time-stocks-mds\data\s3_downloads/MSFT_1772077269.json
[2026-03-01T05:53:11.517+0000] {logging_mixin.py:188} INFO - Downloaded bronze/MSFT/1772077302.json -> D:\ADF_folder\real-time-stocks-mds\data\s3_downloads/MSFT_1772077302.json
[2026-03-01T05:53:11.902+0000] {logging_mixin.py:188} INFO - Downloaded bronze/MSFT/1772077335.json -> D:\ADF_folder\real-time-stocks-mds\data\s3_downloads/MSFT_1772077335.json
[2026-03-01T05:53:12.286+0000] {logging_mixin.py:188} INFO - Downloaded bronze/MSFT/1772077369.json -> D:\ADF_folder\real-time-stocks-mds\data\s3_downloads/MSFT_1772077369.json
[2026-03-01T05:53:12.666+0000] {logging_mixin.py:188} INFO - Downloaded bronze/MSFT/1772077402.json -> D:\ADF_folder\real-time-stocks-mds\data\s3_downloads/MSFT_1772077402.json
[2026-03-01T05:53:13.054+0000] {logging_mixin.py:188} INFO - Downloaded bronze/MSFT/1772077434.json -> D:\ADF_folder\real-time-stocks-mds\data\s3_downloads/MSFT_1772077434.json
[2026-03-01T05:53:13.444+0000] {logging_mixin.py:188} INFO - Downloaded bronze/MSFT/1772077467.json -> D:\ADF_folder\real-time-stocks-mds\data\s3_downloads/MSFT_1772077467.json
[2026-03-01T05:53:13.833+0000] {logging_mixin.py:188} INFO - Downloaded bronze/MSFT/1772077500.json -> D:\ADF_folder\real-time-stocks-mds\data\s3_downloads/MSFT_1772077500.json
[2026-03-01T05:53:14.221+0000] {logging_mixin.py:188} INFO - Downloaded bronze/MSFT/1772077533.json -> D:\ADF_folder\real-time-stocks-mds\data\s3_downloads/MSFT_1772077533.json
[2026-03-01T05:53:14.616+0000] {logging_mixin.py:188} INFO - Downloaded bronze/MSFT/1772077566.json -> D:\ADF_folder\real-time-stocks-mds\data\s3_downloads/MSFT_1772077566.json
[2026-03-01T05:53:15.019+0000] {logging_mixin.py:188} INFO - Downloaded bronze/MSFT/1772077599.json -> D:\ADF_folder\real-time-stocks-mds\data\s3_downloads/MSFT_1772077599.json
[2026-03-01T05:53:15.413+0000] {logging_mixin.py:188} INFO - Downloaded bronze/MSFT/1772077632.json -> D:\ADF_folder\real-time-stocks-mds\data\s3_downloads/MSFT_1772077632.json
[2026-03-01T05:53:15.808+0000] {logging_mixin.py:188} INFO - Downloaded bronze/MSFT/1772077665.json -> D:\ADF_folder\real-time-stocks-mds\data\s3_downloads/MSFT_1772077665.json
[2026-03-01T05:53:16.197+0000] {logging_mixin.py:188} INFO - Downloaded bronze/MSFT/1772077698.json -> D:\ADF_folder\real-time-stocks-mds\data\s3_downloads/MSFT_1772077698.json
[2026-03-01T05:53:16.586+0000] {logging_mixin.py:188} INFO - Downloaded bronze/MSFT/1772077731.json -> D:\ADF_folder\real-time-stocks-mds\data\s3_downloads/MSFT_1772077731.json
[2026-03-01T05:53:16.975+0000] {logging_mixin.py:188} INFO - Downloaded bronze/MSFT/1772077764.json -> D:\ADF_folder\real-time-stocks-mds\data\s3_downloads/MSFT_1772077764.json
[2026-03-01T05:53:17.371+0000] {logging_mixin.py:188} INFO - Downloaded bronze/MSFT/1772077796.json -> D:\ADF_folder\real-time-stocks-mds\data\s3_downloads/MSFT_1772077796.json
[2026-03-01T05:53:17.760+0000] {logging_mixin.py:188} INFO - Downloaded bronze/MSFT/1772077829.json -> D:\ADF_folder\real-time-stocks-mds\data\s3_downloads/MSFT_1772077829.json
[2026-03-01T05:53:18.146+0000] {logging_mixin.py:188} INFO - Downloaded bronze/MSFT/1772077862.json -> D:\ADF_folder\real-time-stocks-mds\data\s3_downloads/MSFT_1772077862.json
[2026-03-01T05:53:18.531+0000] {logging_mixin.py:188} INFO - Downloaded bronze/MSFT/1772077895.json -> D:\ADF_folder\real-time-stocks-mds\data\s3_downloads/MSFT_1772077895.json
[2026-03-01T05:53:18.923+0000] {logging_mixin.py:188} INFO - Downloaded bronze/MSFT/1772077928.json -> D:\ADF_folder\real-time-stocks-mds\data\s3_downloads/MSFT_1772077928.json
[2026-03-01T05:53:19.308+0000] {logging_mixin.py:188} INFO - Downloaded bronze/MSFT/1772077960.json -> D:\ADF_folder\real-time-stocks-mds\data\s3_downloads/MSFT_1772077960.json
[2026-03-01T05:53:19.700+0000] {logging_mixin.py:188} INFO - Downloaded bronze/MSFT/1772077993.json -> D:\ADF_folder\real-time-stocks-mds\data\s3_downloads/MSFT_1772077993.json
[2026-03-01T05:53:20.105+0000] {logging_mixin.py:188} INFO - Downloaded bronze/MSFT/1772078026.json -> D:\ADF_folder\real-time-stocks-mds\data\s3_downloads/MSFT_1772078026.json
[2026-03-01T05:53:20.492+0000] {logging_mixin.py:188} INFO - Downloaded bronze/MSFT/1772078059.json -> D:\ADF_folder\real-time-stocks-mds\data\s3_downloads/MSFT_1772078059.json
[2026-03-01T05:53:20.879+0000] {logging_mixin.py:188} INFO - Downloaded bronze/MSFT/1772078092.json -> D:\ADF_folder\real-time-stocks-mds\data\s3_downloads/MSFT_1772078092.json
[2026-03-01T05:53:21.270+0000] {logging_mixin.py:188} INFO - Downloaded bronze/MSFT/1772078125.json -> D:\ADF_folder\real-time-stocks-mds\data\s3_downloads/MSFT_1772078125.json
[2026-03-01T05:53:21.662+0000] {logging_mixin.py:188} INFO - Downloaded bronze/MSFT/1772078158.json -> D:\ADF_folder\real-time-stocks-mds\data\s3_downloads/MSFT_1772078158.json
[2026-03-01T05:53:22.049+0000] {logging_mixin.py:188} INFO - Downloaded bronze/MSFT/1772078191.json -> D:\ADF_folder\real-time-stocks-mds\data\s3_downloads/MSFT_1772078191.json
[2026-03-01T05:53:22.434+0000] {logging_mixin.py:188} INFO - Downloaded bronze/MSFT/1772078224.json -> D:\ADF_folder\real-time-stocks-mds\data\s3_downloads/MSFT_1772078224.json
[2026-03-01T05:53:22.820+0000] {logging_mixin.py:188} INFO - Downloaded bronze/MSFT/1772078257.json -> D:\ADF_folder\real-time-stocks-mds\data\s3_downloads/MSFT_1772078257.json
[2026-03-01T05:53:23.207+0000] {logging_mixin.py:188} INFO - Downloaded bronze/MSFT/1772078290.json -> D:\ADF_folder\real-time-stocks-mds\data\s3_downloads/MSFT_1772078290.json
[2026-03-01T05:53:23.596+0000] {logging_mixin.py:188} INFO - Downloaded bronze/MSFT/1772078323.json -> D:\ADF_folder\real-time-stocks-mds\data\s3_downloads/MSFT_1772078323.json
[2026-03-01T05:53:23.986+0000] {logging_mixin.py:188} INFO - Downloaded bronze/MSFT/1772078356.json -> D:\ADF_folder\real-time-stocks-mds\data\s3_downloads/MSFT_1772078356.json
[2026-03-01T05:53:24.376+0000] {logging_mixin.py:188} INFO - Downloaded bronze/MSFT/1772078388.json -> D:\ADF_folder\real-time-stocks-mds\data\s3_downloads/MSFT_1772078388.json
[2026-03-01T05:53:24.761+0000] {logging_mixin.py:188} INFO - Downloaded bronze/MSFT/1772078422.json -> D:\ADF_folder\real-time-stocks-mds\data\s3_downloads/MSFT_1772078422.json
[2026-03-01T05:53:25.142+0000] {logging_mixin.py:188} INFO - Downloaded bronze/MSFT/1772078455.json -> D:\ADF_folder\real-time-stocks-mds\data\s3_downloads/MSFT_1772078455.json
[2026-03-01T05:53:25.537+0000] {logging_mixin.py:188} INFO - Downloaded bronze/MSFT/1772078489.json -> D:\ADF_folder\real-time-stocks-mds\data\s3_downloads/MSFT_1772078489.json
[2026-03-01T05:53:25.923+0000] {logging_mixin.py:188} INFO - Downloaded bronze/MSFT/1772078522.json -> D:\ADF_folder\real-time-stocks-mds\data\s3_downloads/MSFT_1772078522.json
[2026-03-01T05:53:26.313+0000] {logging_mixin.py:188} INFO - Downloaded bronze/MSFT/1772078555.json -> D:\ADF_folder\real-time-stocks-mds\data\s3_downloads/MSFT_1772078555.json
[2026-03-01T05:53:26.701+0000] {logging_mixin.py:188} INFO - Downloaded bronze/MSFT/1772078588.json -> D:\ADF_folder\real-time-stocks-mds\data\s3_downloads/MSFT_1772078588.json
[2026-03-01T05:53:27.088+0000] {logging_mixin.py:188} INFO - Downloaded bronze/MSFT/1772078621.json -> D:\ADF_folder\real-time-stocks-mds\data\s3_downloads/MSFT_1772078621.json
[2026-03-01T05:53:27.478+0000] {logging_mixin.py:188} INFO - Downloaded bronze/MSFT/1772078654.json -> D:\ADF_folder\real-time-stocks-mds\data\s3_downloads/MSFT_1772078654.json
[2026-03-01T05:53:27.865+0000] {logging_mixin.py:188} INFO - Downloaded bronze/MSFT/1772078687.json -> D:\ADF_folder\real-time-stocks-mds\data\s3_downloads/MSFT_1772078687.json
[2026-03-01T05:53:28.247+0000] {logging_mixin.py:188} INFO - Downloaded bronze/MSFT/1772078720.json -> D:\ADF_folder\real-time-stocks-mds\data\s3_downloads/MSFT_1772078720.json
[2026-03-01T05:53:28.632+0000] {logging_mixin.py:188} INFO - Downloaded bronze/MSFT/1772078753.json -> D:\ADF_folder\real-time-stocks-mds\data\s3_downloads/MSFT_1772078753.json
[2026-03-01T05:53:29.031+0000] {logging_mixin.py:188} INFO - Downloaded bronze/MSFT/1772078786.json -> D:\ADF_folder\real-time-stocks-mds\data\s3_downloads/MSFT_1772078786.json
[2026-03-01T05:53:29.417+0000] {logging_mixin.py:188} INFO - Downloaded bronze/MSFT/1772078819.json -> D:\ADF_folder\real-time-stocks-mds\data\s3_downloads/MSFT_1772078819.json
[2026-03-01T05:53:29.808+0000] {logging_mixin.py:188} INFO - Downloaded bronze/MSFT/1772078852.json -> D:\ADF_folder\real-time-stocks-mds\data\s3_downloads/MSFT_1772078852.json
[2026-03-01T05:53:28.749+0000] {logging_mixin.py:188} INFO - Downloaded bronze/MSFT/1772078885.json -> D:\ADF_folder\real-time-stocks-mds\data\s3_downloads/MSFT_1772078885.json
[2026-03-01T05:53:29.137+0000] {logging_mixin.py:188} INFO - Downloaded bronze/MSFT/1772078918.json -> D:\ADF_folder\real-time-stocks-mds\data\s3_downloads/MSFT_1772078918.json
[2026-03-01T05:53:29.931+0000] {logging_mixin.py:188} INFO - Downloaded bronze/MSFT/1772078951.json -> D:\ADF_folder\real-time-stocks-mds\data\s3_downloads/MSFT_1772078951.json
[2026-03-01T05:53:30.319+0000] {logging_mixin.py:188} INFO - Downloaded bronze/MSFT/1772078984.json -> D:\ADF_folder\real-time-stocks-mds\data\s3_downloads/MSFT_1772078984.json
[2026-03-01T05:53:30.730+0000] {logging_mixin.py:188} INFO - Downloaded bronze/MSFT/1772079017.json -> D:\ADF_folder\real-time-stocks-mds\data\s3_downloads/MSFT_1772079017.json
[2026-03-01T05:53:31.115+0000] {logging_mixin.py:188} INFO - Downloaded bronze/MSFT/1772079050.json -> D:\ADF_folder\real-time-stocks-mds\data\s3_downloads/MSFT_1772079050.json
[2026-03-01T05:53:31.506+0000] {logging_mixin.py:188} INFO - Downloaded bronze/MSFT/1772079084.json -> D:\ADF_folder\real-time-stocks-mds\data\s3_downloads/MSFT_1772079084.json
[2026-03-01T05:53:31.890+0000] {logging_mixin.py:188} INFO - Downloaded bronze/MSFT/1772079117.json -> D:\ADF_folder\real-time-stocks-mds\data\s3_downloads/MSFT_1772079117.json
[2026-03-01T05:53:32.277+0000] {logging_mixin.py:188} INFO - Downloaded bronze/MSFT/1772079150.json -> D:\ADF_folder\real-time-stocks-mds\data\s3_downloads/MSFT_1772079150.json
[2026-03-01T05:53:32.659+0000] {logging_mixin.py:188} INFO - Downloaded bronze/MSFT/1772079183.json -> D:\ADF_folder\real-time-stocks-mds\data\s3_downloads/MSFT_1772079183.json
[2026-03-01T05:53:33.046+0000] {logging_mixin.py:188} INFO - Downloaded bronze/MSFT/1772079216.json -> D:\ADF_folder\real-time-stocks-mds\data\s3_downloads/MSFT_1772079216.json
[2026-03-01T05:53:33.441+0000] {logging_mixin.py:188} INFO - Downloaded bronze/MSFT/1772079249.json -> D:\ADF_folder\real-time-stocks-mds\data\s3_downloads/MSFT_1772079249.json
[2026-03-01T05:53:33.836+0000] {logging_mixin.py:188} INFO - Downloaded bronze/MSFT/1772079282.json -> D:\ADF_folder\real-time-stocks-mds\data\s3_downloads/MSFT_1772079282.json
[2026-03-01T05:53:33.838+0000] {logging_mixin.py:188} INFO - 
Processing prefix: bronze/TSLA/
[2026-03-01T05:53:34.678+0000] {logging_mixin.py:188} INFO - Downloaded bronze/TSLA/1771463599.json -> D:\ADF_folder\real-time-stocks-mds\data\s3_downloads/TSLA_1771463599.json
[2026-03-01T05:53:35.062+0000] {logging_mixin.py:188} INFO - Downloaded bronze/TSLA/1771463632.json -> D:\ADF_folder\real-time-stocks-mds\data\s3_downloads/TSLA_1771463632.json
[2026-03-01T05:53:35.450+0000] {logging_mixin.py:188} INFO - Downloaded bronze/TSLA/1771463665.json -> D:\ADF_folder\real-time-stocks-mds\data\s3_downloads/TSLA_1771463665.json
[2026-03-01T05:53:35.836+0000] {logging_mixin.py:188} INFO - Downloaded bronze/TSLA/1771463698.json -> D:\ADF_folder\real-time-stocks-mds\data\s3_downloads/TSLA_1771463698.json
[2026-03-01T05:53:36.222+0000] {logging_mixin.py:188} INFO - Downloaded bronze/TSLA/1771463731.json -> D:\ADF_folder\real-time-stocks-mds\data\s3_downloads/TSLA_1771463731.json
[2026-03-01T05:53:36.612+0000] {logging_mixin.py:188} INFO - Downloaded bronze/TSLA/1771463764.json -> D:\ADF_folder\real-time-stocks-mds\data\s3_downloads/TSLA_1771463764.json
[2026-03-01T05:53:36.996+0000] {logging_mixin.py:188} INFO - Downloaded bronze/TSLA/1771463797.json -> D:\ADF_folder\real-time-stocks-mds\data\s3_downloads/TSLA_1771463797.json
[2026-03-01T05:53:37.382+0000] {logging_mixin.py:188} INFO - Downloaded bronze/TSLA/1771463830.json -> D:\ADF_folder\real-time-stocks-mds\data\s3_downloads/TSLA_1771463830.json
[2026-03-01T05:53:37.770+0000] {logging_mixin.py:188} INFO - Downloaded bronze/TSLA/1771463862.json -> D:\ADF_folder\real-time-stocks-mds\data\s3_downloads/TSLA_1771463862.json
[2026-03-01T05:53:38.155+0000] {logging_mixin.py:188} INFO - Downloaded bronze/TSLA/1771463895.json -> D:\ADF_folder\real-time-stocks-mds\data\s3_downloads/TSLA_1771463895.json
[2026-03-01T05:53:38.545+0000] {logging_mixin.py:188} INFO - Downloaded bronze/TSLA/1771463929.json -> D:\ADF_folder\real-time-stocks-mds\data\s3_downloads/TSLA_1771463929.json
[2026-03-01T05:53:38.937+0000] {logging_mixin.py:188} INFO - Downloaded bronze/TSLA/1771463962.json -> D:\ADF_folder\real-time-stocks-mds\data\s3_downloads/TSLA_1771463962.json
[2026-03-01T05:53:39.322+0000] {logging_mixin.py:188} INFO - Downloaded bronze/TSLA/1771463995.json -> D:\ADF_folder\real-time-stocks-mds\data\s3_downloads/TSLA_1771463995.json
[2026-03-01T05:53:39.709+0000] {logging_mixin.py:188} INFO - Downloaded bronze/TSLA/1771464029.json -> D:\ADF_folder\real-time-stocks-mds\data\s3_downloads/TSLA_1771464029.json
[2026-03-01T05:53:40.094+0000] {logging_mixin.py:188} INFO - Downloaded bronze/TSLA/1771464062.json -> D:\ADF_folder\real-time-stocks-mds\data\s3_downloads/TSLA_1771464062.json
[2026-03-01T05:53:40.483+0000] {logging_mixin.py:188} INFO - Downloaded bronze/TSLA/1771464095.json -> D:\ADF_folder\real-time-stocks-mds\data\s3_downloads/TSLA_1771464095.json
[2026-03-01T05:53:40.867+0000] {logging_mixin.py:188} INFO - Downloaded bronze/TSLA/1771464128.json -> D:\ADF_folder\real-time-stocks-mds\data\s3_downloads/TSLA_1771464128.json
[2026-03-01T05:53:41.253+0000] {logging_mixin.py:188} INFO - Downloaded bronze/TSLA/1771464161.json -> D:\ADF_folder\real-time-stocks-mds\data\s3_downloads/TSLA_1771464161.json
[2026-03-01T05:53:41.635+0000] {logging_mixin.py:188} INFO - Downloaded bronze/TSLA/1771464194.json -> D:\ADF_folder\real-time-stocks-mds\data\s3_downloads/TSLA_1771464194.json
[2026-03-01T05:53:42.020+0000] {logging_mixin.py:188} INFO - Downloaded bronze/TSLA/1771464227.json -> D:\ADF_folder\real-time-stocks-mds\data\s3_downloads/TSLA_1771464227.json
[2026-03-01T05:53:42.405+0000] {logging_mixin.py:188} INFO - Downloaded bronze/TSLA/1771464260.json -> D:\ADF_folder\real-time-stocks-mds\data\s3_downloads/TSLA_1771464260.json
[2026-03-01T05:53:42.793+0000] {logging_mixin.py:188} INFO - Downloaded bronze/TSLA/1771464293.json -> D:\ADF_folder\real-time-stocks-mds\data\s3_downloads/TSLA_1771464293.json
[2026-03-01T05:53:43.176+0000] {logging_mixin.py:188} INFO - Downloaded bronze/TSLA/1771464326.json -> D:\ADF_folder\real-time-stocks-mds\data\s3_downloads/TSLA_1771464326.json
[2026-03-01T05:53:43.556+0000] {logging_mixin.py:188} INFO - Downloaded bronze/TSLA/1771465259.json -> D:\ADF_folder\real-time-stocks-mds\data\s3_downloads/TSLA_1771465259.json
[2026-03-01T05:53:43.950+0000] {logging_mixin.py:188} INFO - Downloaded bronze/TSLA/1771465292.json -> D:\ADF_folder\real-time-stocks-mds\data\s3_downloads/TSLA_1771465292.json
[2026-03-01T05:53:44.349+0000] {logging_mixin.py:188} INFO - Downloaded bronze/TSLA/1771465325.json -> D:\ADF_folder\real-time-stocks-mds\data\s3_downloads/TSLA_1771465325.json
[2026-03-01T05:53:44.733+0000] {logging_mixin.py:188} INFO - Downloaded bronze/TSLA/1771465358.json -> D:\ADF_folder\real-time-stocks-mds\data\s3_downloads/TSLA_1771465358.json
[2026-03-01T05:53:45.122+0000] {logging_mixin.py:188} INFO - Downloaded bronze/TSLA/1771465391.json -> D:\ADF_folder\real-time-stocks-mds\data\s3_downloads/TSLA_1771465391.json
[2026-03-01T05:53:45.505+0000] {logging_mixin.py:188} INFO - Downloaded bronze/TSLA/1771465424.json -> D:\ADF_folder\real-time-stocks-mds\data\s3_downloads/TSLA_1771465424.json
[2026-03-01T05:53:45.893+0000] {logging_mixin.py:188} INFO - Downloaded bronze/TSLA/1771465457.json -> D:\ADF_folder\real-time-stocks-mds\data\s3_downloads/TSLA_1771465457.json
[2026-03-01T05:53:46.293+0000] {logging_mixin.py:188} INFO - Downloaded bronze/TSLA/1771465490.json -> D:\ADF_folder\real-time-stocks-mds\data\s3_downloads/TSLA_1771465490.json
[2026-03-01T05:53:46.682+0000] {logging_mixin.py:188} INFO - Downloaded bronze/TSLA/1771465523.json -> D:\ADF_folder\real-time-stocks-mds\data\s3_downloads/TSLA_1771465523.json
[2026-03-01T05:53:47.079+0000] {logging_mixin.py:188} INFO - Downloaded bronze/TSLA/1771465556.json -> D:\ADF_folder\real-time-stocks-mds\data\s3_downloads/TSLA_1771465556.json
[2026-03-01T05:53:47.475+0000] {logging_mixin.py:188} INFO - Downloaded bronze/TSLA/1772074570.json -> D:\ADF_folder\real-time-stocks-mds\data\s3_downloads/TSLA_1772074570.json
[2026-03-01T05:53:47.858+0000] {logging_mixin.py:188} INFO - Downloaded bronze/TSLA/1772074603.json -> D:\ADF_folder\real-time-stocks-mds\data\s3_downloads/TSLA_1772074603.json
[2026-03-01T05:53:48.243+0000] {logging_mixin.py:188} INFO - Downloaded bronze/TSLA/1772074635.json -> D:\ADF_folder\real-time-stocks-mds\data\s3_downloads/TSLA_1772074635.json
[2026-03-01T05:53:48.627+0000] {logging_mixin.py:188} INFO - Downloaded bronze/TSLA/1772074669.json -> D:\ADF_folder\real-time-stocks-mds\data\s3_downloads/TSLA_1772074669.json
[2026-03-01T05:53:49.014+0000] {logging_mixin.py:188} INFO - Downloaded bronze/TSLA/1772074702.json -> D:\ADF_folder\real-time-stocks-mds\data\s3_downloads/TSLA_1772074702.json
[2026-03-01T05:53:49.922+0000] {logging_mixin.py:188} INFO - Downloaded bronze/TSLA/1772074735.json -> D:\ADF_folder\real-time-stocks-mds\data\s3_downloads/TSLA_1772074735.json
[2026-03-01T05:53:50.324+0000] {logging_mixin.py:188} INFO - Downloaded bronze/TSLA/1772074768.json -> D:\ADF_folder\real-time-stocks-mds\data\s3_downloads/TSLA_1772074768.json
[2026-03-01T05:53:50.709+0000] {logging_mixin.py:188} INFO - Downloaded bronze/TSLA/1772074801.json -> D:\ADF_folder\real-time-stocks-mds\data\s3_downloads/TSLA_1772074801.json
[2026-03-01T05:53:51.095+0000] {logging_mixin.py:188} INFO - Downloaded bronze/TSLA/1772074835.json -> D:\ADF_folder\real-time-stocks-mds\data\s3_downloads/TSLA_1772074835.json
[2026-03-01T05:53:51.485+0000] {logging_mixin.py:188} INFO - Downloaded bronze/TSLA/1772074868.json -> D:\ADF_folder\real-time-stocks-mds\data\s3_downloads/TSLA_1772074868.json
[2026-03-01T05:53:51.875+0000] {logging_mixin.py:188} INFO - Downloaded bronze/TSLA/1772074901.json -> D:\ADF_folder\real-time-stocks-mds\data\s3_downloads/TSLA_1772074901.json
[2026-03-01T05:53:52.267+0000] {logging_mixin.py:188} INFO - Downloaded bronze/TSLA/1772074934.json -> D:\ADF_folder\real-time-stocks-mds\data\s3_downloads/TSLA_1772074934.json
[2026-03-01T05:53:52.657+0000] {logging_mixin.py:188} INFO - Downloaded bronze/TSLA/1772074967.json -> D:\ADF_folder\real-time-stocks-mds\data\s3_downloads/TSLA_1772074967.json
[2026-03-01T05:53:53.046+0000] {logging_mixin.py:188} INFO - Downloaded bronze/TSLA/1772075000.json -> D:\ADF_folder\real-time-stocks-mds\data\s3_downloads/TSLA_1772075000.json
[2026-03-01T05:53:53.436+0000] {logging_mixin.py:188} INFO - Downloaded bronze/TSLA/1772075033.json -> D:\ADF_folder\real-time-stocks-mds\data\s3_downloads/TSLA_1772075033.json
[2026-03-01T05:53:53.822+0000] {logging_mixin.py:188} INFO - Downloaded bronze/TSLA/1772075066.json -> D:\ADF_folder\real-time-stocks-mds\data\s3_downloads/TSLA_1772075066.json
[2026-03-01T05:53:54.211+0000] {logging_mixin.py:188} INFO - Downloaded bronze/TSLA/1772075099.json -> D:\ADF_folder\real-time-stocks-mds\data\s3_downloads/TSLA_1772075099.json
[2026-03-01T05:53:54.604+0000] {logging_mixin.py:188} INFO - Downloaded bronze/TSLA/1772075132.json -> D:\ADF_folder\real-time-stocks-mds\data\s3_downloads/TSLA_1772075132.json
[2026-03-01T05:53:54.995+0000] {logging_mixin.py:188} INFO - Downloaded bronze/TSLA/1772075165.json -> D:\ADF_folder\real-time-stocks-mds\data\s3_downloads/TSLA_1772075165.json
[2026-03-01T05:53:55.390+0000] {logging_mixin.py:188} INFO - Downloaded bronze/TSLA/1772075198.json -> D:\ADF_folder\real-time-stocks-mds\data\s3_downloads/TSLA_1772075198.json
[2026-03-01T05:53:55.777+0000] {logging_mixin.py:188} INFO - Downloaded bronze/TSLA/1772075231.json -> D:\ADF_folder\real-time-stocks-mds\data\s3_downloads/TSLA_1772075231.json
[2026-03-01T05:53:56.167+0000] {logging_mixin.py:188} INFO - Downloaded bronze/TSLA/1772075297.json -> D:\ADF_folder\real-time-stocks-mds\data\s3_downloads/TSLA_1772075297.json
[2026-03-01T05:53:56.555+0000] {logging_mixin.py:188} INFO - Downloaded bronze/TSLA/1772075330.json -> D:\ADF_folder\real-time-stocks-mds\data\s3_downloads/TSLA_1772075330.json
[2026-03-01T05:53:56.936+0000] {logging_mixin.py:188} INFO - Downloaded bronze/TSLA/1772075362.json -> D:\ADF_folder\real-time-stocks-mds\data\s3_downloads/TSLA_1772075362.json
[2026-03-01T05:53:57.322+0000] {logging_mixin.py:188} INFO - Downloaded bronze/TSLA/1772075395.json -> D:\ADF_folder\real-time-stocks-mds\data\s3_downloads/TSLA_1772075395.json
[2026-03-01T05:53:57.709+0000] {logging_mixin.py:188} INFO - Downloaded bronze/TSLA/1772075428.json -> D:\ADF_folder\real-time-stocks-mds\data\s3_downloads/TSLA_1772075428.json
[2026-03-01T05:53:58.099+0000] {logging_mixin.py:188} INFO - Downloaded bronze/TSLA/1772075461.json -> D:\ADF_folder\real-time-stocks-mds\data\s3_downloads/TSLA_1772075461.json
[2026-03-01T05:53:57.863+0000] {logging_mixin.py:188} INFO - Downloaded bronze/TSLA/1772075494.json -> D:\ADF_folder\real-time-stocks-mds\data\s3_downloads/TSLA_1772075494.json
[2026-03-01T05:53:57.417+0000] {logging_mixin.py:188} INFO - Downloaded bronze/TSLA/1772075527.json -> D:\ADF_folder\real-time-stocks-mds\data\s3_downloads/TSLA_1772075527.json
[2026-03-01T05:53:57.808+0000] {logging_mixin.py:188} INFO - Downloaded bronze/TSLA/1772075560.json -> D:\ADF_folder\real-time-stocks-mds\data\s3_downloads/TSLA_1772075560.json
[2026-03-01T05:53:58.201+0000] {logging_mixin.py:188} INFO - Downloaded bronze/TSLA/1772075594.json -> D:\ADF_folder\real-time-stocks-mds\data\s3_downloads/TSLA_1772075594.json
[2026-03-01T05:53:58.587+0000] {logging_mixin.py:188} INFO - Downloaded bronze/TSLA/1772075627.json -> D:\ADF_folder\real-time-stocks-mds\data\s3_downloads/TSLA_1772075627.json
[2026-03-01T05:53:58.971+0000] {logging_mixin.py:188} INFO - Downloaded bronze/TSLA/1772075660.json -> D:\ADF_folder\real-time-stocks-mds\data\s3_downloads/TSLA_1772075660.json
[2026-03-01T05:53:59.402+0000] {logging_mixin.py:188} INFO - Downloaded bronze/TSLA/1772075693.json -> D:\ADF_folder\real-time-stocks-mds\data\s3_downloads/TSLA_1772075693.json
[2026-03-01T05:53:59.792+0000] {logging_mixin.py:188} INFO - Downloaded bronze/TSLA/1772075726.json -> D:\ADF_folder\real-time-stocks-mds\data\s3_downloads/TSLA_1772075726.json
[2026-03-01T05:54:00.188+0000] {logging_mixin.py:188} INFO - Downloaded bronze/TSLA/1772075759.json -> D:\ADF_folder\real-time-stocks-mds\data\s3_downloads/TSLA_1772075759.json
[2026-03-01T05:54:00.576+0000] {logging_mixin.py:188} INFO - Downloaded bronze/TSLA/1772075792.json -> D:\ADF_folder\real-time-stocks-mds\data\s3_downloads/TSLA_1772075792.json
[2026-03-01T05:54:00.966+0000] {logging_mixin.py:188} INFO - Downloaded bronze/TSLA/1772075824.json -> D:\ADF_folder\real-time-stocks-mds\data\s3_downloads/TSLA_1772075824.json
[2026-03-01T05:54:01.362+0000] {logging_mixin.py:188} INFO - Downloaded bronze/TSLA/1772075857.json -> D:\ADF_folder\real-time-stocks-mds\data\s3_downloads/TSLA_1772075857.json
[2026-03-01T05:54:01.749+0000] {logging_mixin.py:188} INFO - Downloaded bronze/TSLA/1772075890.json -> D:\ADF_folder\real-time-stocks-mds\data\s3_downloads/TSLA_1772075890.json
[2026-03-01T05:54:02.134+0000] {logging_mixin.py:188} INFO - Downloaded bronze/TSLA/1772075923.json -> D:\ADF_folder\real-time-stocks-mds\data\s3_downloads/TSLA_1772075923.json
[2026-03-01T05:54:02.525+0000] {logging_mixin.py:188} INFO - Downloaded bronze/TSLA/1772075956.json -> D:\ADF_folder\real-time-stocks-mds\data\s3_downloads/TSLA_1772075956.json
[2026-03-01T05:54:02.915+0000] {logging_mixin.py:188} INFO - Downloaded bronze/TSLA/1772075989.json -> D:\ADF_folder\real-time-stocks-mds\data\s3_downloads/TSLA_1772075989.json
[2026-03-01T05:54:03.302+0000] {logging_mixin.py:188} INFO - Downloaded bronze/TSLA/1772076021.json -> D:\ADF_folder\real-time-stocks-mds\data\s3_downloads/TSLA_1772076021.json
[2026-03-01T05:54:03.683+0000] {logging_mixin.py:188} INFO - Downloaded bronze/TSLA/1772076055.json -> D:\ADF_folder\real-time-stocks-mds\data\s3_downloads/TSLA_1772076055.json
[2026-03-01T05:54:04.070+0000] {logging_mixin.py:188} INFO - Downloaded bronze/TSLA/1772076088.json -> D:\ADF_folder\real-time-stocks-mds\data\s3_downloads/TSLA_1772076088.json
[2026-03-01T05:54:04.464+0000] {logging_mixin.py:188} INFO - Downloaded bronze/TSLA/1772076121.json -> D:\ADF_folder\real-time-stocks-mds\data\s3_downloads/TSLA_1772076121.json
[2026-03-01T05:54:04.859+0000] {logging_mixin.py:188} INFO - Downloaded bronze/TSLA/1772076154.json -> D:\ADF_folder\real-time-stocks-mds\data\s3_downloads/TSLA_1772076154.json
[2026-03-01T05:54:05.252+0000] {logging_mixin.py:188} INFO - Downloaded bronze/TSLA/1772076187.json -> D:\ADF_folder\real-time-stocks-mds\data\s3_downloads/TSLA_1772076187.json
[2026-03-01T05:54:05.643+0000] {logging_mixin.py:188} INFO - Downloaded bronze/TSLA/1772076220.json -> D:\ADF_folder\real-time-stocks-mds\data\s3_downloads/TSLA_1772076220.json
[2026-03-01T05:54:06.031+0000] {logging_mixin.py:188} INFO - Downloaded bronze/TSLA/1772076253.json -> D:\ADF_folder\real-time-stocks-mds\data\s3_downloads/TSLA_1772076253.json
[2026-03-01T05:54:06.423+0000] {logging_mixin.py:188} INFO - Downloaded bronze/TSLA/1772076285.json -> D:\ADF_folder\real-time-stocks-mds\data\s3_downloads/TSLA_1772076285.json
[2026-03-01T05:54:06.807+0000] {logging_mixin.py:188} INFO - Downloaded bronze/TSLA/1772076318.json -> D:\ADF_folder\real-time-stocks-mds\data\s3_downloads/TSLA_1772076318.json
[2026-03-01T05:54:07.213+0000] {logging_mixin.py:188} INFO - Downloaded bronze/TSLA/1772076351.json -> D:\ADF_folder\real-time-stocks-mds\data\s3_downloads/TSLA_1772076351.json
[2026-03-01T05:54:07.621+0000] {logging_mixin.py:188} INFO - Downloaded bronze/TSLA/1772076384.json -> D:\ADF_folder\real-time-stocks-mds\data\s3_downloads/TSLA_1772076384.json
[2026-03-01T05:54:08.466+0000] {logging_mixin.py:188} INFO - Downloaded bronze/TSLA/1772076417.json -> D:\ADF_folder\real-time-stocks-mds\data\s3_downloads/TSLA_1772076417.json
[2026-03-01T05:54:08.863+0000] {logging_mixin.py:188} INFO - Downloaded bronze/TSLA/1772076451.json -> D:\ADF_folder\real-time-stocks-mds\data\s3_downloads/TSLA_1772076451.json
[2026-03-01T05:54:09.255+0000] {logging_mixin.py:188} INFO - Downloaded bronze/TSLA/1772076484.json -> D:\ADF_folder\real-time-stocks-mds\data\s3_downloads/TSLA_1772076484.json
[2026-03-01T05:54:09.643+0000] {logging_mixin.py:188} INFO - Downloaded bronze/TSLA/1772076516.json -> D:\ADF_folder\real-time-stocks-mds\data\s3_downloads/TSLA_1772076516.json
[2026-03-01T05:54:10.026+0000] {logging_mixin.py:188} INFO - Downloaded bronze/TSLA/1772076549.json -> D:\ADF_folder\real-time-stocks-mds\data\s3_downloads/TSLA_1772076549.json
[2026-03-01T05:54:10.410+0000] {logging_mixin.py:188} INFO - Downloaded bronze/TSLA/1772076582.json -> D:\ADF_folder\real-time-stocks-mds\data\s3_downloads/TSLA_1772076582.json
[2026-03-01T05:54:10.806+0000] {logging_mixin.py:188} INFO - Downloaded bronze/TSLA/1772076615.json -> D:\ADF_folder\real-time-stocks-mds\data\s3_downloads/TSLA_1772076615.json
[2026-03-01T05:54:11.196+0000] {logging_mixin.py:188} INFO - Downloaded bronze/TSLA/1772076648.json -> D:\ADF_folder\real-time-stocks-mds\data\s3_downloads/TSLA_1772076648.json
[2026-03-01T05:54:11.579+0000] {logging_mixin.py:188} INFO - Downloaded bronze/TSLA/1772076681.json -> D:\ADF_folder\real-time-stocks-mds\data\s3_downloads/TSLA_1772076681.json
[2026-03-01T05:54:11.967+0000] {logging_mixin.py:188} INFO - Downloaded bronze/TSLA/1772076714.json -> D:\ADF_folder\real-time-stocks-mds\data\s3_downloads/TSLA_1772076714.json
[2026-03-01T05:54:12.351+0000] {logging_mixin.py:188} INFO - Downloaded bronze/TSLA/1772076747.json -> D:\ADF_folder\real-time-stocks-mds\data\s3_downloads/TSLA_1772076747.json
[2026-03-01T05:54:12.739+0000] {logging_mixin.py:188} INFO - Downloaded bronze/TSLA/1772076780.json -> D:\ADF_folder\real-time-stocks-mds\data\s3_downloads/TSLA_1772076780.json
[2026-03-01T05:54:13.124+0000] {logging_mixin.py:188} INFO - Downloaded bronze/TSLA/1772076813.json -> D:\ADF_folder\real-time-stocks-mds\data\s3_downloads/TSLA_1772076813.json
[2026-03-01T05:54:13.531+0000] {logging_mixin.py:188} INFO - Downloaded bronze/TSLA/1772076846.json -> D:\ADF_folder\real-time-stocks-mds\data\s3_downloads/TSLA_1772076846.json
[2026-03-01T05:54:13.920+0000] {logging_mixin.py:188} INFO - Downloaded bronze/TSLA/1772076879.json -> D:\ADF_folder\real-time-stocks-mds\data\s3_downloads/TSLA_1772076879.json
[2026-03-01T05:54:14.306+0000] {logging_mixin.py:188} INFO - Downloaded bronze/TSLA/1772076912.json -> D:\ADF_folder\real-time-stocks-mds\data\s3_downloads/TSLA_1772076912.json
[2026-03-01T05:54:14.694+0000] {logging_mixin.py:188} INFO - Downloaded bronze/TSLA/1772076945.json -> D:\ADF_folder\real-time-stocks-mds\data\s3_downloads/TSLA_1772076945.json
[2026-03-01T05:54:15.089+0000] {logging_mixin.py:188} INFO - Downloaded bronze/TSLA/1772076978.json -> D:\ADF_folder\real-time-stocks-mds\data\s3_downloads/TSLA_1772076978.json
[2026-03-01T05:54:15.471+0000] {logging_mixin.py:188} INFO - Downloaded bronze/TSLA/1772077011.json -> D:\ADF_folder\real-time-stocks-mds\data\s3_downloads/TSLA_1772077011.json
[2026-03-01T05:54:15.861+0000] {logging_mixin.py:188} INFO - Downloaded bronze/TSLA/1772077044.json -> D:\ADF_folder\real-time-stocks-mds\data\s3_downloads/TSLA_1772077044.json
[2026-03-01T05:54:16.246+0000] {logging_mixin.py:188} INFO - Downloaded bronze/TSLA/1772077077.json -> D:\ADF_folder\real-time-stocks-mds\data\s3_downloads/TSLA_1772077077.json
[2026-03-01T05:54:16.636+0000] {logging_mixin.py:188} INFO - Downloaded bronze/TSLA/1772077110.json -> D:\ADF_folder\real-time-stocks-mds\data\s3_downloads/TSLA_1772077110.json
[2026-03-01T05:54:17.022+0000] {logging_mixin.py:188} INFO - Downloaded bronze/TSLA/1772077143.json -> D:\ADF_folder\real-time-stocks-mds\data\s3_downloads/TSLA_1772077143.json
[2026-03-01T05:54:17.410+0000] {logging_mixin.py:188} INFO - Downloaded bronze/TSLA/1772077176.json -> D:\ADF_folder\real-time-stocks-mds\data\s3_downloads/TSLA_1772077176.json
[2026-03-01T05:54:17.790+0000] {logging_mixin.py:188} INFO - Downloaded bronze/TSLA/1772077210.json -> D:\ADF_folder\real-time-stocks-mds\data\s3_downloads/TSLA_1772077210.json
[2026-03-01T05:54:18.170+0000] {logging_mixin.py:188} INFO - Downloaded bronze/TSLA/1772077242.json -> D:\ADF_folder\real-time-stocks-mds\data\s3_downloads/TSLA_1772077242.json
[2026-03-01T05:54:18.553+0000] {logging_mixin.py:188} INFO - Downloaded bronze/TSLA/1772077275.json -> D:\ADF_folder\real-time-stocks-mds\data\s3_downloads/TSLA_1772077275.json
[2026-03-01T05:54:18.938+0000] {logging_mixin.py:188} INFO - Downloaded bronze/TSLA/1772077309.json -> D:\ADF_folder\real-time-stocks-mds\data\s3_downloads/TSLA_1772077309.json
[2026-03-01T05:54:19.327+0000] {logging_mixin.py:188} INFO - Downloaded bronze/TSLA/1772077341.json -> D:\ADF_folder\real-time-stocks-mds\data\s3_downloads/TSLA_1772077341.json
[2026-03-01T05:54:19.726+0000] {logging_mixin.py:188} INFO - Downloaded bronze/TSLA/1772077375.json -> D:\ADF_folder\real-time-stocks-mds\data\s3_downloads/TSLA_1772077375.json
[2026-03-01T05:54:20.113+0000] {logging_mixin.py:188} INFO - Downloaded bronze/TSLA/1772077408.json -> D:\ADF_folder\real-time-stocks-mds\data\s3_downloads/TSLA_1772077408.json
[2026-03-01T05:54:20.493+0000] {logging_mixin.py:188} INFO - Downloaded bronze/TSLA/1772077441.json -> D:\ADF_folder\real-time-stocks-mds\data\s3_downloads/TSLA_1772077441.json
[2026-03-01T05:54:20.883+0000] {logging_mixin.py:188} INFO - Downloaded bronze/TSLA/1772077474.json -> D:\ADF_folder\real-time-stocks-mds\data\s3_downloads/TSLA_1772077474.json
[2026-03-01T05:54:21.266+0000] {logging_mixin.py:188} INFO - Downloaded bronze/TSLA/1772077507.json -> D:\ADF_folder\real-time-stocks-mds\data\s3_downloads/TSLA_1772077507.json
[2026-03-01T05:54:21.659+0000] {logging_mixin.py:188} INFO - Downloaded bronze/TSLA/1772077539.json -> D:\ADF_folder\real-time-stocks-mds\data\s3_downloads/TSLA_1772077539.json
[2026-03-01T05:54:22.043+0000] {logging_mixin.py:188} INFO - Downloaded bronze/TSLA/1772077572.json -> D:\ADF_folder\real-time-stocks-mds\data\s3_downloads/TSLA_1772077572.json
[2026-03-01T05:54:22.433+0000] {logging_mixin.py:188} INFO - Downloaded bronze/TSLA/1772077605.json -> D:\ADF_folder\real-time-stocks-mds\data\s3_downloads/TSLA_1772077605.json
[2026-03-01T05:54:22.823+0000] {logging_mixin.py:188} INFO - Downloaded bronze/TSLA/1772077638.json -> D:\ADF_folder\real-time-stocks-mds\data\s3_downloads/TSLA_1772077638.json
[2026-03-01T05:54:23.204+0000] {logging_mixin.py:188} INFO - Downloaded bronze/TSLA/1772077671.json -> D:\ADF_folder\real-time-stocks-mds\data\s3_downloads/TSLA_1772077671.json
[2026-03-01T05:54:23.585+0000] {logging_mixin.py:188} INFO - Downloaded bronze/TSLA/1772077704.json -> D:\ADF_folder\real-time-stocks-mds\data\s3_downloads/TSLA_1772077704.json
[2026-03-01T05:54:23.978+0000] {logging_mixin.py:188} INFO - Downloaded bronze/TSLA/1772077737.json -> D:\ADF_folder\real-time-stocks-mds\data\s3_downloads/TSLA_1772077737.json
[2026-03-01T05:54:24.373+0000] {logging_mixin.py:188} INFO - Downloaded bronze/TSLA/1772077770.json -> D:\ADF_folder\real-time-stocks-mds\data\s3_downloads/TSLA_1772077770.json
[2026-03-01T05:54:24.762+0000] {logging_mixin.py:188} INFO - Downloaded bronze/TSLA/1772077803.json -> D:\ADF_folder\real-time-stocks-mds\data\s3_downloads/TSLA_1772077803.json
[2026-03-01T05:54:25.149+0000] {logging_mixin.py:188} INFO - Downloaded bronze/TSLA/1772077836.json -> D:\ADF_folder\real-time-stocks-mds\data\s3_downloads/TSLA_1772077836.json
[2026-03-01T05:54:25.530+0000] {logging_mixin.py:188} INFO - Downloaded bronze/TSLA/1772077869.json -> D:\ADF_folder\real-time-stocks-mds\data\s3_downloads/TSLA_1772077869.json
[2026-03-01T05:54:25.911+0000] {logging_mixin.py:188} INFO - Downloaded bronze/TSLA/1772077901.json -> D:\ADF_folder\real-time-stocks-mds\data\s3_downloads/TSLA_1772077901.json
[2026-03-01T05:54:26.302+0000] {logging_mixin.py:188} INFO - Downloaded bronze/TSLA/1772077934.json -> D:\ADF_folder\real-time-stocks-mds\data\s3_downloads/TSLA_1772077934.json
[2026-03-01T05:54:26.688+0000] {logging_mixin.py:188} INFO - Downloaded bronze/TSLA/1772077967.json -> D:\ADF_folder\real-time-stocks-mds\data\s3_downloads/TSLA_1772077967.json
[2026-03-01T05:54:26.458+0000] {logging_mixin.py:188} INFO - Downloaded bronze/TSLA/1772078000.json -> D:\ADF_folder\real-time-stocks-mds\data\s3_downloads/TSLA_1772078000.json
[2026-03-01T05:54:26.030+0000] {logging_mixin.py:188} INFO - Downloaded bronze/TSLA/1772078033.json -> D:\ADF_folder\real-time-stocks-mds\data\s3_downloads/TSLA_1772078033.json
[2026-03-01T05:54:26.977+0000] {logging_mixin.py:188} INFO - Downloaded bronze/TSLA/1772078065.json -> D:\ADF_folder\real-time-stocks-mds\data\s3_downloads/TSLA_1772078065.json
[2026-03-01T05:54:27.377+0000] {logging_mixin.py:188} INFO - Downloaded bronze/TSLA/1772078098.json -> D:\ADF_folder\real-time-stocks-mds\data\s3_downloads/TSLA_1772078098.json
[2026-03-01T05:54:27.774+0000] {logging_mixin.py:188} INFO - Downloaded bronze/TSLA/1772078132.json -> D:\ADF_folder\real-time-stocks-mds\data\s3_downloads/TSLA_1772078132.json
[2026-03-01T05:54:28.169+0000] {logging_mixin.py:188} INFO - Downloaded bronze/TSLA/1772078165.json -> D:\ADF_folder\real-time-stocks-mds\data\s3_downloads/TSLA_1772078165.json
[2026-03-01T05:54:28.569+0000] {logging_mixin.py:188} INFO - Downloaded bronze/TSLA/1772078198.json -> D:\ADF_folder\real-time-stocks-mds\data\s3_downloads/TSLA_1772078198.json
[2026-03-01T05:54:28.960+0000] {logging_mixin.py:188} INFO - Downloaded bronze/TSLA/1772078230.json -> D:\ADF_folder\real-time-stocks-mds\data\s3_downloads/TSLA_1772078230.json
[2026-03-01T05:54:29.353+0000] {logging_mixin.py:188} INFO - Downloaded bronze/TSLA/1772078264.json -> D:\ADF_folder\real-time-stocks-mds\data\s3_downloads/TSLA_1772078264.json
[2026-03-01T05:54:29.746+0000] {logging_mixin.py:188} INFO - Downloaded bronze/TSLA/1772078297.json -> D:\ADF_folder\real-time-stocks-mds\data\s3_downloads/TSLA_1772078297.json
[2026-03-01T05:54:30.134+0000] {logging_mixin.py:188} INFO - Downloaded bronze/TSLA/1772078329.json -> D:\ADF_folder\real-time-stocks-mds\data\s3_downloads/TSLA_1772078329.json
[2026-03-01T05:54:30.520+0000] {logging_mixin.py:188} INFO - Downloaded bronze/TSLA/1772078362.json -> D:\ADF_folder\real-time-stocks-mds\data\s3_downloads/TSLA_1772078362.json
[2026-03-01T05:54:30.910+0000] {logging_mixin.py:188} INFO - Downloaded bronze/TSLA/1772078395.json -> D:\ADF_folder\real-time-stocks-mds\data\s3_downloads/TSLA_1772078395.json
[2026-03-01T05:54:31.298+0000] {logging_mixin.py:188} INFO - Downloaded bronze/TSLA/1772078429.json -> D:\ADF_folder\real-time-stocks-mds\data\s3_downloads/TSLA_1772078429.json
[2026-03-01T05:54:31.694+0000] {logging_mixin.py:188} INFO - Downloaded bronze/TSLA/1772078462.json -> D:\ADF_folder\real-time-stocks-mds\data\s3_downloads/TSLA_1772078462.json
[2026-03-01T05:54:32.080+0000] {logging_mixin.py:188} INFO - Downloaded bronze/TSLA/1772078496.json -> D:\ADF_folder\real-time-stocks-mds\data\s3_downloads/TSLA_1772078496.json
[2026-03-01T05:54:32.465+0000] {logging_mixin.py:188} INFO - Downloaded bronze/TSLA/1772078529.json -> D:\ADF_folder\real-time-stocks-mds\data\s3_downloads/TSLA_1772078529.json
[2026-03-01T05:54:32.854+0000] {logging_mixin.py:188} INFO - Downloaded bronze/TSLA/1772078562.json -> D:\ADF_folder\real-time-stocks-mds\data\s3_downloads/TSLA_1772078562.json
[2026-03-01T05:54:33.241+0000] {logging_mixin.py:188} INFO - Downloaded bronze/TSLA/1772078595.json -> D:\ADF_folder\real-time-stocks-mds\data\s3_downloads/TSLA_1772078595.json
[2026-03-01T05:54:33.632+0000] {logging_mixin.py:188} INFO - Downloaded bronze/TSLA/1772078628.json -> D:\ADF_folder\real-time-stocks-mds\data\s3_downloads/TSLA_1772078628.json
[2026-03-01T05:54:34.024+0000] {logging_mixin.py:188} INFO - Downloaded bronze/TSLA/1772078661.json -> D:\ADF_folder\real-time-stocks-mds\data\s3_downloads/TSLA_1772078661.json
[2026-03-01T05:54:34.417+0000] {logging_mixin.py:188} INFO - Downloaded bronze/TSLA/1772078694.json -> D:\ADF_folder\real-time-stocks-mds\data\s3_downloads/TSLA_1772078694.json
[2026-03-01T05:54:34.811+0000] {logging_mixin.py:188} INFO - Downloaded bronze/TSLA/1772078727.json -> D:\ADF_folder\real-time-stocks-mds\data\s3_downloads/TSLA_1772078727.json
[2026-03-01T05:54:35.206+0000] {logging_mixin.py:188} INFO - Downloaded bronze/TSLA/1772078760.json -> D:\ADF_folder\real-time-stocks-mds\data\s3_downloads/TSLA_1772078760.json
[2026-03-01T05:54:35.596+0000] {logging_mixin.py:188} INFO - Downloaded bronze/TSLA/1772078793.json -> D:\ADF_folder\real-time-stocks-mds\data\s3_downloads/TSLA_1772078793.json
[2026-03-01T05:54:35.983+0000] {logging_mixin.py:188} INFO - Downloaded bronze/TSLA/1772078826.json -> D:\ADF_folder\real-time-stocks-mds\data\s3_downloads/TSLA_1772078826.json
[2026-03-01T05:54:36.374+0000] {logging_mixin.py:188} INFO - Downloaded bronze/TSLA/1772078859.json -> D:\ADF_folder\real-time-stocks-mds\data\s3_downloads/TSLA_1772078859.json
[2026-03-01T05:54:36.760+0000] {logging_mixin.py:188} INFO - Downloaded bronze/TSLA/1772078891.json -> D:\ADF_folder\real-time-stocks-mds\data\s3_downloads/TSLA_1772078891.json
[2026-03-01T05:54:37.144+0000] {logging_mixin.py:188} INFO - Downloaded bronze/TSLA/1772078924.json -> D:\ADF_folder\real-time-stocks-mds\data\s3_downloads/TSLA_1772078924.json
[2026-03-01T05:54:37.536+0000] {logging_mixin.py:188} INFO - Downloaded bronze/TSLA/1772078957.json -> D:\ADF_folder\real-time-stocks-mds\data\s3_downloads/TSLA_1772078957.json
[2026-03-01T05:54:37.925+0000] {logging_mixin.py:188} INFO - Downloaded bronze/TSLA/1772078990.json -> D:\ADF_folder\real-time-stocks-mds\data\s3_downloads/TSLA_1772078990.json
[2026-03-01T05:54:38.318+0000] {logging_mixin.py:188} INFO - Downloaded bronze/TSLA/1772079024.json -> D:\ADF_folder\real-time-stocks-mds\data\s3_downloads/TSLA_1772079024.json
[2026-03-01T05:54:38.716+0000] {logging_mixin.py:188} INFO - Downloaded bronze/TSLA/1772079057.json -> D:\ADF_folder\real-time-stocks-mds\data\s3_downloads/TSLA_1772079057.json
[2026-03-01T05:54:39.108+0000] {logging_mixin.py:188} INFO - Downloaded bronze/TSLA/1772079090.json -> D:\ADF_folder\real-time-stocks-mds\data\s3_downloads/TSLA_1772079090.json
[2026-03-01T05:54:39.502+0000] {logging_mixin.py:188} INFO - Downloaded bronze/TSLA/1772079123.json -> D:\ADF_folder\real-time-stocks-mds\data\s3_downloads/TSLA_1772079123.json
[2026-03-01T05:54:39.892+0000] {logging_mixin.py:188} INFO - Downloaded bronze/TSLA/1772079156.json -> D:\ADF_folder\real-time-stocks-mds\data\s3_downloads/TSLA_1772079156.json
[2026-03-01T05:54:40.285+0000] {logging_mixin.py:188} INFO - Downloaded bronze/TSLA/1772079189.json -> D:\ADF_folder\real-time-stocks-mds\data\s3_downloads/TSLA_1772079189.json
[2026-03-01T05:54:40.682+0000] {logging_mixin.py:188} INFO - Downloaded bronze/TSLA/1772079223.json -> D:\ADF_folder\real-time-stocks-mds\data\s3_downloads/TSLA_1772079223.json
[2026-03-01T05:54:41.069+0000] {logging_mixin.py:188} INFO - Downloaded bronze/TSLA/1772079255.json -> D:\ADF_folder\real-time-stocks-mds\data\s3_downloads/TSLA_1772079255.json
[2026-03-01T05:54:41.463+0000] {logging_mixin.py:188} INFO - Downloaded bronze/TSLA/1772079288.json -> D:\ADF_folder\real-time-stocks-mds\data\s3_downloads/TSLA_1772079288.json
[2026-03-01T05:54:41.471+0000] {python.py:201} INFO - Done. Returned value was: ['D:\\ADF_folder\\real-time-stocks-mds\\data\\s3_downloads/AAPL_1771463612.json', 'D:\\ADF_folder\\real-time-stocks-mds\\data\\s3_downloads/AAPL_1771463645.json', 'D:\\ADF_folder\\real-time-stocks-mds\\data\\s3_downloads/AAPL_1771463678.json', 'D:\\ADF_folder\\real-time-stocks-mds\\data\\s3_downloads/AAPL_1771463711.json', 'D:\\ADF_folder\\real-time-stocks-mds\\data\\s3_downloads/AAPL_1771463744.json', 'D:\\ADF_folder\\real-time-stocks-mds\\data\\s3_downloads/AAPL_1771463777.json', 'D:\\ADF_folder\\real-time-stocks-mds\\data\\s3_downloads/AAPL_1771463810.json', 'D:\\ADF_folder\\real-time-stocks-mds\\data\\s3_downloads/AAPL_1771463843.json', 'D:\\ADF_folder\\real-time-stocks-mds\\data\\s3_downloads/AAPL_1771463876.json', 'D:\\ADF_folder\\real-time-stocks-mds\\data\\s3_downloads/AAPL_1771463909.json', 'D:\\ADF_folder\\real-time-stocks-mds\\data\\s3_downloads/AAPL_1771463942.json', 'D:\\ADF_folder\\real-time-stocks-mds\\data\\s3_downloads/AAPL_1771463975.json', 'D:\\ADF_folder\\real-time-stocks-mds\\data\\s3_downloads/AAPL_1771464008.json', 'D:\\ADF_folder\\real-time-stocks-mds\\data\\s3_downloads/AAPL_1771464042.json', 'D:\\ADF_folder\\real-time-stocks-mds\\data\\s3_downloads/AAPL_1771464075.json', 'D:\\ADF_folder\\real-time-stocks-mds\\data\\s3_downloads/AAPL_1771464108.json', 'D:\\ADF_folder\\real-time-stocks-mds\\data\\s3_downloads/AAPL_1771464141.json', 'D:\\ADF_folder\\real-time-stocks-mds\\data\\s3_downloads/AAPL_1771464174.json', 'D:\\ADF_folder\\real-time-stocks-mds\\data\\s3_downloads/AAPL_1771464207.json', 'D:\\ADF_folder\\real-time-stocks-mds\\data\\s3_downloads/AAPL_1771464240.json', 'D:\\ADF_folder\\real-time-stocks-mds\\data\\s3_downloads/AAPL_1771464273.json', 'D:\\ADF_folder\\real-time-stocks-mds\\data\\s3_downloads/AAPL_1771464306.json', 'D:\\ADF_folder\\real-time-stocks-mds\\data\\s3_downloads/AAPL_1771465239.json', 'D:\\ADF_folder\\real-time-stocks-mds\\data\\s3_downloads/AAPL_1771465272.json', 'D:\\ADF_folder\\real-time-stocks-mds\\data\\s3_downloads/AAPL_1771465305.json', 'D:\\ADF_folder\\real-time-stocks-mds\\data\\s3_downloads/AAPL_1771465338.json', 'D:\\ADF_folder\\real-time-stocks-mds\\data\\s3_downloads/AAPL_1771465371.json', 'D:\\ADF_folder\\real-time-stocks-mds\\data\\s3_downloads/AAPL_1771465404.json', 'D:\\ADF_folder\\real-time-stocks-mds\\data\\s3_downloads/AAPL_1771465437.json', 'D:\\ADF_folder\\real-time-stocks-mds\\data\\s3_downloads/AAPL_1771465470.json', 'D:\\ADF_folder\\real-time-stocks-mds\\data\\s3_downloads/AAPL_1771465503.json', 'D:\\ADF_folder\\real-time-stocks-mds\\data\\s3_downloads/AAPL_1771465536.json', 'D:\\ADF_folder\\real-time-stocks-mds\\data\\s3_downloads/AAPL_1771465569.json', 'D:\\ADF_folder\\real-time-stocks-mds\\data\\s3_downloads/AAPL_1772074550.json', 'D:\\ADF_folder\\real-time-stocks-mds\\data\\s3_downloads/AAPL_1772074583.json', 'D:\\ADF_folder\\real-time-stocks-mds\\data\\s3_downloads/AAPL_1772074616.json', 'D:\\ADF_folder\\real-time-stocks-mds\\data\\s3_downloads/AAPL_1772074649.json', 'D:\\ADF_folder\\real-time-stocks-mds\\data\\s3_downloads/AAPL_1772074683.json', 'D:\\ADF_folder\\real-time-stocks-mds\\data\\s3_downloads/AAPL_1772074715.json', 'D:\\ADF_folder\\real-time-stocks-mds\\data\\s3_downloads/AAPL_1772074748.json', 'D:\\ADF_folder\\real-time-stocks-mds\\data\\s3_downloads/AAPL_1772074781.json', 'D:\\ADF_folder\\real-time-stocks-mds\\data\\s3_downloads/AAPL_1772074815.json', 'D:\\ADF_folder\\real-time-stocks-mds\\data\\s3_downloads/AAPL_1772074848.json', 'D:\\ADF_folder\\real-time-stocks-mds\\data\\s3_downloads/AAPL_1772074881.json', 'D:\\ADF_folder\\real-time-stocks-mds\\data\\s3_downloads/AAPL_1772074914.json', 'D:\\ADF_folder\\real-time-stocks-mds\\data\\s3_downloads/AAPL_1772074947.json', 'D:\\ADF_folder\\real-time-stocks-mds\\data\\s3_downloads/AAPL_1772074980.json', 'D:\\ADF_folder\\real-time-stocks-mds\\data\\s3_downloads/AAPL_1772075013.json', 'D:\\ADF_folder\\real-time-stocks-mds\\data\\s3_downloads/AAPL_1772075046.json', 'D:\\ADF_folder\\real-time-stocks-mds\\data\\s3_downloads/AAPL_1772075079.json', 'D:\\ADF_folder\\real-time-stocks-mds\\data\\s3_downloads/AAPL_1772075112.json', 'D:\\ADF_folder\\real-time-stocks-mds\\data\\s3_downloads/AAPL_1772075145.json', 'D:\\ADF_folder\\real-time-stocks-mds\\data\\s3_downloads/AAPL_1772075178.json', 'D:\\ADF_folder\\real-time-stocks-mds\\data\\s3_downloads/AAPL_1772075211.json', 'D:\\ADF_folder\\real-time-stocks-mds\\data\\s3_downloads/AAPL_1772075244.json', 'D:\\ADF_folder\\real-time-stocks-mds\\data\\s3_downloads/AAPL_1772075277.json', 'D:\\ADF_folder\\real-time-stocks-mds\\data\\s3_downloads/AAPL_1772075310.json', 'D:\\ADF_folder\\real-time-stocks-mds\\data\\s3_downloads/AAPL_1772075343.json', 'D:\\ADF_folder\\real-time-stocks-mds\\data\\s3_downloads/AAPL_1772075376.json', 'D:\\ADF_folder\\real-time-stocks-mds\\data\\s3_downloads/AAPL_1772075409.json', 'D:\\ADF_folder\\real-time-stocks-mds\\data\\s3_downloads/AAPL_1772075441.json', 'D:\\ADF_folder\\real-time-stocks-mds\\data\\s3_downloads/AAPL_1772075474.json', 'D:\\ADF_folder\\real-time-stocks-mds\\data\\s3_downloads/AAPL_1772075507.json', 'D:\\ADF_folder\\real-time-stocks-mds\\data\\s3_downloads/AAPL_1772075540.json', 'D:\\ADF_folder\\real-time-stocks-mds\\data\\s3_downloads/AAPL_1772075573.json', 'D:\\ADF_folder\\real-time-stocks-mds\\data\\s3_downloads/AAPL_1772075607.json', 'D:\\ADF_folder\\real-time-stocks-mds\\data\\s3_downloads/AAPL_1772075640.json', 'D:\\ADF_folder\\real-time-stocks-mds\\data\\s3_downloads/AAPL_1772075673.json', 'D:\\ADF_folder\\real-time-stocks-mds\\data\\s3_downloads/AAPL_1772075706.json', 'D:\\ADF_folder\\real-time-stocks-mds\\data\\s3_downloads/AAPL_1772075739.json', 'D:\\ADF_folder\\real-time-stocks-mds\\data\\s3_downloads/AAPL_1772075772.json', 'D:\\ADF_folder\\real-time-stocks-mds\\data\\s3_downloads/AAPL_1772075805.json', 'D:\\ADF_folder\\real-time-stocks-mds\\data\\s3_downloads/AAPL_1772075838.json', 'D:\\ADF_folder\\real-time-stocks-mds\\data\\s3_downloads/AAPL_1772075870.json', 'D:\\ADF_folder\\real-time-stocks-mds\\data\\s3_downloads/AAPL_1772075903.json', 'D:\\ADF_folder\\real-time-stocks-mds\\data\\s3_downloads/AAPL_1772075936.json', 'D:\\ADF_folder\\real-time-stocks-mds\\data\\s3_downloads/AAPL_1772075969.json', 'D:\\ADF_folder\\real-time-stocks-mds\\data\\s3_downloads/AAPL_1772076002.json', 'D:\\ADF_folder\\real-time-stocks-mds\\data\\s3_downloads/AAPL_1772076035.json', 'D:\\ADF_folder\\real-time-stocks-mds\\data\\s3_downloads/AAPL_1772076068.json', 'D:\\ADF_folder\\real-time-stocks-mds\\data\\s3_downloads/AAPL_1772076101.json', 'D:\\ADF_folder\\real-time-stocks-mds\\data\\s3_downloads/AAPL_1772076134.json', 'D:\\ADF_folder\\real-time-stocks-mds\\data\\s3_downloads/AAPL_1772076167.json', 'D:\\ADF_folder\\real-time-stocks-mds\\data\\s3_downloads/AAPL_1772076200.json', 'D:\\ADF_folder\\real-time-stocks-mds\\data\\s3_downloads/AAPL_1772076233.json', 'D:\\ADF_folder\\real-time-stocks-mds\\data\\s3_downloads/AAPL_1772076266.json', 'D:\\ADF_folder\\real-time-stocks-mds\\data\\s3_downloads/AAPL_1772076298.json', 'D:\\ADF_folder\\real-time-stocks-mds\\data\\s3_downloads/AAPL_1772076331.json', 'D:\\ADF_folder\\real-time-stocks-mds\\data\\s3_downloads/AAPL_1772076364.json', 'D:\\ADF_folder\\real-time-stocks-mds\\data\\s3_downloads/AAPL_1772076397.json', 'D:\\ADF_folder\\real-time-stocks-mds\\data\\s3_downloads/AAPL_1772076431.json', 'D:\\ADF_folder\\real-time-stocks-mds\\data\\s3_downloads/AAPL_1772076464.json', 'D:\\ADF_folder\\real-time-stocks-mds\\data\\s3_downloads/AAPL_1772076497.json', 'D:\\ADF_folder\\real-time-stocks-mds\\data\\s3_downloads/AAPL_1772076530.json', 'D:\\ADF_folder\\real-time-stocks-mds\\data\\s3_downloads/AAPL_1772076563.json', 'D:\\ADF_folder\\real-time-stocks-mds\\data\\s3_downloads/AAPL_1772076595.json', 'D:\\ADF_folder\\real-time-stocks-mds\\data\\s3_downloads/AAPL_1772076628.json', 'D:\\ADF_folder\\real-time-stocks-mds\\data\\s3_downloads/AAPL_1772076661.json', 'D:\\ADF_folder\\real-time-stocks-mds\\data\\s3_downloads/AAPL_1772076694.json', 'D:\\ADF_folder\\real-time-stocks-mds\\data\\s3_downloads/AAPL_1772076727.json', 'D:\\ADF_folder\\real-time-stocks-mds\\data\\s3_downloads/AAPL_1772076760.json', 'D:\\ADF_folder\\real-time-stocks-mds\\data\\s3_downloads/AAPL_1772076793.json', 'D:\\ADF_folder\\real-time-stocks-mds\\data\\s3_downloads/AAPL_1772076826.json', 'D:\\ADF_folder\\real-time-stocks-mds\\data\\s3_downloads/AAPL_1772076859.json', 'D:\\ADF_folder\\real-time-stocks-mds\\data\\s3_downloads/AAPL_1772076892.json', 'D:\\ADF_folder\\real-time-stocks-mds\\data\\s3_downloads/AAPL_1772076925.json', 'D:\\ADF_folder\\real-time-stocks-mds\\data\\s3_downloads/AAPL_1772076958.json', 'D:\\ADF_folder\\real-time-stocks-mds\\data\\s3_downloads/AAPL_1772076991.json', 'D:\\ADF_folder\\real-time-stocks-mds\\data\\s3_downloads/AAPL_1772077025.json', 'D:\\ADF_folder\\real-time-stocks-mds\\data\\s3_downloads/AAPL_1772077058.json', 'D:\\ADF_folder\\real-time-stocks-mds\\data\\s3_downloads/AAPL_1772077091.json', 'D:\\ADF_folder\\real-time-stocks-mds\\data\\s3_downloads/AAPL_1772077123.json', 'D:\\ADF_folder\\real-time-stocks-mds\\data\\s3_downloads/AAPL_1772077157.json', 'D:\\ADF_folder\\real-time-stocks-mds\\data\\s3_downloads/AAPL_1772077190.json', 'D:\\ADF_folder\\real-time-stocks-mds\\data\\s3_downloads/AAPL_1772077223.json', 'D:\\ADF_folder\\real-time-stocks-mds\\data\\s3_downloads/AAPL_1772077256.json', 'D:\\ADF_folder\\real-time-stocks-mds\\data\\s3_downloads/AAPL_1772077289.json', 'D:\\ADF_folder\\real-time-stocks-mds\\data\\s3_downloads/AAPL_1772077322.json', 'D:\\ADF_folder\\real-time-stocks-mds\\data\\s3_downloads/AAPL_1772077356.json', 'D:\\ADF_folder\\real-time-stocks-mds\\data\\s3_downloads/AAPL_1772077388.json', 'D:\\ADF_folder\\real-time-stocks-mds\\data\\s3_downloads/AAPL_1772077421.json', 'D:\\ADF_folder\\real-time-stocks-mds\\data\\s3_downloads/AAPL_1772077454.json', 'D:\\ADF_folder\\real-time-stocks-mds\\data\\s3_downloads/AAPL_1772077487.json', 'D:\\ADF_folder\\real-time-stocks-mds\\data\\s3_downloads/AAPL_1772077520.json', 'D:\\ADF_folder\\real-time-stocks-mds\\data\\s3_downloads/AAPL_1772077553.json', 'D:\\ADF_folder\\real-time-stocks-mds\\data\\s3_downloads/AAPL_1772077586.json', 'D:\\ADF_folder\\real-time-stocks-mds\\data\\s3_downloads/AAPL_1772077619.json', 'D:\\ADF_folder\\real-time-stocks-mds\\data\\s3_downloads/AAPL_1772077652.json', 'D:\\ADF_folder\\real-time-stocks-mds\\data\\s3_downloads/AAPL_1772077685.json', 'D:\\ADF_folder\\real-time-stocks-mds\\data\\s3_downloads/AAPL_1772077718.json', 'D:\\ADF_folder\\real-time-stocks-mds\\data\\s3_downloads/AAPL_1772077750.json', 'D:\\ADF_folder\\real-time-stocks-mds\\data\\s3_downloads/AAPL_1772077783.json', 'D:\\ADF_folder\\real-time-stocks-mds\\data\\s3_downloads/AAPL_1772077816.json', 'D:\\ADF_folder\\real-time-stocks-mds\\data\\s3_downloads/AAPL_1772077849.json', 'D:\\ADF_folder\\real-time-stocks-mds\\data\\s3_downloads/AAPL_1772077882.json', 'D:\\ADF_folder\\real-time-stocks-mds\\data\\s3_downloads/AAPL_1772077915.json', 'D:\\ADF_folder\\real-time-stocks-mds\\data\\s3_downloads/AAPL_1772077947.json', 'D:\\ADF_folder\\real-time-stocks-mds\\data\\s3_downloads/AAPL_1772077980.json', 'D:\\ADF_folder\\real-time-stocks-mds\\data\\s3_downloads/AAPL_1772078013.json', 'D:\\ADF_folder\\real-time-stocks-mds\\data\\s3_downloads/AAPL_1772078046.json', 'D:\\ADF_folder\\real-time-stocks-mds\\data\\s3_downloads/AAPL_1772078079.json', 'D:\\ADF_folder\\real-time-stocks-mds\\data\\s3_downloads/AAPL_1772078112.json', 'D:\\ADF_folder\\real-time-stocks-mds\\data\\s3_downloads/AAPL_1772078145.json', 'D:\\ADF_folder\\real-time-stocks-mds\\data\\s3_downloads/AAPL_1772078178.json', 'D:\\ADF_folder\\real-time-stocks-mds\\data\\s3_downloads/AAPL_1772078211.json', 'D:\\ADF_folder\\real-time-stocks-mds\\data\\s3_downloads/AAPL_1772078244.json', 'D:\\ADF_folder\\real-time-stocks-mds\\data\\s3_downloads/AAPL_1772078277.json', 'D:\\ADF_folder\\real-time-stocks-mds\\data\\s3_downloads/AAPL_1772078310.json', 'D:\\ADF_folder\\real-time-stocks-mds\\data\\s3_downloads/AAPL_1772078342.json', 'D:\\ADF_folder\\real-time-stocks-mds\\data\\s3_downloads/AAPL_1772078375.json', 'D:\\ADF_folder\\real-time-stocks-mds\\data\\s3_downloads/AAPL_1772078409.json', 'D:\\ADF_folder\\real-time-stocks-mds\\data\\s3_downloads/AAPL_1772078442.json', 'D:\\ADF_folder\\real-time-stocks-mds\\data\\s3_downloads/AAPL_1772078475.json', 'D:\\ADF_folder\\real-time-stocks-mds\\data\\s3_downloads/AAPL_1772078509.json', 'D:\\ADF_folder\\real-time-stocks-mds\\data\\s3_downloads/AAPL_1772078542.json', 'D:\\ADF_folder\\real-time-stocks-mds\\data\\s3_downloads/AAPL_1772078575.json', 'D:\\ADF_folder\\real-time-stocks-mds\\data\\s3_downloads/AAPL_1772078608.json', 'D:\\ADF_folder\\real-time-stocks-mds\\data\\s3_downloads/AAPL_1772078641.json', 'D:\\ADF_folder\\real-time-stocks-mds\\data\\s3_downloads/AAPL_1772078674.json', 'D:\\ADF_folder\\real-time-stocks-mds\\data\\s3_downloads/AAPL_1772078707.json', 'D:\\ADF_folder\\real-time-stocks-mds\\data\\s3_downloads/AAPL_1772078740.json', 'D:\\ADF_folder\\real-time-stocks-mds\\data\\s3_downloads/AAPL_1772078773.json', 'D:\\ADF_folder\\real-time-stocks-mds\\data\\s3_downloads/AAPL_1772078806.json', 'D:\\ADF_folder\\real-time-stocks-mds\\data\\s3_downloads/AAPL_1772078839.json', 'D:\\ADF_folder\\real-time-stocks-mds\\data\\s3_downloads/AAPL_1772078872.json', 'D:\\ADF_folder\\real-time-stocks-mds\\data\\s3_downloads/AAPL_1772078904.json', 'D:\\ADF_folder\\real-time-stocks-mds\\data\\s3_downloads/AAPL_1772078937.json', 'D:\\ADF_folder\\real-time-stocks-mds\\data\\s3_downloads/AAPL_1772078970.json', 'D:\\ADF_folder\\real-time-stocks-mds\\data\\s3_downloads/AAPL_1772079004.json', 'D:\\ADF_folder\\real-time-stocks-mds\\data\\s3_downloads/AAPL_1772079037.json', 'D:\\ADF_folder\\real-time-stocks-mds\\data\\s3_downloads/AAPL_1772079071.json', 'D:\\ADF_folder\\real-time-stocks-mds\\data\\s3_downloads/AAPL_1772079104.json', 'D:\\ADF_folder\\real-time-stocks-mds\\data\\s3_downloads/AAPL_1772079137.json', 'D:\\ADF_folder\\real-time-stocks-mds\\data\\s3_downloads/AAPL_1772079170.json', 'D:\\ADF_folder\\real-time-stocks-mds\\data\\s3_downloads/AAPL_1772079203.json', 'D:\\ADF_folder\\real-time-stocks-mds\\data\\s3_downloads/AAPL_1772079236.json', 'D:\\ADF_folder\\real-time-stocks-mds\\data\\s3_downloads/AAPL_1772079269.json', 'D:\\ADF_folder\\real-time-stocks-mds\\data\\s3_downloads/GOOGL_1771463605.json', 'D:\\ADF_folder\\real-time-stocks-mds\\data\\s3_downloads/GOOGL_1771463638.json', 'D:\\ADF_folder\\real-time-stocks-mds\\data\\s3_downloads/GOOGL_1771463671.json', 'D:\\ADF_folder\\real-time-stocks-mds\\data\\s3_downloads/GOOGL_1771463704.json', 'D:\\ADF_folder\\real-time-stocks-mds\\data\\s3_downloads/GOOGL_1771463737.json', 'D:\\ADF_folder\\real-time-stocks-mds\\data\\s3_downloads/GOOGL_1771463770.json', 'D:\\ADF_folder\\real-time-stocks-mds\\data\\s3_downloads/GOOGL_1771463803.json', 'D:\\ADF_folder\\real-time-stocks-mds\\data\\s3_downloads/GOOGL_1771463836.json', 'D:\\ADF_folder\\real-time-stocks-mds\\data\\s3_downloads/GOOGL_1771463869.json', 'D:\\ADF_folder\\real-time-stocks-mds\\data\\s3_downloads/GOOGL_1771463902.json', 'D:\\ADF_folder\\real-time-stocks-mds\\data\\s3_downloads/GOOGL_1771463936.json', 'D:\\ADF_folder\\real-time-stocks-mds\\data\\s3_downloads/GOOGL_1771463968.json', 'D:\\ADF_folder\\real-time-stocks-mds\\data\\s3_downloads/GOOGL_1771464002.json', 'D:\\ADF_folder\\real-time-stocks-mds\\data\\s3_downloads/GOOGL_1771464035.json', 'D:\\ADF_folder\\real-time-stocks-mds\\data\\s3_downloads/GOOGL_1771464068.json', 'D:\\ADF_folder\\real-time-stocks-mds\\data\\s3_downloads/GOOGL_1771464101.json', 'D:\\ADF_folder\\real-time-stocks-mds\\data\\s3_downloads/GOOGL_1771464134.json', 'D:\\ADF_folder\\real-time-stocks-mds\\data\\s3_downloads/GOOGL_1771464167.json', 'D:\\ADF_folder\\real-time-stocks-mds\\data\\s3_downloads/GOOGL_1771464200.json', 'D:\\ADF_folder\\real-time-stocks-mds\\data\\s3_downloads/GOOGL_1771464233.json', 'D:\\ADF_folder\\real-time-stocks-mds\\data\\s3_downloads/GOOGL_1771464266.json', 'D:\\ADF_folder\\real-time-stocks-mds\\data\\s3_downloads/GOOGL_1771464299.json', 'D:\\ADF_folder\\real-time-stocks-mds\\data\\s3_downloads/GOOGL_1771465232.json', 'D:\\ADF_folder\\real-time-stocks-mds\\data\\s3_downloads/GOOGL_1771465265.json', 'D:\\ADF_folder\\real-time-stocks-mds\\data\\s3_downloads/GOOGL_1771465298.json', 'D:\\ADF_folder\\real-time-stocks-mds\\data\\s3_downloads/GOOGL_1771465331.json', 'D:\\ADF_folder\\real-time-stocks-mds\\data\\s3_downloads/GOOGL_1771465364.json', 'D:\\ADF_folder\\real-time-stocks-mds\\data\\s3_downloads/GOOGL_1771465397.json', 'D:\\ADF_folder\\real-time-stocks-mds\\data\\s3_downloads/GOOGL_1771465430.json', 'D:\\ADF_folder\\real-time-stocks-mds\\data\\s3_downloads/GOOGL_1771465463.json', 'D:\\ADF_folder\\real-time-stocks-mds\\data\\s3_downloads/GOOGL_1771465496.json', 'D:\\ADF_folder\\real-time-stocks-mds\\data\\s3_downloads/GOOGL_1771465529.json', 'D:\\ADF_folder\\real-time-stocks-mds\\data\\s3_downloads/GOOGL_1771465562.json', 'D:\\ADF_folder\\real-time-stocks-mds\\data\\s3_downloads/GOOGL_1772074576.json', 'D:\\ADF_folder\\real-time-stocks-mds\\data\\s3_downloads/GOOGL_1772074609.json', 'D:\\ADF_folder\\real-time-stocks-mds\\data\\s3_downloads/GOOGL_1772074642.json', 'D:\\ADF_folder\\real-time-stocks-mds\\data\\s3_downloads/GOOGL_1772074676.json', 'D:\\ADF_folder\\real-time-stocks-mds\\data\\s3_downloads/GOOGL_1772074709.json', 'D:\\ADF_folder\\real-time-stocks-mds\\data\\s3_downloads/GOOGL_1772074742.json', 'D:\\ADF_folder\\real-time-stocks-mds\\data\\s3_downloads/GOOGL_1772074775.json', 'D:\\ADF_folder\\real-time-stocks-mds\\data\\s3_downloads/GOOGL_1772074808.json', 'D:\\ADF_folder\\real-time-stocks-mds\\data\\s3_downloads/GOOGL_1772074841.json', 'D:\\ADF_folder\\real-time-stocks-mds\\data\\s3_downloads/GOOGL_1772074874.json', 'D:\\ADF_folder\\real-time-stocks-mds\\data\\s3_downloads/GOOGL_1772074907.json', 'D:\\ADF_folder\\real-time-stocks-mds\\data\\s3_downloads/GOOGL_1772074940.json', 'D:\\ADF_folder\\real-time-stocks-mds\\data\\s3_downloads/GOOGL_1772074973.json', 'D:\\ADF_folder\\real-time-stocks-mds\\data\\s3_downloads/GOOGL_1772075006.json', 'D:\\ADF_folder\\real-time-stocks-mds\\data\\s3_downloads/GOOGL_1772075039.json', 'D:\\ADF_folder\\real-time-stocks-mds\\data\\s3_downloads/GOOGL_1772075072.json', 'D:\\ADF_folder\\real-time-stocks-mds\\data\\s3_downloads/GOOGL_1772075105.json', 'D:\\ADF_folder\\real-time-stocks-mds\\data\\s3_downloads/GOOGL_1772075138.json', 'D:\\ADF_folder\\real-time-stocks-mds\\data\\s3_downloads/GOOGL_1772075171.json', 'D:\\ADF_folder\\real-time-stocks-mds\\data\\s3_downloads/GOOGL_1772075204.json', 'D:\\ADF_folder\\real-time-stocks-mds\\data\\s3_downloads/GOOGL_1772075237.json', 'D:\\ADF_folder\\real-time-stocks-mds\\data\\s3_downloads/GOOGL_1772075270.json', 'D:\\ADF_folder\\real-time-stocks-mds\\data\\s3_downloads/GOOGL_1772075303.json', 'D:\\ADF_folder\\real-time-stocks-mds\\data\\s3_downloads/GOOGL_1772075336.json', 'D:\\ADF_folder\\real-time-stocks-mds\\data\\s3_downloads/GOOGL_1772075369.json', 'D:\\ADF_folder\\real-time-stocks-mds\\data\\s3_downloads/GOOGL_1772075402.json', 'D:\\ADF_folder\\real-time-stocks-mds\\data\\s3_downloads/GOOGL_1772075435.json', 'D:\\ADF_folder\\real-time-stocks-mds\\data\\s3_downloads/GOOGL_1772075468.json', 'D:\\ADF_folder\\real-time-stocks-mds\\data\\s3_downloads/GOOGL_1772075500.json', 'D:\\ADF_folder\\real-time-stocks-mds\\data\\s3_downloads/GOOGL_1772075533.json', 'D:\\ADF_folder\\real-time-stocks-mds\\data\\s3_downloads/GOOGL_1772075566.json', 'D:\\ADF_folder\\real-time-stocks-mds\\data\\s3_downloads/GOOGL_1772075600.json', 'D:\\ADF_folder\\real-time-stocks-mds\\data\\s3_downloads/GOOGL_1772075634.json', 'D:\\ADF_folder\\real-time-stocks-mds\\data\\s3_downloads/GOOGL_1772075666.json', 'D:\\ADF_folder\\real-time-stocks-mds\\data\\s3_downloads/GOOGL_1772075699.json', 'D:\\ADF_folder\\real-time-stocks-mds\\data\\s3_downloads/GOOGL_1772075732.json', 'D:\\ADF_folder\\real-time-stocks-mds\\data\\s3_downloads/GOOGL_1772075765.json', 'D:\\ADF_folder\\real-time-stocks-mds\\data\\s3_downloads/GOOGL_1772075798.json', 'D:\\ADF_folder\\real-time-stocks-mds\\data\\s3_downloads/GOOGL_1772075831.json', 'D:\\ADF_folder\\real-time-stocks-mds\\data\\s3_downloads/GOOGL_1772075864.json', 'D:\\ADF_folder\\real-time-stocks-mds\\data\\s3_downloads/GOOGL_1772075896.json', 'D:\\ADF_folder\\real-time-stocks-mds\\data\\s3_downloads/GOOGL_1772075930.json', 'D:\\ADF_folder\\real-time-stocks-mds\\data\\s3_downloads/GOOGL_1772075962.json', 'D:\\ADF_folder\\real-time-stocks-mds\\data\\s3_downloads/GOOGL_1772075995.json', 'D:\\ADF_folder\\real-time-stocks-mds\\data\\s3_downloads/GOOGL_1772076028.json', 'D:\\ADF_folder\\real-time-stocks-mds\\data\\s3_downloads/GOOGL_1772076062.json', 'D:\\ADF_folder\\real-time-stocks-mds\\data\\s3_downloads/GOOGL_1772076094.json', 'D:\\ADF_folder\\real-time-stocks-mds\\data\\s3_downloads/GOOGL_1772076127.json', 'D:\\ADF_folder\\real-time-stocks-mds\\data\\s3_downloads/GOOGL_1772076160.json', 'D:\\ADF_folder\\real-time-stocks-mds\\data\\s3_downloads/GOOGL_1772076193.json', 'D:\\ADF_folder\\real-time-stocks-mds\\data\\s3_downloads/GOOGL_1772076226.json', 'D:\\ADF_folder\\real-time-stocks-mds\\data\\s3_downloads/GOOGL_1772076259.json', 'D:\\ADF_folder\\real-time-stocks-mds\\data\\s3_downloads/GOOGL_1772076292.json', 'D:\\ADF_folder\\real-time-stocks-mds\\data\\s3_downloads/GOOGL_1772076325.json', 'D:\\ADF_folder\\real-time-stocks-mds\\data\\s3_downloads/GOOGL_1772076357.json', 'D:\\ADF_folder\\real-time-stocks-mds\\data\\s3_downloads/GOOGL_1772076390.json', 'D:\\ADF_folder\\real-time-stocks-mds\\data\\s3_downloads/GOOGL_1772076423.json', 'D:\\ADF_folder\\real-time-stocks-mds\\data\\s3_downloads/GOOGL_1772076457.json', 'D:\\ADF_folder\\real-time-stocks-mds\\data\\s3_downloads/GOOGL_1772076490.json', 'D:\\ADF_folder\\real-time-stocks-mds\\data\\s3_downloads/GOOGL_1772076523.json', 'D:\\ADF_folder\\real-time-stocks-mds\\data\\s3_downloads/GOOGL_1772076556.json', 'D:\\ADF_folder\\real-time-stocks-mds\\data\\s3_downloads/GOOGL_1772076589.json', 'D:\\ADF_folder\\real-time-stocks-mds\\data\\s3_downloads/GOOGL_1772076622.json', 'D:\\ADF_folder\\real-time-stocks-mds\\data\\s3_downloads/GOOGL_1772076655.json', 'D:\\ADF_folder\\real-time-stocks-mds\\data\\s3_downloads/GOOGL_1772076687.json', 'D:\\ADF_folder\\real-time-stocks-mds\\data\\s3_downloads/GOOGL_1772076720.json', 'D:\\ADF_folder\\real-time-stocks-mds\\data\\s3_downloads/GOOGL_1772076754.json', 'D:\\ADF_folder\\real-time-stocks-mds\\data\\s3_downloads/GOOGL_1772076787.json', 'D:\\ADF_folder\\real-time-stocks-mds\\data\\s3_downloads/GOOGL_1772076820.json', 'D:\\ADF_folder\\real-time-stocks-mds\\data\\s3_downloads/GOOGL_1772076853.json', 'D:\\ADF_folder\\real-time-stocks-mds\\data\\s3_downloads/GOOGL_1772076886.json', 'D:\\ADF_folder\\real-time-stocks-mds\\data\\s3_downloads/GOOGL_1772076919.json', 'D:\\ADF_folder\\real-time-stocks-mds\\data\\s3_downloads/GOOGL_1772076952.json', 'D:\\ADF_folder\\real-time-stocks-mds\\data\\s3_downloads/GOOGL_1772076985.json', 'D:\\ADF_folder\\real-time-stocks-mds\\data\\s3_downloads/GOOGL_1772077018.json', 'D:\\ADF_folder\\real-time-stocks-mds\\data\\s3_downloads/GOOGL_1772077051.json', 'D:\\ADF_folder\\real-time-stocks-mds\\data\\s3_downloads/GOOGL_1772077084.json', 'D:\\ADF_folder\\real-time-stocks-mds\\data\\s3_downloads/GOOGL_1772077117.json', 'D:\\ADF_folder\\real-time-stocks-mds\\data\\s3_downloads/GOOGL_1772077150.json', 'D:\\ADF_folder\\real-time-stocks-mds\\data\\s3_downloads/GOOGL_1772077183.json', 'D:\\ADF_folder\\real-time-stocks-mds\\data\\s3_downloads/GOOGL_1772077216.json', 'D:\\ADF_folder\\real-time-stocks-mds\\data\\s3_downloads/GOOGL_1772077249.json', 'D:\\ADF_folder\\real-time-stocks-mds\\data\\s3_downloads/GOOGL_1772077282.json', 'D:\\ADF_folder\\real-time-stocks-mds\\data\\s3_downloads/GOOGL_1772077315.json', 'D:\\ADF_folder\\real-time-stocks-mds\\data\\s3_downloads/GOOGL_1772077349.json', 'D:\\ADF_folder\\real-time-stocks-mds\\data\\s3_downloads/GOOGL_1772077382.json', 'D:\\ADF_folder\\real-time-stocks-mds\\data\\s3_downloads/GOOGL_1772077415.json', 'D:\\ADF_folder\\real-time-stocks-mds\\data\\s3_downloads/GOOGL_1772077448.json', 'D:\\ADF_folder\\real-time-stocks-mds\\data\\s3_downloads/GOOGL_1772077481.json', 'D:\\ADF_folder\\real-time-stocks-mds\\data\\s3_downloads/GOOGL_1772077513.json', 'D:\\ADF_folder\\real-time-stocks-mds\\data\\s3_downloads/GOOGL_1772077546.json', 'D:\\ADF_folder\\real-time-stocks-mds\\data\\s3_downloads/GOOGL_1772077579.json', 'D:\\ADF_folder\\real-time-stocks-mds\\data\\s3_downloads/GOOGL_1772077612.json', 'D:\\ADF_folder\\real-time-stocks-mds\\data\\s3_downloads/GOOGL_1772077645.json', 'D:\\ADF_folder\\real-time-stocks-mds\\data\\s3_downloads/GOOGL_1772077678.json', 'D:\\ADF_folder\\real-time-stocks-mds\\data\\s3_downloads/GOOGL_1772077711.json', 'D:\\ADF_folder\\real-time-stocks-mds\\data\\s3_downloads/GOOGL_1772077744.json', 'D:\\ADF_folder\\real-time-stocks-mds\\data\\s3_downloads/GOOGL_1772077777.json', 'D:\\ADF_folder\\real-time-stocks-mds\\data\\s3_downloads/GOOGL_1772077810.json', 'D:\\ADF_folder\\real-time-stocks-mds\\data\\s3_downloads/GOOGL_1772077842.json', 'D:\\ADF_folder\\real-time-stocks-mds\\data\\s3_downloads/GOOGL_1772077875.json', 'D:\\ADF_folder\\real-time-stocks-mds\\data\\s3_downloads/GOOGL_1772077908.json', 'D:\\ADF_folder\\real-time-stocks-mds\\data\\s3_downloads/GOOGL_1772077941.json', 'D:\\ADF_folder\\real-time-stocks-mds\\data\\s3_downloads/GOOGL_1772077974.json', 'D:\\ADF_folder\\real-time-stocks-mds\\data\\s3_downloads/GOOGL_1772078006.json', 'D:\\ADF_folder\\real-time-stocks-mds\\data\\s3_downloads/GOOGL_1772078039.json', 'D:\\ADF_folder\\real-time-stocks-mds\\data\\s3_downloads/GOOGL_1772078072.json', 'D:\\ADF_folder\\real-time-stocks-mds\\data\\s3_downloads/GOOGL_1772078105.json', 'D:\\ADF_folder\\real-time-stocks-mds\\data\\s3_downloads/GOOGL_1772078138.json', 'D:\\ADF_folder\\real-time-stocks-mds\\data\\s3_downloads/GOOGL_1772078171.json', 'D:\\ADF_folder\\real-time-stocks-mds\\data\\s3_downloads/GOOGL_1772078204.json', 'D:\\ADF_folder\\real-time-stocks-mds\\data\\s3_downloads/GOOGL_1772078237.json', 'D:\\ADF_folder\\real-time-stocks-mds\\data\\s3_downloads/GOOGL_1772078270.json', 'D:\\ADF_folder\\real-time-stocks-mds\\data\\s3_downloads/GOOGL_1772078303.json', 'D:\\ADF_folder\\real-time-stocks-mds\\data\\s3_downloads/GOOGL_1772078336.json', 'D:\\ADF_folder\\real-time-stocks-mds\\data\\s3_downloads/GOOGL_1772078369.json', 'D:\\ADF_folder\\real-time-stocks-mds\\data\\s3_downloads/GOOGL_1772078402.json', 'D:\\ADF_folder\\real-time-stocks-mds\\data\\s3_downloads/GOOGL_1772078435.json', 'D:\\ADF_folder\\real-time-stocks-mds\\data\\s3_downloads/GOOGL_1772078468.json', 'D:\\ADF_folder\\real-time-stocks-mds\\data\\s3_downloads/GOOGL_1772078502.json', 'D:\\ADF_folder\\real-time-stocks-mds\\data\\s3_downloads/GOOGL_1772078535.json', 'D:\\ADF_folder\\real-time-stocks-mds\\data\\s3_downloads/GOOGL_1772078568.json', 'D:\\ADF_folder\\real-time-stocks-mds\\data\\s3_downloads/GOOGL_1772078601.json', 'D:\\ADF_folder\\real-time-stocks-mds\\data\\s3_downloads/GOOGL_1772078635.json', 'D:\\ADF_folder\\real-time-stocks-mds\\data\\s3_downloads/GOOGL_1772078667.json', 'D:\\ADF_folder\\real-time-stocks-mds\\data\\s3_downloads/GOOGL_1772078700.json', 'D:\\ADF_folder\\real-time-stocks-mds\\data\\s3_downloads/GOOGL_1772078733.json', 'D:\\ADF_folder\\real-time-stocks-mds\\data\\s3_downloads/GOOGL_1772078766.json', 'D:\\ADF_folder\\real-time-stocks-mds\\data\\s3_downloads/GOOGL_1772078799.json', 'D:\\ADF_folder\\real-time-stocks-mds\\data\\s3_downloads/GOOGL_1772078832.json', 'D:\\ADF_folder\\real-time-stocks-mds\\data\\s3_downloads/GOOGL_1772078865.json', 'D:\\ADF_folder\\real-time-stocks-mds\\data\\s3_downloads/GOOGL_1772078898.json', 'D:\\ADF_folder\\real-time-stocks-mds\\data\\s3_downloads/GOOGL_1772078931.json', 'D:\\ADF_folder\\real-time-stocks-mds\\data\\s3_downloads/GOOGL_1772078964.json', 'D:\\ADF_folder\\real-time-stocks-mds\\data\\s3_downloads/GOOGL_1772078997.json', 'D:\\ADF_folder\\real-time-stocks-mds\\data\\s3_downloads/GOOGL_1772079030.json', 'D:\\ADF_folder\\real-time-stocks-mds\\data\\s3_downloads/GOOGL_1772079064.json', 'D:\\ADF_folder\\real-time-stocks-mds\\data\\s3_downloads/GOOGL_1772079097.json', 'D:\\ADF_folder\\real-time-stocks-mds\\data\\s3_downloads/GOOGL_1772079130.json', 'D:\\ADF_folder\\real-time-stocks-mds\\data\\s3_downloads/GOOGL_1772079163.json', 'D:\\ADF_folder\\real-time-stocks-mds\\data\\s3_downloads/GOOGL_1772079196.json', 'D:\\ADF_folder\\real-time-stocks-mds\\data\\s3_downloads/GOOGL_1772079229.json', 'D:\\ADF_folder\\real-time-stocks-mds\\data\\s3_downloads/GOOGL_1772079262.json', 'D:\\ADF_folder\\real-time-stocks-mds\\data\\s3_downloads/GOOGL_1772079295.json', 'D:\\ADF_folder\\real-time-stocks-mds\\data\\s3_downloads/AMZN_1771463619.json', 'D:\\ADF_folder\\real-time-stocks-mds\\data\\s3_downloads/AMZN_1771463651.json', 'D:\\ADF_folder\\real-time-stocks-mds\\data\\s3_downloads/AMZN_1771463684.json', 'D:\\ADF_folder\\real-time-stocks-mds\\data\\s3_downloads/AMZN_1771463718.json', 'D:\\ADF_folder\\real-time-stocks-mds\\data\\s3_downloads/AMZN_1771463750.json', 'D:\\ADF_folder\\real-time-stocks-mds\\data\\s3_downloads/AMZN_1771463783.json', 'D:\\ADF_folder\\real-time-stocks-mds\\data\\s3_downloads/AMZN_1771463816.json', 'D:\\ADF_folder\\real-time-stocks-mds\\data\\s3_downloads/AMZN_1771463849.json', 'D:\\ADF_folder\\real-time-stocks-mds\\data\\s3_downloads/AMZN_1771463882.json', 'D:\\ADF_folder\\real-time-stocks-mds\\data\\s3_downloads/AMZN_1771463916.json', 'D:\\ADF_folder\\real-time-stocks-mds\\data\\s3_downloads/AMZN_1771463949.json', 'D:\\ADF_folder\\real-time-stocks-mds\\data\\s3_downloads/AMZN_1771463982.json', 'D:\\ADF_folder\\real-time-stocks-mds\\data\\s3_downloads/AMZN_1771464015.json', 'D:\\ADF_folder\\real-time-stocks-mds\\data\\s3_downloads/AMZN_1771464048.json', 'D:\\ADF_folder\\real-time-stocks-mds\\data\\s3_downloads/AMZN_1771464082.json', 'D:\\ADF_folder\\real-time-stocks-mds\\data\\s3_downloads/AMZN_1771464115.json', 'D:\\ADF_folder\\real-time-stocks-mds\\data\\s3_downloads/AMZN_1771464148.json', 'D:\\ADF_folder\\real-time-stocks-mds\\data\\s3_downloads/AMZN_1771464181.json', 'D:\\ADF_folder\\real-time-stocks-mds\\data\\s3_downloads/AMZN_1771464213.json', 'D:\\ADF_folder\\real-time-stocks-mds\\data\\s3_downloads/AMZN_1771464247.json', 'D:\\ADF_folder\\real-time-stocks-mds\\data\\s3_downloads/AMZN_1771464280.json', 'D:\\ADF_folder\\real-time-stocks-mds\\data\\s3_downloads/AMZN_1771464313.json', 'D:\\ADF_folder\\real-time-stocks-mds\\data\\s3_downloads/AMZN_1771465245.json', 'D:\\ADF_folder\\real-time-stocks-mds\\data\\s3_downloads/AMZN_1771465279.json', 'D:\\ADF_folder\\real-time-stocks-mds\\data\\s3_downloads/AMZN_1771465312.json', 'D:\\ADF_folder\\real-time-stocks-mds\\data\\s3_downloads/AMZN_1771465344.json', 'D:\\ADF_folder\\real-time-stocks-mds\\data\\s3_downloads/AMZN_1771465378.json', 'D:\\ADF_folder\\real-time-stocks-mds\\data\\s3_downloads/AMZN_1771465411.json', 'D:\\ADF_folder\\real-time-stocks-mds\\data\\s3_downloads/AMZN_1771465443.json', 'D:\\ADF_folder\\real-time-stocks-mds\\data\\s3_downloads/AMZN_1771465477.json', 'D:\\ADF_folder\\real-time-stocks-mds\\data\\s3_downloads/AMZN_1771465510.json', 'D:\\ADF_folder\\real-time-stocks-mds\\data\\s3_downloads/AMZN_1771465543.json', 'D:\\ADF_folder\\real-time-stocks-mds\\data\\s3_downloads/AMZN_1771465576.json', 'D:\\ADF_folder\\real-time-stocks-mds\\data\\s3_downloads/AMZN_1772074557.json', 'D:\\ADF_folder\\real-time-stocks-mds\\data\\s3_downloads/AMZN_1772074590.json', 'D:\\ADF_folder\\real-time-stocks-mds\\data\\s3_downloads/AMZN_1772074622.json', 'D:\\ADF_folder\\real-time-stocks-mds\\data\\s3_downloads/AMZN_1772074655.json', 'D:\\ADF_folder\\real-time-stocks-mds\\data\\s3_downloads/AMZN_1772074689.json', 'D:\\ADF_folder\\real-time-stocks-mds\\data\\s3_downloads/AMZN_1772074722.json', 'D:\\ADF_folder\\real-time-stocks-mds\\data\\s3_downloads/AMZN_1772074755.json', 'D:\\ADF_folder\\real-time-stocks-mds\\data\\s3_downloads/AMZN_1772074788.json', 'D:\\ADF_folder\\real-time-stocks-mds\\data\\s3_downloads/AMZN_1772074822.json', 'D:\\ADF_folder\\real-time-stocks-mds\\data\\s3_downloads/AMZN_1772074855.json', 'D:\\ADF_folder\\real-time-stocks-mds\\data\\s3_downloads/AMZN_1772074887.json', 'D:\\ADF_folder\\real-time-stocks-mds\\data\\s3_downloads/AMZN_1772074921.json', 'D:\\ADF_folder\\real-time-stocks-mds\\data\\s3_downloads/AMZN_1772074954.json', 'D:\\ADF_folder\\real-time-stocks-mds\\data\\s3_downloads/AMZN_1772074986.json', 'D:\\ADF_folder\\real-time-stocks-mds\\data\\s3_downloads/AMZN_1772075020.json', 'D:\\ADF_folder\\real-time-stocks-mds\\data\\s3_downloads/AMZN_1772075052.json', 'D:\\ADF_folder\\real-time-stocks-mds\\data\\s3_downloads/AMZN_1772075086.json', 'D:\\ADF_folder\\real-time-stocks-mds\\data\\s3_downloads/AMZN_1772075119.json', 'D:\\ADF_folder\\real-time-stocks-mds\\data\\s3_downloads/AMZN_1772075152.json', 'D:\\ADF_folder\\real-time-stocks-mds\\data\\s3_downloads/AMZN_1772075184.json', 'D:\\ADF_folder\\real-time-stocks-mds\\data\\s3_downloads/AMZN_1772075217.json', 'D:\\ADF_folder\\real-time-stocks-mds\\data\\s3_downloads/AMZN_1772075250.json', 'D:\\ADF_folder\\real-time-stocks-mds\\data\\s3_downloads/AMZN_1772075283.json', 'D:\\ADF_folder\\real-time-stocks-mds\\data\\s3_downloads/AMZN_1772075316.json', 'D:\\ADF_folder\\real-time-stocks-mds\\data\\s3_downloads/AMZN_1772075349.json', 'D:\\ADF_folder\\real-time-stocks-mds\\data\\s3_downloads/AMZN_1772075382.json', 'D:\\ADF_folder\\real-time-stocks-mds\\data\\s3_downloads/AMZN_1772075415.json', 'D:\\ADF_folder\\real-time-stocks-mds\\data\\s3_downloads/AMZN_1772075448.json', 'D:\\ADF_folder\\real-time-stocks-mds\\data\\s3_downloads/AMZN_1772075481.json', 'D:\\ADF_folder\\real-time-stocks-mds\\data\\s3_downloads/AMZN_1772075513.json', 'D:\\ADF_folder\\real-time-stocks-mds\\data\\s3_downloads/AMZN_1772075546.json', 'D:\\ADF_folder\\real-time-stocks-mds\\data\\s3_downloads/AMZN_1772075579.json', 'D:\\ADF_folder\\real-time-stocks-mds\\data\\s3_downloads/AMZN_1772075614.json', 'D:\\ADF_folder\\real-time-stocks-mds\\data\\s3_downloads/AMZN_1772075647.json', 'D:\\ADF_folder\\real-time-stocks-mds\\data\\s3_downloads/AMZN_1772075680.json', 'D:\\ADF_folder\\real-time-stocks-mds\\data\\s3_downloads/AMZN_1772075712.json', 'D:\\ADF_folder\\real-time-stocks-mds\\data\\s3_downloads/AMZN_1772075745.json', 'D:\\ADF_folder\\real-time-stocks-mds\\data\\s3_downloads/AMZN_1772075778.json', 'D:\\ADF_folder\\real-time-stocks-mds\\data\\s3_downloads/AMZN_1772075811.json', 'D:\\ADF_folder\\real-time-stocks-mds\\data\\s3_downloads/AMZN_1772075844.json', 'D:\\ADF_folder\\real-time-stocks-mds\\data\\s3_downloads/AMZN_1772075877.json', 'D:\\ADF_folder\\real-time-stocks-mds\\data\\s3_downloads/AMZN_1772075910.json', 'D:\\ADF_folder\\real-time-stocks-mds\\data\\s3_downloads/AMZN_1772075943.json', 'D:\\ADF_folder\\real-time-stocks-mds\\data\\s3_downloads/AMZN_1772075975.json', 'D:\\ADF_folder\\real-time-stocks-mds\\data\\s3_downloads/AMZN_1772076008.json', 'D:\\ADF_folder\\real-time-stocks-mds\\data\\s3_downloads/AMZN_1772076041.json', 'D:\\ADF_folder\\real-time-stocks-mds\\data\\s3_downloads/AMZN_1772076075.json', 'D:\\ADF_folder\\real-time-stocks-mds\\data\\s3_downloads/AMZN_1772076108.json', 'D:\\ADF_folder\\real-time-stocks-mds\\data\\s3_downloads/AMZN_1772076140.json', 'D:\\ADF_folder\\real-time-stocks-mds\\data\\s3_downloads/AMZN_1772076173.json', 'D:\\ADF_folder\\real-time-stocks-mds\\data\\s3_downloads/AMZN_1772076207.json', 'D:\\ADF_folder\\real-time-stocks-mds\\data\\s3_downloads/AMZN_1772076239.json', 'D:\\ADF_folder\\real-time-stocks-mds\\data\\s3_downloads/AMZN_1772076272.json', 'D:\\ADF_folder\\real-time-stocks-mds\\data\\s3_downloads/AMZN_1772076305.json', 'D:\\ADF_folder\\real-time-stocks-mds\\data\\s3_downloads/AMZN_1772076338.json', 'D:\\ADF_folder\\real-time-stocks-mds\\data\\s3_downloads/AMZN_1772076371.json', 'D:\\ADF_folder\\real-time-stocks-mds\\data\\s3_downloads/AMZN_1772076403.json', 'D:\\ADF_folder\\real-time-stocks-mds\\data\\s3_downloads/AMZN_1772076437.json', 'D:\\ADF_folder\\real-time-stocks-mds\\data\\s3_downloads/AMZN_1772076470.json', 'D:\\ADF_folder\\real-time-stocks-mds\\data\\s3_downloads/AMZN_1772076503.json', 'D:\\ADF_folder\\real-time-stocks-mds\\data\\s3_downloads/AMZN_1772076536.json', 'D:\\ADF_folder\\real-time-stocks-mds\\data\\s3_downloads/AMZN_1772076569.json', 'D:\\ADF_folder\\real-time-stocks-mds\\data\\s3_downloads/AMZN_1772076602.json', 'D:\\ADF_folder\\real-time-stocks-mds\\data\\s3_downloads/AMZN_1772076635.json', 'D:\\ADF_folder\\real-time-stocks-mds\\data\\s3_downloads/AMZN_1772076668.json', 'D:\\ADF_folder\\real-time-stocks-mds\\data\\s3_downloads/AMZN_1772076701.json', 'D:\\ADF_folder\\real-time-stocks-mds\\data\\s3_downloads/AMZN_1772076734.json', 'D:\\ADF_folder\\real-time-stocks-mds\\data\\s3_downloads/AMZN_1772076767.json', 'D:\\ADF_folder\\real-time-stocks-mds\\data\\s3_downloads/AMZN_1772076800.json', 'D:\\ADF_folder\\real-time-stocks-mds\\data\\s3_downloads/AMZN_1772076833.json', 'D:\\ADF_folder\\real-time-stocks-mds\\data\\s3_downloads/AMZN_1772076866.json', 'D:\\ADF_folder\\real-time-stocks-mds\\data\\s3_downloads/AMZN_1772076899.json', 'D:\\ADF_folder\\real-time-stocks-mds\\data\\s3_downloads/AMZN_1772076932.json', 'D:\\ADF_folder\\real-time-stocks-mds\\data\\s3_downloads/AMZN_1772076965.json', 'D:\\ADF_folder\\real-time-stocks-mds\\data\\s3_downloads/AMZN_1772076998.json', 'D:\\ADF_folder\\real-time-stocks-mds\\data\\s3_downloads/AMZN_1772077031.json', 'D:\\ADF_folder\\real-time-stocks-mds\\data\\s3_downloads/AMZN_1772077064.json', 'D:\\ADF_folder\\real-time-stocks-mds\\data\\s3_downloads/AMZN_1772077097.json', 'D:\\ADF_folder\\real-time-stocks-mds\\data\\s3_downloads/AMZN_1772077130.json', 'D:\\ADF_folder\\real-time-stocks-mds\\data\\s3_downloads/AMZN_1772077163.json', 'D:\\ADF_folder\\real-time-stocks-mds\\data\\s3_downloads/AMZN_1772077196.json', 'D:\\ADF_folder\\real-time-stocks-mds\\data\\s3_downloads/AMZN_1772077229.json', 'D:\\ADF_folder\\real-time-stocks-mds\\data\\s3_downloads/AMZN_1772077262.json', 'D:\\ADF_folder\\real-time-stocks-mds\\data\\s3_downloads/AMZN_1772077295.json', 'D:\\ADF_folder\\real-time-stocks-mds\\data\\s3_downloads/AMZN_1772077328.json', 'D:\\ADF_folder\\real-time-stocks-mds\\data\\s3_downloads/AMZN_1772077362.json', 'D:\\ADF_folder\\real-time-stocks-mds\\data\\s3_downloads/AMZN_1772077395.json', 'D:\\ADF_folder\\real-time-stocks-mds\\data\\s3_downloads/AMZN_1772077428.json', 'D:\\ADF_folder\\real-time-stocks-mds\\data\\s3_downloads/AMZN_1772077461.json', 'D:\\ADF_folder\\real-time-stocks-mds\\data\\s3_downloads/AMZN_1772077494.json', 'D:\\ADF_folder\\real-time-stocks-mds\\data\\s3_downloads/AMZN_1772077526.json', 'D:\\ADF_folder\\real-time-stocks-mds\\data\\s3_downloads/AMZN_1772077559.json', 'D:\\ADF_folder\\real-time-stocks-mds\\data\\s3_downloads/AMZN_1772077592.json', 'D:\\ADF_folder\\real-time-stocks-mds\\data\\s3_downloads/AMZN_1772077625.json', 'D:\\ADF_folder\\real-time-stocks-mds\\data\\s3_downloads/AMZN_1772077658.json', 'D:\\ADF_folder\\real-time-stocks-mds\\data\\s3_downloads/AMZN_1772077691.json', 'D:\\ADF_folder\\real-time-stocks-mds\\data\\s3_downloads/AMZN_1772077724.json', 'D:\\ADF_folder\\real-time-stocks-mds\\data\\s3_downloads/AMZN_1772077757.json', 'D:\\ADF_folder\\real-time-stocks-mds\\data\\s3_downloads/AMZN_1772077790.json', 'D:\\ADF_folder\\real-time-stocks-mds\\data\\s3_downloads/AMZN_1772077823.json', 'D:\\ADF_folder\\real-time-stocks-mds\\data\\s3_downloads/AMZN_1772077856.json', 'D:\\ADF_folder\\real-time-stocks-mds\\data\\s3_downloads/AMZN_1772077888.json', 'D:\\ADF_folder\\real-time-stocks-mds\\data\\s3_downloads/AMZN_1772077921.json', 'D:\\ADF_folder\\real-time-stocks-mds\\data\\s3_downloads/AMZN_1772077954.json', 'D:\\ADF_folder\\real-time-stocks-mds\\data\\s3_downloads/AMZN_1772077987.json', 'D:\\ADF_folder\\real-time-stocks-mds\\data\\s3_downloads/AMZN_1772078019.json', 'D:\\ADF_folder\\real-time-stocks-mds\\data\\s3_downloads/AMZN_1772078052.json', 'D:\\ADF_folder\\real-time-stocks-mds\\data\\s3_downloads/AMZN_1772078085.json', 'D:\\ADF_folder\\real-time-stocks-mds\\data\\s3_downloads/AMZN_1772078118.json', 'D:\\ADF_folder\\real-time-stocks-mds\\data\\s3_downloads/AMZN_1772078152.json', 'D:\\ADF_folder\\real-time-stocks-mds\\data\\s3_downloads/AMZN_1772078184.json', 'D:\\ADF_folder\\real-time-stocks-mds\\data\\s3_downloads/AMZN_1772078217.json', 'D:\\ADF_folder\\real-time-stocks-mds\\data\\s3_downloads/AMZN_1772078250.json', 'D:\\ADF_folder\\real-time-stocks-mds\\data\\s3_downloads/AMZN_1772078283.json', 'D:\\ADF_folder\\real-time-stocks-mds\\data\\s3_downloads/AMZN_1772078316.json', 'D:\\ADF_folder\\real-time-stocks-mds\\data\\s3_downloads/AMZN_1772078349.json', 'D:\\ADF_folder\\real-time-stocks-mds\\data\\s3_downloads/AMZN_1772078382.json', 'D:\\ADF_folder\\real-time-stocks-mds\\data\\s3_downloads/AMZN_1772078415.json', 'D:\\ADF_folder\\real-time-stocks-mds\\data\\s3_downloads/AMZN_1772078448.json', 'D:\\ADF_folder\\real-time-stocks-mds\\data\\s3_downloads/AMZN_1772078482.json', 'D:\\ADF_folder\\real-time-stocks-mds\\data\\s3_downloads/AMZN_1772078516.json', 'D:\\ADF_folder\\real-time-stocks-mds\\data\\s3_downloads/AMZN_1772078549.json', 'D:\\ADF_folder\\real-time-stocks-mds\\data\\s3_downloads/AMZN_1772078582.json', 'D:\\ADF_folder\\real-time-stocks-mds\\data\\s3_downloads/AMZN_1772078615.json', 'D:\\ADF_folder\\real-time-stocks-mds\\data\\s3_downloads/AMZN_1772078648.json', 'D:\\ADF_folder\\real-time-stocks-mds\\data\\s3_downloads/AMZN_1772078680.json', 'D:\\ADF_folder\\real-time-stocks-mds\\data\\s3_downloads/AMZN_1772078714.json', 'D:\\ADF_folder\\real-time-stocks-mds\\data\\s3_downloads/AMZN_1772078747.json', 'D:\\ADF_folder\\real-time-stocks-mds\\data\\s3_downloads/AMZN_1772078779.json', 'D:\\ADF_folder\\real-time-stocks-mds\\data\\s3_downloads/AMZN_1772078812.json', 'D:\\ADF_folder\\real-time-stocks-mds\\data\\s3_downloads/AMZN_1772078845.json', 'D:\\ADF_folder\\real-time-stocks-mds\\data\\s3_downloads/AMZN_1772078878.json', 'D:\\ADF_folder\\real-time-stocks-mds\\data\\s3_downloads/AMZN_1772078911.json', 'D:\\ADF_folder\\real-time-stocks-mds\\data\\s3_downloads/AMZN_1772078944.json', 'D:\\ADF_folder\\real-time-stocks-mds\\data\\s3_downloads/AMZN_1772078977.json', 'D:\\ADF_folder\\real-time-stocks-mds\\data\\s3_downloads/AMZN_1772079010.json', 'D:\\ADF_folder\\real-time-stocks-mds\\data\\s3_downloads/AMZN_1772079043.json', 'D:\\ADF_folder\\real-time-stocks-mds\\data\\s3_downloads/AMZN_1772079077.json', 'D:\\ADF_folder\\real-time-stocks-mds\\data\\s3_downloads/AMZN_1772079110.json', 'D:\\ADF_folder\\real-time-stocks-mds\\data\\s3_downloads/AMZN_1772079143.json', 'D:\\ADF_folder\\real-time-stocks-mds\\data\\s3_downloads/AMZN_1772079176.json', 'D:\\ADF_folder\\real-time-stocks-mds\\data\\s3_downloads/AMZN_1772079209.json', 'D:\\ADF_folder\\real-time-stocks-mds\\data\\s3_downloads/AMZN_1772079242.json', 'D:\\ADF_folder\\real-time-stocks-mds\\data\\s3_downloads/AMZN_1772079275.json', 'D:\\ADF_folder\\real-time-stocks-mds\\data\\s3_downloads/MSFT_1771463592.json', 'D:\\ADF_folder\\real-time-stocks-mds\\data\\s3_downloads/MSFT_1771463625.json', 'D:\\ADF_folder\\real-time-stocks-mds\\data\\s3_downloads/MSFT_1771463658.json', 'D:\\ADF_folder\\real-time-stocks-mds\\data\\s3_downloads/MSFT_1771463691.json', 'D:\\ADF_folder\\real-time-stocks-mds\\data\\s3_downloads/MSFT_1771463724.json', 'D:\\ADF_folder\\real-time-stocks-mds\\data\\s3_downloads/MSFT_1771463757.json', 'D:\\ADF_folder\\real-time-stocks-mds\\data\\s3_downloads/MSFT_1771463790.json', 'D:\\ADF_folder\\real-time-stocks-mds\\data\\s3_downloads/MSFT_1771463823.json', 'D:\\ADF_folder\\real-time-stocks-mds\\data\\s3_downloads/MSFT_1771463856.json', 'D:\\ADF_folder\\real-time-stocks-mds\\data\\s3_downloads/MSFT_1771463889.json', 'D:\\ADF_folder\\real-time-stocks-mds\\data\\s3_downloads/MSFT_1771463922.json', 'D:\\ADF_folder\\real-time-stocks-mds\\data\\s3_downloads/MSFT_1771463955.json', 'D:\\ADF_folder\\real-time-stocks-mds\\data\\s3_downloads/MSFT_1771463988.json', 'D:\\ADF_folder\\real-time-stocks-mds\\data\\s3_downloads/MSFT_1771464022.json', 'D:\\ADF_folder\\real-time-stocks-mds\\data\\s3_downloads/MSFT_1771464055.json', 'D:\\ADF_folder\\real-time-stocks-mds\\data\\s3_downloads/MSFT_1771464088.json', 'D:\\ADF_folder\\real-time-stocks-mds\\data\\s3_downloads/MSFT_1771464121.json', 'D:\\ADF_folder\\real-time-stocks-mds\\data\\s3_downloads/MSFT_1771464154.json', 'D:\\ADF_folder\\real-time-stocks-mds\\data\\s3_downloads/MSFT_1771464187.json', 'D:\\ADF_folder\\real-time-stocks-mds\\data\\s3_downloads/MSFT_1771464220.json', 'D:\\ADF_folder\\real-time-stocks-mds\\data\\s3_downloads/MSFT_1771464253.json', 'D:\\ADF_folder\\real-time-stocks-mds\\data\\s3_downloads/MSFT_1771464286.json', 'D:\\ADF_folder\\real-time-stocks-mds\\data\\s3_downloads/MSFT_1771464319.json', 'D:\\ADF_folder\\real-time-stocks-mds\\data\\s3_downloads/MSFT_1771465252.json', 'D:\\ADF_folder\\real-time-stocks-mds\\data\\s3_downloads/MSFT_1771465285.json', 'D:\\ADF_folder\\real-time-stocks-mds\\data\\s3_downloads/MSFT_1771465318.json', 'D:\\ADF_folder\\real-time-stocks-mds\\data\\s3_downloads/MSFT_1771465351.json', 'D:\\ADF_folder\\real-time-stocks-mds\\data\\s3_downloads/MSFT_1771465384.json', 'D:\\ADF_folder\\real-time-stocks-mds\\data\\s3_downloads/MSFT_1771465417.json', 'D:\\ADF_folder\\real-time-stocks-mds\\data\\s3_downloads/MSFT_1771465450.json', 'D:\\ADF_folder\\real-time-stocks-mds\\data\\s3_downloads/MSFT_1771465483.json', 'D:\\ADF_folder\\real-time-stocks-mds\\data\\s3_downloads/MSFT_1771465516.json', 'D:\\ADF_folder\\real-time-stocks-mds\\data\\s3_downloads/MSFT_1771465549.json', 'D:\\ADF_folder\\real-time-stocks-mds\\data\\s3_downloads/MSFT_1771465582.json', 'D:\\ADF_folder\\real-time-stocks-mds\\data\\s3_downloads/MSFT_1772074563.json', 'D:\\ADF_folder\\real-time-stocks-mds\\data\\s3_downloads/MSFT_1772074596.json', 'D:\\ADF_folder\\real-time-stocks-mds\\data\\s3_downloads/MSFT_1772074629.json', 'D:\\ADF_folder\\real-time-stocks-mds\\data\\s3_downloads/MSFT_1772074662.json', 'D:\\ADF_folder\\real-time-stocks-mds\\data\\s3_downloads/MSFT_1772074696.json', 'D:\\ADF_folder\\real-time-stocks-mds\\data\\s3_downloads/MSFT_1772074729.json', 'D:\\ADF_folder\\real-time-stocks-mds\\data\\s3_downloads/MSFT_1772074762.json', 'D:\\ADF_folder\\real-time-stocks-mds\\data\\s3_downloads/MSFT_1772074795.json', 'D:\\ADF_folder\\real-time-stocks-mds\\data\\s3_downloads/MSFT_1772074828.json', 'D:\\ADF_folder\\real-time-stocks-mds\\data\\s3_downloads/MSFT_1772074861.json', 'D:\\ADF_folder\\real-time-stocks-mds\\data\\s3_downloads/MSFT_1772074894.json', 'D:\\ADF_folder\\real-time-stocks-mds\\data\\s3_downloads/MSFT_1772074927.json', 'D:\\ADF_folder\\real-time-stocks-mds\\data\\s3_downloads/MSFT_1772074960.json', 'D:\\ADF_folder\\real-time-stocks-mds\\data\\s3_downloads/MSFT_1772074993.json', 'D:\\ADF_folder\\real-time-stocks-mds\\data\\s3_downloads/MSFT_1772075026.json', 'D:\\ADF_folder\\real-time-stocks-mds\\data\\s3_downloads/MSFT_1772075059.json', 'D:\\ADF_folder\\real-time-stocks-mds\\data\\s3_downloads/MSFT_1772075092.json', 'D:\\ADF_folder\\real-time-stocks-mds\\data\\s3_downloads/MSFT_1772075125.json', 'D:\\ADF_folder\\real-time-stocks-mds\\data\\s3_downloads/MSFT_1772075158.json', 'D:\\ADF_folder\\real-time-stocks-mds\\data\\s3_downloads/MSFT_1772075191.json', 'D:\\ADF_folder\\real-time-stocks-mds\\data\\s3_downloads/MSFT_1772075224.json', 'D:\\ADF_folder\\real-time-stocks-mds\\data\\s3_downloads/MSFT_1772075257.json', 'D:\\ADF_folder\\real-time-stocks-mds\\data\\s3_downloads/MSFT_1772075290.json', 'D:\\ADF_folder\\real-time-stocks-mds\\data\\s3_downloads/MSFT_1772075323.json', 'D:\\ADF_folder\\real-time-stocks-mds\\data\\s3_downloads/MSFT_1772075356.json', 'D:\\ADF_folder\\real-time-stocks-mds\\data\\s3_downloads/MSFT_1772075389.json', 'D:\\ADF_folder\\real-time-stocks-mds\\data\\s3_downloads/MSFT_1772075422.json', 'D:\\ADF_folder\\real-time-stocks-mds\\data\\s3_downloads/MSFT_1772075455.json', 'D:\\ADF_folder\\real-time-stocks-mds\\data\\s3_downloads/MSFT_1772075487.json', 'D:\\ADF_folder\\real-time-stocks-mds\\data\\s3_downloads/MSFT_1772075520.json', 'D:\\ADF_folder\\real-time-stocks-mds\\data\\s3_downloads/MSFT_1772075553.json', 'D:\\ADF_folder\\real-time-stocks-mds\\data\\s3_downloads/MSFT_1772075586.json', 'D:\\ADF_folder\\real-time-stocks-mds\\data\\s3_downloads/MSFT_1772075620.json', 'D:\\ADF_folder\\real-time-stocks-mds\\data\\s3_downloads/MSFT_1772075653.json', 'D:\\ADF_folder\\real-time-stocks-mds\\data\\s3_downloads/MSFT_1772075686.json', 'D:\\ADF_folder\\real-time-stocks-mds\\data\\s3_downloads/MSFT_1772075719.json', 'D:\\ADF_folder\\real-time-stocks-mds\\data\\s3_downloads/MSFT_1772075752.json', 'D:\\ADF_folder\\real-time-stocks-mds\\data\\s3_downloads/MSFT_1772075785.json', 'D:\\ADF_folder\\real-time-stocks-mds\\data\\s3_downloads/MSFT_1772075818.json', 'D:\\ADF_folder\\real-time-stocks-mds\\data\\s3_downloads/MSFT_1772075851.json', 'D:\\ADF_folder\\real-time-stocks-mds\\data\\s3_downloads/MSFT_1772075883.json', 'D:\\ADF_folder\\real-time-stocks-mds\\data\\s3_downloads/MSFT_1772075916.json', 'D:\\ADF_folder\\real-time-stocks-mds\\data\\s3_downloads/MSFT_1772075949.json', 'D:\\ADF_folder\\real-time-stocks-mds\\data\\s3_downloads/MSFT_1772075982.json', 'D:\\ADF_folder\\real-time-stocks-mds\\data\\s3_downloads/MSFT_1772076015.json', 'D:\\ADF_folder\\real-time-stocks-mds\\data\\s3_downloads/MSFT_1772076048.json', 'D:\\ADF_folder\\real-time-stocks-mds\\data\\s3_downloads/MSFT_1772076081.json', 'D:\\ADF_folder\\real-time-stocks-mds\\data\\s3_downloads/MSFT_1772076114.json', 'D:\\ADF_folder\\real-time-stocks-mds\\data\\s3_downloads/MSFT_1772076147.json', 'D:\\ADF_folder\\real-time-stocks-mds\\data\\s3_downloads/MSFT_1772076180.json', 'D:\\ADF_folder\\real-time-stocks-mds\\data\\s3_downloads/MSFT_1772076213.json', 'D:\\ADF_folder\\real-time-stocks-mds\\data\\s3_downloads/MSFT_1772076246.json', 'D:\\ADF_folder\\real-time-stocks-mds\\data\\s3_downloads/MSFT_1772076279.json', 'D:\\ADF_folder\\real-time-stocks-mds\\data\\s3_downloads/MSFT_1772076312.json', 'D:\\ADF_folder\\real-time-stocks-mds\\data\\s3_downloads/MSFT_1772076344.json', 'D:\\ADF_folder\\real-time-stocks-mds\\data\\s3_downloads/MSFT_1772076377.json', 'D:\\ADF_folder\\real-time-stocks-mds\\data\\s3_downloads/MSFT_1772076410.json', 'D:\\ADF_folder\\real-time-stocks-mds\\data\\s3_downloads/MSFT_1772076444.json', 'D:\\ADF_folder\\real-time-stocks-mds\\data\\s3_downloads/MSFT_1772076477.json', 'D:\\ADF_folder\\real-time-stocks-mds\\data\\s3_downloads/MSFT_1772076510.json', 'D:\\ADF_folder\\real-time-stocks-mds\\data\\s3_downloads/MSFT_1772076543.json', 'D:\\ADF_folder\\real-time-stocks-mds\\data\\s3_downloads/MSFT_1772076576.json', 'D:\\ADF_folder\\real-time-stocks-mds\\data\\s3_downloads/MSFT_1772076609.json', 'D:\\ADF_folder\\real-time-stocks-mds\\data\\s3_downloads/MSFT_1772076642.json', 'D:\\ADF_folder\\real-time-stocks-mds\\data\\s3_downloads/MSFT_1772076674.json', 'D:\\ADF_folder\\real-time-stocks-mds\\data\\s3_downloads/MSFT_1772076707.json', 'D:\\ADF_folder\\real-time-stocks-mds\\data\\s3_downloads/MSFT_1772076740.json', 'D:\\ADF_folder\\real-time-stocks-mds\\data\\s3_downloads/MSFT_1772076773.json', 'D:\\ADF_folder\\real-time-stocks-mds\\data\\s3_downloads/MSFT_1772076807.json', 'D:\\ADF_folder\\real-time-stocks-mds\\data\\s3_downloads/MSFT_1772076840.json', 'D:\\ADF_folder\\real-time-stocks-mds\\data\\s3_downloads/MSFT_1772076873.json', 'D:\\ADF_folder\\real-time-stocks-mds\\data\\s3_downloads/MSFT_1772076905.json', 'D:\\ADF_folder\\real-time-stocks-mds\\data\\s3_downloads/MSFT_1772076939.json', 'D:\\ADF_folder\\real-time-stocks-mds\\data\\s3_downloads/MSFT_1772076972.json', 'D:\\ADF_folder\\real-time-stocks-mds\\data\\s3_downloads/MSFT_1772077005.json', 'D:\\ADF_folder\\real-time-stocks-mds\\data\\s3_downloads/MSFT_1772077038.json', 'D:\\ADF_folder\\real-time-stocks-mds\\data\\s3_downloads/MSFT_1772077071.json', 'D:\\ADF_folder\\real-time-stocks-mds\\data\\s3_downloads/MSFT_1772077104.json', 'D:\\ADF_folder\\real-time-stocks-mds\\data\\s3_downloads/MSFT_1772077137.json', 'D:\\ADF_folder\\real-time-stocks-mds\\data\\s3_downloads/MSFT_1772077170.json', 'D:\\ADF_folder\\real-time-stocks-mds\\data\\s3_downloads/MSFT_1772077203.json', 'D:\\ADF_folder\\real-time-stocks-mds\\data\\s3_downloads/MSFT_1772077236.json', 'D:\\ADF_folder\\real-time-stocks-mds\\data\\s3_downloads/MSFT_1772077269.json', 'D:\\ADF_folder\\real-time-stocks-mds\\data\\s3_downloads/MSFT_1772077302.json', 'D:\\ADF_folder\\real-time-stocks-mds\\data\\s3_downloads/MSFT_1772077335.json', 'D:\\ADF_folder\\real-time-stocks-mds\\data\\s3_downloads/MSFT_1772077369.json', 'D:\\ADF_folder\\real-time-stocks-mds\\data\\s3_downloads/MSFT_1772077402.json', 'D:\\ADF_folder\\real-time-stocks-mds\\data\\s3_downloads/MSFT_1772077434.json', 'D:\\ADF_folder\\real-time-stocks-mds\\data\\s3_downloads/MSFT_1772077467.json', 'D:\\ADF_folder\\real-time-stocks-mds\\data\\s3_downloads/MSFT_1772077500.json', 'D:\\ADF_folder\\real-time-stocks-mds\\data\\s3_downloads/MSFT_1772077533.json', 'D:\\ADF_folder\\real-time-stocks-mds\\data\\s3_downloads/MSFT_1772077566.json', 'D:\\ADF_folder\\real-time-stocks-mds\\data\\s3_downloads/MSFT_1772077599.json', 'D:\\ADF_folder\\real-time-stocks-mds\\data\\s3_downloads/MSFT_1772077632.json', 'D:\\ADF_folder\\real-time-stocks-mds\\data\\s3_downloads/MSFT_1772077665.json', 'D:\\ADF_folder\\real-time-stocks-mds\\data\\s3_downloads/MSFT_1772077698.json', 'D:\\ADF_folder\\real-time-stocks-mds\\data\\s3_downloads/MSFT_1772077731.json', 'D:\\ADF_folder\\real-time-stocks-mds\\data\\s3_downloads/MSFT_1772077764.json', 'D:\\ADF_folder\\real-time-stocks-mds\\data\\s3_downloads/MSFT_1772077796.json', 'D:\\ADF_folder\\real-time-stocks-mds\\data\\s3_downloads/MSFT_1772077829.json', 'D:\\ADF_folder\\real-time-stocks-mds\\data\\s3_downloads/MSFT_1772077862.json', 'D:\\ADF_folder\\real-time-stocks-mds\\data\\s3_downloads/MSFT_1772077895.json', 'D:\\ADF_folder\\real-time-stocks-mds\\data\\s3_downloads/MSFT_1772077928.json', 'D:\\ADF_folder\\real-time-stocks-mds\\data\\s3_downloads/MSFT_1772077960.json', 'D:\\ADF_folder\\real-time-stocks-mds\\data\\s3_downloads/MSFT_1772077993.json', 'D:\\ADF_folder\\real-time-stocks-mds\\data\\s3_downloads/MSFT_1772078026.json', 'D:\\ADF_folder\\real-time-stocks-mds\\data\\s3_downloads/MSFT_1772078059.json', 'D:\\ADF_folder\\real-time-stocks-mds\\data\\s3_downloads/MSFT_1772078092.json', 'D:\\ADF_folder\\real-time-stocks-mds\\data\\s3_downloads/MSFT_1772078125.json', 'D:\\ADF_folder\\real-time-stocks-mds\\data\\s3_downloads/MSFT_1772078158.json', 'D:\\ADF_folder\\real-time-stocks-mds\\data\\s3_downloads/MSFT_1772078191.json', 'D:\\ADF_folder\\real-time-stocks-mds\\data\\s3_downloads/MSFT_1772078224.json', 'D:\\ADF_folder\\real-time-stocks-mds\\data\\s3_downloads/MSFT_1772078257.json', 'D:\\ADF_folder\\real-time-stocks-mds\\data\\s3_downloads/MSFT_1772078290.json', 'D:\\ADF_folder\\real-time-stocks-mds\\data\\s3_downloads/MSFT_1772078323.json', 'D:\\ADF_folder\\real-time-stocks-mds\\data\\s3_downloads/MSFT_1772078356.json', 'D:\\ADF_folder\\real-time-stocks-mds\\data\\s3_downloads/MSFT_1772078388.json', 'D:\\ADF_folder\\real-time-stocks-mds\\data\\s3_downloads/MSFT_1772078422.json', 'D:\\ADF_folder\\real-time-stocks-mds\\data\\s3_downloads/MSFT_1772078455.json', 'D:\\ADF_folder\\real-time-stocks-mds\\data\\s3_downloads/MSFT_1772078489.json', 'D:\\ADF_folder\\real-time-stocks-mds\\data\\s3_downloads/MSFT_1772078522.json', 'D:\\ADF_folder\\real-time-stocks-mds\\data\\s3_downloads/MSFT_1772078555.json', 'D:\\ADF_folder\\real-time-stocks-mds\\data\\s3_downloads/MSFT_1772078588.json', 'D:\\ADF_folder\\real-time-stocks-mds\\data\\s3_downloads/MSFT_1772078621.json', 'D:\\ADF_folder\\real-time-stocks-mds\\data\\s3_downloads/MSFT_1772078654.json', 'D:\\ADF_folder\\real-time-stocks-mds\\data\\s3_downloads/MSFT_1772078687.json', 'D:\\ADF_folder\\real-time-stocks-mds\\data\\s3_downloads/MSFT_1772078720.json', 'D:\\ADF_folder\\real-time-stocks-mds\\data\\s3_downloads/MSFT_1772078753.json', 'D:\\ADF_folder\\real-time-stocks-mds\\data\\s3_downloads/MSFT_1772078786.json', 'D:\\ADF_folder\\real-time-stocks-mds\\data\\s3_downloads/MSFT_1772078819.json', 'D:\\ADF_folder\\real-time-stocks-mds\\data\\s3_downloads/MSFT_1772078852.json', 'D:\\ADF_folder\\real-time-stocks-mds\\data\\s3_downloads/MSFT_1772078885.json', 'D:\\ADF_folder\\real-time-stocks-mds\\data\\s3_downloads/MSFT_1772078918.json', 'D:\\ADF_folder\\real-time-stocks-mds\\data\\s3_downloads/MSFT_1772078951.json', 'D:\\ADF_folder\\real-time-stocks-mds\\data\\s3_downloads/MSFT_1772078984.json', 'D:\\ADF_folder\\real-time-stocks-mds\\data\\s3_downloads/MSFT_1772079017.json', 'D:\\ADF_folder\\real-time-stocks-mds\\data\\s3_downloads/MSFT_1772079050.json', 'D:\\ADF_folder\\real-time-stocks-mds\\data\\s3_downloads/MSFT_1772079084.json', 'D:\\ADF_folder\\real-time-stocks-mds\\data\\s3_downloads/MSFT_1772079117.json', 'D:\\ADF_folder\\real-time-stocks-mds\\data\\s3_downloads/MSFT_1772079150.json', 'D:\\ADF_folder\\real-time-stocks-mds\\data\\s3_downloads/MSFT_1772079183.json', 'D:\\ADF_folder\\real-time-stocks-mds\\data\\s3_downloads/MSFT_1772079216.json', 'D:\\ADF_folder\\real-time-stocks-mds\\data\\s3_downloads/MSFT_1772079249.json', 'D:\\ADF_folder\\real-time-stocks-mds\\data\\s3_downloads/MSFT_1772079282.json', 'D:\\ADF_folder\\real-time-stocks-mds\\data\\s3_downloads/TSLA_1771463599.json', 'D:\\ADF_folder\\real-time-stocks-mds\\data\\s3_downloads/TSLA_1771463632.json', 'D:\\ADF_folder\\real-time-stocks-mds\\data\\s3_downloads/TSLA_1771463665.json', 'D:\\ADF_folder\\real-time-stocks-mds\\data\\s3_downloads/TSLA_1771463698.json', 'D:\\ADF_folder\\real-time-stocks-mds\\data\\s3_downloads/TSLA_1771463731.json', 'D:\\ADF_folder\\real-time-stocks-mds\\data\\s3_downloads/TSLA_1771463764.json', 'D:\\ADF_folder\\real-time-stocks-mds\\data\\s3_downloads/TSLA_1771463797.json', 'D:\\ADF_folder\\real-time-stocks-mds\\data\\s3_downloads/TSLA_1771463830.json', 'D:\\ADF_folder\\real-time-stocks-mds\\data\\s3_downloads/TSLA_1771463862.json', 'D:\\ADF_folder\\real-time-stocks-mds\\data\\s3_downloads/TSLA_1771463895.json', 'D:\\ADF_folder\\real-time-stocks-mds\\data\\s3_downloads/TSLA_1771463929.json', 'D:\\ADF_folder\\real-time-stocks-mds\\data\\s3_downloads/TSLA_1771463962.json', 'D:\\ADF_folder\\real-time-stocks-mds\\data\\s3_downloads/TSLA_1771463995.json', 'D:\\ADF_folder\\real-time-stocks-mds\\data\\s3_downloads/TSLA_1771464029.json', 'D:\\ADF_folder\\real-time-stocks-mds\\data\\s3_downloads/TSLA_1771464062.json', 'D:\\ADF_folder\\real-time-stocks-mds\\data\\s3_downloads/TSLA_1771464095.json', 'D:\\ADF_folder\\real-time-stocks-mds\\data\\s3_downloads/TSLA_1771464128.json', 'D:\\ADF_folder\\real-time-stocks-mds\\data\\s3_downloads/TSLA_1771464161.json', 'D:\\ADF_folder\\real-time-stocks-mds\\data\\s3_downloads/TSLA_1771464194.json', 'D:\\ADF_folder\\real-time-stocks-mds\\data\\s3_downloads/TSLA_1771464227.json', 'D:\\ADF_folder\\real-time-stocks-mds\\data\\s3_downloads/TSLA_1771464260.json', 'D:\\ADF_folder\\real-time-stocks-mds\\data\\s3_downloads/TSLA_1771464293.json', 'D:\\ADF_folder\\real-time-stocks-mds\\data\\s3_downloads/TSLA_1771464326.json', 'D:\\ADF_folder\\real-time-stocks-mds\\data\\s3_downloads/TSLA_1771465259.json', 'D:\\ADF_folder\\real-time-stocks-mds\\data\\s3_downloads/TSLA_1771465292.json', 'D:\\ADF_folder\\real-time-stocks-mds\\data\\s3_downloads/TSLA_1771465325.json', 'D:\\ADF_folder\\real-time-stocks-mds\\data\\s3_downloads/TSLA_1771465358.json', 'D:\\ADF_folder\\real-time-stocks-mds\\data\\s3_downloads/TSLA_1771465391.json', 'D:\\ADF_folder\\real-time-stocks-mds\\data\\s3_downloads/TSLA_1771465424.json', 'D:\\ADF_folder\\real-time-stocks-mds\\data\\s3_downloads/TSLA_1771465457.json', 'D:\\ADF_folder\\real-time-stocks-mds\\data\\s3_downloads/TSLA_1771465490.json', 'D:\\ADF_folder\\real-time-stocks-mds\\data\\s3_downloads/TSLA_1771465523.json', 'D:\\ADF_folder\\real-time-stocks-mds\\data\\s3_downloads/TSLA_1771465556.json', 'D:\\ADF_folder\\real-time-stocks-mds\\data\\s3_downloads/TSLA_1772074570.json', 'D:\\ADF_folder\\real-time-stocks-mds\\data\\s3_downloads/TSLA_1772074603.json', 'D:\\ADF_folder\\real-time-stocks-mds\\data\\s3_downloads/TSLA_1772074635.json', 'D:\\ADF_folder\\real-time-stocks-mds\\data\\s3_downloads/TSLA_1772074669.json', 'D:\\ADF_folder\\real-time-stocks-mds\\data\\s3_downloads/TSLA_1772074702.json', 'D:\\ADF_folder\\real-time-stocks-mds\\data\\s3_downloads/TSLA_1772074735.json', 'D:\\ADF_folder\\real-time-stocks-mds\\data\\s3_downloads/TSLA_1772074768.json', 'D:\\ADF_folder\\real-time-stocks-mds\\data\\s3_downloads/TSLA_1772074801.json', 'D:\\ADF_folder\\real-time-stocks-mds\\data\\s3_downloads/TSLA_1772074835.json', 'D:\\ADF_folder\\real-time-stocks-mds\\data\\s3_downloads/TSLA_1772074868.json', 'D:\\ADF_folder\\real-time-stocks-mds\\data\\s3_downloads/TSLA_1772074901.json', 'D:\\ADF_folder\\real-time-stocks-mds\\data\\s3_downloads/TSLA_1772074934.json', 'D:\\ADF_folder\\real-time-stocks-mds\\data\\s3_downloads/TSLA_1772074967.json', 'D:\\ADF_folder\\real-time-stocks-mds\\data\\s3_downloads/TSLA_1772075000.json', 'D:\\ADF_folder\\real-time-stocks-mds\\data\\s3_downloads/TSLA_1772075033.json', 'D:\\ADF_folder\\real-time-stocks-mds\\data\\s3_downloads/TSLA_1772075066.json', 'D:\\ADF_folder\\real-time-stocks-mds\\data\\s3_downloads/TSLA_1772075099.json', 'D:\\ADF_folder\\real-time-stocks-mds\\data\\s3_downloads/TSLA_1772075132.json', 'D:\\ADF_folder\\real-time-stocks-mds\\data\\s3_downloads/TSLA_1772075165.json', 'D:\\ADF_folder\\real-time-stocks-mds\\data\\s3_downloads/TSLA_1772075198.json', 'D:\\ADF_folder\\real-time-stocks-mds\\data\\s3_downloads/TSLA_1772075231.json', 'D:\\ADF_folder\\real-time-stocks-mds\\data\\s3_downloads/TSLA_1772075297.json', 'D:\\ADF_folder\\real-time-stocks-mds\\data\\s3_downloads/TSLA_1772075330.json', 'D:\\ADF_folder\\real-time-stocks-mds\\data\\s3_downloads/TSLA_1772075362.json', 'D:\\ADF_folder\\real-time-stocks-mds\\data\\s3_downloads/TSLA_1772075395.json', 'D:\\ADF_folder\\real-time-stocks-mds\\data\\s3_downloads/TSLA_1772075428.json', 'D:\\ADF_folder\\real-time-stocks-mds\\data\\s3_downloads/TSLA_1772075461.json', 'D:\\ADF_folder\\real-time-stocks-mds\\data\\s3_downloads/TSLA_1772075494.json', 'D:\\ADF_folder\\real-time-stocks-mds\\data\\s3_downloads/TSLA_1772075527.json', 'D:\\ADF_folder\\real-time-stocks-mds\\data\\s3_downloads/TSLA_1772075560.json', 'D:\\ADF_folder\\real-time-stocks-mds\\data\\s3_downloads/TSLA_1772075594.json', 'D:\\ADF_folder\\real-time-stocks-mds\\data\\s3_downloads/TSLA_1772075627.json', 'D:\\ADF_folder\\real-time-stocks-mds\\data\\s3_downloads/TSLA_1772075660.json', 'D:\\ADF_folder\\real-time-stocks-mds\\data\\s3_downloads/TSLA_1772075693.json', 'D:\\ADF_folder\\real-time-stocks-mds\\data\\s3_downloads/TSLA_1772075726.json', 'D:\\ADF_folder\\real-time-stocks-mds\\data\\s3_downloads/TSLA_1772075759.json', 'D:\\ADF_folder\\real-time-stocks-mds\\data\\s3_downloads/TSLA_1772075792.json', 'D:\\ADF_folder\\real-time-stocks-mds\\data\\s3_downloads/TSLA_1772075824.json', 'D:\\ADF_folder\\real-time-stocks-mds\\data\\s3_downloads/TSLA_1772075857.json', 'D:\\ADF_folder\\real-time-stocks-mds\\data\\s3_downloads/TSLA_1772075890.json', 'D:\\ADF_folder\\real-time-stocks-mds\\data\\s3_downloads/TSLA_1772075923.json', 'D:\\ADF_folder\\real-time-stocks-mds\\data\\s3_downloads/TSLA_1772075956.json', 'D:\\ADF_folder\\real-time-stocks-mds\\data\\s3_downloads/TSLA_1772075989.json', 'D:\\ADF_folder\\real-time-stocks-mds\\data\\s3_downloads/TSLA_1772076021.json', 'D:\\ADF_folder\\real-time-stocks-mds\\data\\s3_downloads/TSLA_1772076055.json', 'D:\\ADF_folder\\real-time-stocks-mds\\data\\s3_downloads/TSLA_1772076088.json', 'D:\\ADF_folder\\real-time-stocks-mds\\data\\s3_downloads/TSLA_1772076121.json', 'D:\\ADF_folder\\real-time-stocks-mds\\data\\s3_downloads/TSLA_1772076154.json', 'D:\\ADF_folder\\real-time-stocks-mds\\data\\s3_downloads/TSLA_1772076187.json', 'D:\\ADF_folder\\real-time-stocks-mds\\data\\s3_downloads/TSLA_1772076220.json', 'D:\\ADF_folder\\real-time-stocks-mds\\data\\s3_downloads/TSLA_1772076253.json', 'D:\\ADF_folder\\real-time-stocks-mds\\data\\s3_downloads/TSLA_1772076285.json', 'D:\\ADF_folder\\real-time-stocks-mds\\data\\s3_downloads/TSLA_1772076318.json', 'D:\\ADF_folder\\real-time-stocks-mds\\data\\s3_downloads/TSLA_1772076351.json', 'D:\\ADF_folder\\real-time-stocks-mds\\data\\s3_downloads/TSLA_1772076384.json', 'D:\\ADF_folder\\real-time-stocks-mds\\data\\s3_downloads/TSLA_1772076417.json', 'D:\\ADF_folder\\real-time-stocks-mds\\data\\s3_downloads/TSLA_1772076451.json', 'D:\\ADF_folder\\real-time-stocks-mds\\data\\s3_downloads/TSLA_1772076484.json', 'D:\\ADF_folder\\real-time-stocks-mds\\data\\s3_downloads/TSLA_1772076516.json', 'D:\\ADF_folder\\real-time-stocks-mds\\data\\s3_downloads/TSLA_1772076549.json', 'D:\\ADF_folder\\real-time-stocks-mds\\data\\s3_downloads/TSLA_1772076582.json', 'D:\\ADF_folder\\real-time-stocks-mds\\data\\s3_downloads/TSLA_1772076615.json', 'D:\\ADF_folder\\real-time-stocks-mds\\data\\s3_downloads/TSLA_1772076648.json', 'D:\\ADF_folder\\real-time-stocks-mds\\data\\s3_downloads/TSLA_1772076681.json', 'D:\\ADF_folder\\real-time-stocks-mds\\data\\s3_downloads/TSLA_1772076714.json', 'D:\\ADF_folder\\real-time-stocks-mds\\data\\s3_downloads/TSLA_1772076747.json', 'D:\\ADF_folder\\real-time-stocks-mds\\data\\s3_downloads/TSLA_1772076780.json', 'D:\\ADF_folder\\real-time-stocks-mds\\data\\s3_downloads/TSLA_1772076813.json', 'D:\\ADF_folder\\real-time-stocks-mds\\data\\s3_downloads/TSLA_1772076846.json', 'D:\\ADF_folder\\real-time-stocks-mds\\data\\s3_downloads/TSLA_1772076879.json', 'D:\\ADF_folder\\real-time-stocks-mds\\data\\s3_downloads/TSLA_1772076912.json', 'D:\\ADF_folder\\real-time-stocks-mds\\data\\s3_downloads/TSLA_1772076945.json', 'D:\\ADF_folder\\real-time-stocks-mds\\data\\s3_downloads/TSLA_1772076978.json', 'D:\\ADF_folder\\real-time-stocks-mds\\data\\s3_downloads/TSLA_1772077011.json', 'D:\\ADF_folder\\real-time-stocks-mds\\data\\s3_downloads/TSLA_1772077044.json', 'D:\\ADF_folder\\real-time-stocks-mds\\data\\s3_downloads/TSLA_1772077077.json', 'D:\\ADF_folder\\real-time-stocks-mds\\data\\s3_downloads/TSLA_1772077110.json', 'D:\\ADF_folder\\real-time-stocks-mds\\data\\s3_downloads/TSLA_1772077143.json', 'D:\\ADF_folder\\real-time-stocks-mds\\data\\s3_downloads/TSLA_1772077176.json', 'D:\\ADF_folder\\real-time-stocks-mds\\data\\s3_downloads/TSLA_1772077210.json', 'D:\\ADF_folder\\real-time-stocks-mds\\data\\s3_downloads/TSLA_1772077242.json', 'D:\\ADF_folder\\real-time-stocks-mds\\data\\s3_downloads/TSLA_1772077275.json', 'D:\\ADF_folder\\real-time-stocks-mds\\data\\s3_downloads/TSLA_1772077309.json', 'D:\\ADF_folder\\real-time-stocks-mds\\data\\s3_downloads/TSLA_1772077341.json', 'D:\\ADF_folder\\real-time-stocks-mds\\data\\s3_downloads/TSLA_1772077375.json', 'D:\\ADF_folder\\real-time-stocks-mds\\data\\s3_downloads/TSLA_1772077408.json', 'D:\\ADF_folder\\real-time-stocks-mds\\data\\s3_downloads/TSLA_1772077441.json', 'D:\\ADF_folder\\real-time-stocks-mds\\data\\s3_downloads/TSLA_1772077474.json', 'D:\\ADF_folder\\real-time-stocks-mds\\data\\s3_downloads/TSLA_1772077507.json', 'D:\\ADF_folder\\real-time-stocks-mds\\data\\s3_downloads/TSLA_1772077539.json', 'D:\\ADF_folder\\real-time-stocks-mds\\data\\s3_downloads/TSLA_1772077572.json', 'D:\\ADF_folder\\real-time-stocks-mds\\data\\s3_downloads/TSLA_1772077605.json', 'D:\\ADF_folder\\real-time-stocks-mds\\data\\s3_downloads/TSLA_1772077638.json', 'D:\\ADF_folder\\real-time-stocks-mds\\data\\s3_downloads/TSLA_1772077671.json', 'D:\\ADF_folder\\real-time-stocks-mds\\data\\s3_downloads/TSLA_1772077704.json', 'D:\\ADF_folder\\real-time-stocks-mds\\data\\s3_downloads/TSLA_1772077737.json', 'D:\\ADF_folder\\real-time-stocks-mds\\data\\s3_downloads/TSLA_1772077770.json', 'D:\\ADF_folder\\real-time-stocks-mds\\data\\s3_downloads/TSLA_1772077803.json', 'D:\\ADF_folder\\real-time-stocks-mds\\data\\s3_downloads/TSLA_1772077836.json', 'D:\\ADF_folder\\real-time-stocks-mds\\data\\s3_downloads/TSLA_1772077869.json', 'D:\\ADF_folder\\real-time-stocks-mds\\data\\s3_downloads/TSLA_1772077901.json', 'D:\\ADF_folder\\real-time-stocks-mds\\data\\s3_downloads/TSLA_1772077934.json', 'D:\\ADF_folder\\real-time-stocks-mds\\data\\s3_downloads/TSLA_1772077967.json', 'D:\\ADF_folder\\real-time-stocks-mds\\data\\s3_downloads/TSLA_1772078000.json', 'D:\\ADF_folder\\real-time-stocks-mds\\data\\s3_downloads/TSLA_1772078033.json', 'D:\\ADF_folder\\real-time-stocks-mds\\data\\s3_downloads/TSLA_1772078065.json', 'D:\\ADF_folder\\real-time-stocks-mds\\data\\s3_downloads/TSLA_1772078098.json', 'D:\\ADF_folder\\real-time-stocks-mds\\data\\s3_downloads/TSLA_1772078132.json', 'D:\\ADF_folder\\real-time-stocks-mds\\data\\s3_downloads/TSLA_1772078165.json', 'D:\\ADF_folder\\real-time-stocks-mds\\data\\s3_downloads/TSLA_1772078198.json', 'D:\\ADF_folder\\real-time-stocks-mds\\data\\s3_downloads/TSLA_1772078230.json', 'D:\\ADF_folder\\real-time-stocks-mds\\data\\s3_downloads/TSLA_1772078264.json', 'D:\\ADF_folder\\real-time-stocks-mds\\data\\s3_downloads/TSLA_1772078297.json', 'D:\\ADF_folder\\real-time-stocks-mds\\data\\s3_downloads/TSLA_1772078329.json', 'D:\\ADF_folder\\real-time-stocks-mds\\data\\s3_downloads/TSLA_1772078362.json', 'D:\\ADF_folder\\real-time-stocks-mds\\data\\s3_downloads/TSLA_1772078395.json', 'D:\\ADF_folder\\real-time-stocks-mds\\data\\s3_downloads/TSLA_1772078429.json', 'D:\\ADF_folder\\real-time-stocks-mds\\data\\s3_downloads/TSLA_1772078462.json', 'D:\\ADF_folder\\real-time-stocks-mds\\data\\s3_downloads/TSLA_1772078496.json', 'D:\\ADF_folder\\real-time-stocks-mds\\data\\s3_downloads/TSLA_1772078529.json', 'D:\\ADF_folder\\real-time-stocks-mds\\data\\s3_downloads/TSLA_1772078562.json', 'D:\\ADF_folder\\real-time-stocks-mds\\data\\s3_downloads/TSLA_1772078595.json', 'D:\\ADF_folder\\real-time-stocks-mds\\data\\s3_downloads/TSLA_1772078628.json', 'D:\\ADF_folder\\real-time-stocks-mds\\data\\s3_downloads/TSLA_1772078661.json', 'D:\\ADF_folder\\real-time-stocks-mds\\data\\s3_downloads/TSLA_1772078694.json', 'D:\\ADF_folder\\real-time-stocks-mds\\data\\s3_downloads/TSLA_1772078727.json', 'D:\\ADF_folder\\real-time-stocks-mds\\data\\s3_downloads/TSLA_1772078760.json', 'D:\\ADF_folder\\real-time-stocks-mds\\data\\s3_downloads/TSLA_1772078793.json', 'D:\\ADF_folder\\real-time-stocks-mds\\data\\s3_downloads/TSLA_1772078826.json', 'D:\\ADF_folder\\real-time-stocks-mds\\data\\s3_downloads/TSLA_1772078859.json', 'D:\\ADF_folder\\real-time-stocks-mds\\data\\s3_downloads/TSLA_1772078891.json', 'D:\\ADF_folder\\real-time-stocks-mds\\data\\s3_downloads/TSLA_1772078924.json', 'D:\\ADF_folder\\real-time-stocks-mds\\data\\s3_downloads/TSLA_1772078957.json', 'D:\\ADF_folder\\real-time-stocks-mds\\data\\s3_downloads/TSLA_1772078990.json', 'D:\\ADF_folder\\real-time-stocks-mds\\data\\s3_downloads/TSLA_1772079024.json', 'D:\\ADF_folder\\real-time-stocks-mds\\data\\s3_downloads/TSLA_1772079057.json', 'D:\\ADF_folder\\real-time-stocks-mds\\data\\s3_downloads/TSLA_1772079090.json', 'D:\\ADF_folder\\real-time-stocks-mds\\data\\s3_downloads/TSLA_1772079123.json', 'D:\\ADF_folder\\real-time-stocks-mds\\data\\s3_downloads/TSLA_1772079156.json', 'D:\\ADF_folder\\real-time-stocks-mds\\data\\s3_downloads/TSLA_1772079189.json', 'D:\\ADF_folder\\real-time-stocks-mds\\data\\s3_downloads/TSLA_1772079223.json', 'D:\\ADF_folder\\real-time-stocks-mds\\data\\s3_downloads/TSLA_1772079255.json', 'D:\\ADF_folder\\real-time-stocks-mds\\data\\s3_downloads/TSLA_1772079288.json']
[2026-03-01T05:54:41.586+0000] {taskinstance.py:1138} INFO - Marking task as SUCCESS. dag_id=s3_to_snowflake, task_id=download_s3, execution_date=20260301T054800, start_date=20260301T054902, end_date=20260301T055441
[2026-03-01T05:54:41.661+0000] {local_task_job_runner.py:234} INFO - Task exited with return code 0
[2026-03-01T05:54:41.725+0000] {taskinstance.py:3280} INFO - 1 downstream tasks scheduled from follow-on schedule check
