[2026-03-01T06:12:03.199+0000] {taskinstance.py:1956} INFO - Dependencies all met for dep_context=non-requeueable deps ti=<TaskInstance: s3_to_snowflake.download_s3 scheduled__2026-03-01T06:11:00+00:00 [queued]>
[2026-03-01T06:12:03.213+0000] {taskinstance.py:1956} INFO - Dependencies all met for dep_context=requeueable deps ti=<TaskInstance: s3_to_snowflake.download_s3 scheduled__2026-03-01T06:11:00+00:00 [queued]>
[2026-03-01T06:12:03.214+0000] {taskinstance.py:2170} INFO - Starting attempt 1 of 2
[2026-03-01T06:12:03.234+0000] {taskinstance.py:2191} INFO - Executing <Task(PythonOperator): download_s3> on 2026-03-01 06:11:00+00:00
[2026-03-01T06:12:03.245+0000] {standard_task_runner.py:60} INFO - Started process 58654 to run task
[2026-03-01T06:12:03.251+0000] {standard_task_runner.py:87} INFO - Running: ['***', 'tasks', 'run', 's3_to_snowflake', 'download_s3', 'scheduled__2026-03-01T06:11:00+00:00', '--job-id', '227', '--raw', '--subdir', 'DAGS_FOLDER/s3_to_snowflake.py', '--cfg-path', '/tmp/tmpa9yexdwk']
[2026-03-01T06:12:03.256+0000] {standard_task_runner.py:88} INFO - Job 227: Subtask download_s3
[2026-03-01T06:12:03.352+0000] {task_command.py:423} INFO - Running <TaskInstance: s3_to_snowflake.download_s3 scheduled__2026-03-01T06:11:00+00:00 [running]> on host a9cf6eed2116
[2026-03-01T06:12:03.816+0000] {taskinstance.py:2480} INFO - Exporting env vars: AIRFLOW_CTX_DAG_OWNER='***' AIRFLOW_CTX_DAG_ID='s3_to_snowflake' AIRFLOW_CTX_TASK_ID='download_s3' AIRFLOW_CTX_EXECUTION_DATE='2026-03-01T06:11:00+00:00' AIRFLOW_CTX_TRY_NUMBER='1' AIRFLOW_CTX_DAG_RUN_ID='scheduled__2026-03-01T06:11:00+00:00'
[2026-03-01T06:12:03.844+0000] {credentials.py:1147} INFO - Found credentials in environment variables.
[2026-03-01T06:12:03.967+0000] {logging_mixin.py:188} INFO - in the function************************
[2026-03-01T06:12:03.976+0000] {logging_mixin.py:188} INFO - 
Processing prefix: bronze/AAPL/
[2026-03-01T06:12:05.355+0000] {logging_mixin.py:188} INFO - Downloaded bronze/AAPL/1771463612.json -> D:\ADF_folder\real-time-stocks-mds\data\s3_downloads/AAPL_1771463612.json
[2026-03-01T06:12:05.754+0000] {logging_mixin.py:188} INFO - Downloaded bronze/AAPL/1771463645.json -> D:\ADF_folder\real-time-stocks-mds\data\s3_downloads/AAPL_1771463645.json
[2026-03-01T06:12:06.150+0000] {logging_mixin.py:188} INFO - Downloaded bronze/AAPL/1771463678.json -> D:\ADF_folder\real-time-stocks-mds\data\s3_downloads/AAPL_1771463678.json
[2026-03-01T06:12:06.545+0000] {logging_mixin.py:188} INFO - Downloaded bronze/AAPL/1771463711.json -> D:\ADF_folder\real-time-stocks-mds\data\s3_downloads/AAPL_1771463711.json
[2026-03-01T06:12:06.953+0000] {logging_mixin.py:188} INFO - Downloaded bronze/AAPL/1771463744.json -> D:\ADF_folder\real-time-stocks-mds\data\s3_downloads/AAPL_1771463744.json
[2026-03-01T06:12:07.346+0000] {logging_mixin.py:188} INFO - Downloaded bronze/AAPL/1771463777.json -> D:\ADF_folder\real-time-stocks-mds\data\s3_downloads/AAPL_1771463777.json
[2026-03-01T06:12:07.738+0000] {logging_mixin.py:188} INFO - Downloaded bronze/AAPL/1771463810.json -> D:\ADF_folder\real-time-stocks-mds\data\s3_downloads/AAPL_1771463810.json
[2026-03-01T06:12:08.133+0000] {logging_mixin.py:188} INFO - Downloaded bronze/AAPL/1771463843.json -> D:\ADF_folder\real-time-stocks-mds\data\s3_downloads/AAPL_1771463843.json
[2026-03-01T06:12:08.545+0000] {logging_mixin.py:188} INFO - Downloaded bronze/AAPL/1771463876.json -> D:\ADF_folder\real-time-stocks-mds\data\s3_downloads/AAPL_1771463876.json
[2026-03-01T06:12:08.936+0000] {logging_mixin.py:188} INFO - Downloaded bronze/AAPL/1771463909.json -> D:\ADF_folder\real-time-stocks-mds\data\s3_downloads/AAPL_1771463909.json
[2026-03-01T06:12:09.334+0000] {logging_mixin.py:188} INFO - Downloaded bronze/AAPL/1771463942.json -> D:\ADF_folder\real-time-stocks-mds\data\s3_downloads/AAPL_1771463942.json
[2026-03-01T06:12:09.732+0000] {logging_mixin.py:188} INFO - Downloaded bronze/AAPL/1771463975.json -> D:\ADF_folder\real-time-stocks-mds\data\s3_downloads/AAPL_1771463975.json
[2026-03-01T06:12:10.127+0000] {logging_mixin.py:188} INFO - Downloaded bronze/AAPL/1771464008.json -> D:\ADF_folder\real-time-stocks-mds\data\s3_downloads/AAPL_1771464008.json
[2026-03-01T06:12:10.515+0000] {logging_mixin.py:188} INFO - Downloaded bronze/AAPL/1771464042.json -> D:\ADF_folder\real-time-stocks-mds\data\s3_downloads/AAPL_1771464042.json
[2026-03-01T06:12:10.925+0000] {logging_mixin.py:188} INFO - Downloaded bronze/AAPL/1771464075.json -> D:\ADF_folder\real-time-stocks-mds\data\s3_downloads/AAPL_1771464075.json
[2026-03-01T06:12:11.329+0000] {logging_mixin.py:188} INFO - Downloaded bronze/AAPL/1771464108.json -> D:\ADF_folder\real-time-stocks-mds\data\s3_downloads/AAPL_1771464108.json
[2026-03-01T06:12:11.718+0000] {logging_mixin.py:188} INFO - Downloaded bronze/AAPL/1771464141.json -> D:\ADF_folder\real-time-stocks-mds\data\s3_downloads/AAPL_1771464141.json
[2026-03-01T06:12:12.111+0000] {logging_mixin.py:188} INFO - Downloaded bronze/AAPL/1771464174.json -> D:\ADF_folder\real-time-stocks-mds\data\s3_downloads/AAPL_1771464174.json
[2026-03-01T06:12:12.520+0000] {logging_mixin.py:188} INFO - Downloaded bronze/AAPL/1771464207.json -> D:\ADF_folder\real-time-stocks-mds\data\s3_downloads/AAPL_1771464207.json
[2026-03-01T06:12:12.955+0000] {logging_mixin.py:188} INFO - Downloaded bronze/AAPL/1771464240.json -> D:\ADF_folder\real-time-stocks-mds\data\s3_downloads/AAPL_1771464240.json
[2026-03-01T06:12:13.396+0000] {logging_mixin.py:188} INFO - Downloaded bronze/AAPL/1771464273.json -> D:\ADF_folder\real-time-stocks-mds\data\s3_downloads/AAPL_1771464273.json
[2026-03-01T06:12:13.804+0000] {logging_mixin.py:188} INFO - Downloaded bronze/AAPL/1771464306.json -> D:\ADF_folder\real-time-stocks-mds\data\s3_downloads/AAPL_1771464306.json
[2026-03-01T06:12:14.199+0000] {logging_mixin.py:188} INFO - Downloaded bronze/AAPL/1771465239.json -> D:\ADF_folder\real-time-stocks-mds\data\s3_downloads/AAPL_1771465239.json
[2026-03-01T06:12:14.587+0000] {logging_mixin.py:188} INFO - Downloaded bronze/AAPL/1771465272.json -> D:\ADF_folder\real-time-stocks-mds\data\s3_downloads/AAPL_1771465272.json
[2026-03-01T06:12:14.977+0000] {logging_mixin.py:188} INFO - Downloaded bronze/AAPL/1771465305.json -> D:\ADF_folder\real-time-stocks-mds\data\s3_downloads/AAPL_1771465305.json
[2026-03-01T06:12:15.370+0000] {logging_mixin.py:188} INFO - Downloaded bronze/AAPL/1771465338.json -> D:\ADF_folder\real-time-stocks-mds\data\s3_downloads/AAPL_1771465338.json
[2026-03-01T06:12:15.754+0000] {logging_mixin.py:188} INFO - Downloaded bronze/AAPL/1771465371.json -> D:\ADF_folder\real-time-stocks-mds\data\s3_downloads/AAPL_1771465371.json
[2026-03-01T06:12:16.141+0000] {logging_mixin.py:188} INFO - Downloaded bronze/AAPL/1771465404.json -> D:\ADF_folder\real-time-stocks-mds\data\s3_downloads/AAPL_1771465404.json
[2026-03-01T06:12:16.535+0000] {logging_mixin.py:188} INFO - Downloaded bronze/AAPL/1771465437.json -> D:\ADF_folder\real-time-stocks-mds\data\s3_downloads/AAPL_1771465437.json
[2026-03-01T06:12:16.906+0000] {logging_mixin.py:188} INFO - Downloaded bronze/AAPL/1771465470.json -> D:\ADF_folder\real-time-stocks-mds\data\s3_downloads/AAPL_1771465470.json
[2026-03-01T06:12:17.268+0000] {logging_mixin.py:188} INFO - Downloaded bronze/AAPL/1771465503.json -> D:\ADF_folder\real-time-stocks-mds\data\s3_downloads/AAPL_1771465503.json
[2026-03-01T06:12:17.642+0000] {logging_mixin.py:188} INFO - Downloaded bronze/AAPL/1771465536.json -> D:\ADF_folder\real-time-stocks-mds\data\s3_downloads/AAPL_1771465536.json
[2026-03-01T06:12:18.012+0000] {logging_mixin.py:188} INFO - Downloaded bronze/AAPL/1771465569.json -> D:\ADF_folder\real-time-stocks-mds\data\s3_downloads/AAPL_1771465569.json
[2026-03-01T06:12:18.385+0000] {logging_mixin.py:188} INFO - Downloaded bronze/AAPL/1772074550.json -> D:\ADF_folder\real-time-stocks-mds\data\s3_downloads/AAPL_1772074550.json
[2026-03-01T06:12:18.748+0000] {logging_mixin.py:188} INFO - Downloaded bronze/AAPL/1772074583.json -> D:\ADF_folder\real-time-stocks-mds\data\s3_downloads/AAPL_1772074583.json
[2026-03-01T06:12:19.118+0000] {logging_mixin.py:188} INFO - Downloaded bronze/AAPL/1772074616.json -> D:\ADF_folder\real-time-stocks-mds\data\s3_downloads/AAPL_1772074616.json
[2026-03-01T06:12:19.493+0000] {logging_mixin.py:188} INFO - Downloaded bronze/AAPL/1772074649.json -> D:\ADF_folder\real-time-stocks-mds\data\s3_downloads/AAPL_1772074649.json
[2026-03-01T06:12:19.869+0000] {logging_mixin.py:188} INFO - Downloaded bronze/AAPL/1772074683.json -> D:\ADF_folder\real-time-stocks-mds\data\s3_downloads/AAPL_1772074683.json
[2026-03-01T06:12:20.243+0000] {logging_mixin.py:188} INFO - Downloaded bronze/AAPL/1772074715.json -> D:\ADF_folder\real-time-stocks-mds\data\s3_downloads/AAPL_1772074715.json
[2026-03-01T06:12:20.620+0000] {logging_mixin.py:188} INFO - Downloaded bronze/AAPL/1772074748.json -> D:\ADF_folder\real-time-stocks-mds\data\s3_downloads/AAPL_1772074748.json
[2026-03-01T06:12:20.994+0000] {logging_mixin.py:188} INFO - Downloaded bronze/AAPL/1772074781.json -> D:\ADF_folder\real-time-stocks-mds\data\s3_downloads/AAPL_1772074781.json
[2026-03-01T06:12:21.370+0000] {logging_mixin.py:188} INFO - Downloaded bronze/AAPL/1772074815.json -> D:\ADF_folder\real-time-stocks-mds\data\s3_downloads/AAPL_1772074815.json
[2026-03-01T06:12:21.595+0000] {logging_mixin.py:188} INFO - Downloaded bronze/AAPL/1772074848.json -> D:\ADF_folder\real-time-stocks-mds\data\s3_downloads/AAPL_1772074848.json
[2026-03-01T06:12:21.144+0000] {logging_mixin.py:188} INFO - Downloaded bronze/AAPL/1772074881.json -> D:\ADF_folder\real-time-stocks-mds\data\s3_downloads/AAPL_1772074881.json
[2026-03-01T06:12:21.512+0000] {logging_mixin.py:188} INFO - Downloaded bronze/AAPL/1772074914.json -> D:\ADF_folder\real-time-stocks-mds\data\s3_downloads/AAPL_1772074914.json
[2026-03-01T06:12:21.883+0000] {logging_mixin.py:188} INFO - Downloaded bronze/AAPL/1772074947.json -> D:\ADF_folder\real-time-stocks-mds\data\s3_downloads/AAPL_1772074947.json
[2026-03-01T06:12:22.250+0000] {logging_mixin.py:188} INFO - Downloaded bronze/AAPL/1772074980.json -> D:\ADF_folder\real-time-stocks-mds\data\s3_downloads/AAPL_1772074980.json
[2026-03-01T06:12:22.632+0000] {logging_mixin.py:188} INFO - Downloaded bronze/AAPL/1772075013.json -> D:\ADF_folder\real-time-stocks-mds\data\s3_downloads/AAPL_1772075013.json
[2026-03-01T06:12:23.003+0000] {logging_mixin.py:188} INFO - Downloaded bronze/AAPL/1772075046.json -> D:\ADF_folder\real-time-stocks-mds\data\s3_downloads/AAPL_1772075046.json
[2026-03-01T06:12:23.822+0000] {logging_mixin.py:188} INFO - Downloaded bronze/AAPL/1772075079.json -> D:\ADF_folder\real-time-stocks-mds\data\s3_downloads/AAPL_1772075079.json
[2026-03-01T06:12:24.205+0000] {logging_mixin.py:188} INFO - Downloaded bronze/AAPL/1772075112.json -> D:\ADF_folder\real-time-stocks-mds\data\s3_downloads/AAPL_1772075112.json
[2026-03-01T06:12:24.579+0000] {logging_mixin.py:188} INFO - Downloaded bronze/AAPL/1772075145.json -> D:\ADF_folder\real-time-stocks-mds\data\s3_downloads/AAPL_1772075145.json
[2026-03-01T06:12:24.946+0000] {logging_mixin.py:188} INFO - Downloaded bronze/AAPL/1772075178.json -> D:\ADF_folder\real-time-stocks-mds\data\s3_downloads/AAPL_1772075178.json
[2026-03-01T06:12:25.317+0000] {logging_mixin.py:188} INFO - Downloaded bronze/AAPL/1772075211.json -> D:\ADF_folder\real-time-stocks-mds\data\s3_downloads/AAPL_1772075211.json
[2026-03-01T06:12:25.689+0000] {logging_mixin.py:188} INFO - Downloaded bronze/AAPL/1772075244.json -> D:\ADF_folder\real-time-stocks-mds\data\s3_downloads/AAPL_1772075244.json
[2026-03-01T06:12:26.066+0000] {logging_mixin.py:188} INFO - Downloaded bronze/AAPL/1772075277.json -> D:\ADF_folder\real-time-stocks-mds\data\s3_downloads/AAPL_1772075277.json
[2026-03-01T06:12:26.438+0000] {logging_mixin.py:188} INFO - Downloaded bronze/AAPL/1772075310.json -> D:\ADF_folder\real-time-stocks-mds\data\s3_downloads/AAPL_1772075310.json
[2026-03-01T06:12:26.812+0000] {logging_mixin.py:188} INFO - Downloaded bronze/AAPL/1772075343.json -> D:\ADF_folder\real-time-stocks-mds\data\s3_downloads/AAPL_1772075343.json
[2026-03-01T06:12:27.190+0000] {logging_mixin.py:188} INFO - Downloaded bronze/AAPL/1772075376.json -> D:\ADF_folder\real-time-stocks-mds\data\s3_downloads/AAPL_1772075376.json
[2026-03-01T06:12:27.564+0000] {logging_mixin.py:188} INFO - Downloaded bronze/AAPL/1772075409.json -> D:\ADF_folder\real-time-stocks-mds\data\s3_downloads/AAPL_1772075409.json
[2026-03-01T06:12:27.945+0000] {logging_mixin.py:188} INFO - Downloaded bronze/AAPL/1772075441.json -> D:\ADF_folder\real-time-stocks-mds\data\s3_downloads/AAPL_1772075441.json
[2026-03-01T06:12:28.320+0000] {logging_mixin.py:188} INFO - Downloaded bronze/AAPL/1772075474.json -> D:\ADF_folder\real-time-stocks-mds\data\s3_downloads/AAPL_1772075474.json
[2026-03-01T06:12:28.702+0000] {logging_mixin.py:188} INFO - Downloaded bronze/AAPL/1772075507.json -> D:\ADF_folder\real-time-stocks-mds\data\s3_downloads/AAPL_1772075507.json
[2026-03-01T06:12:29.080+0000] {logging_mixin.py:188} INFO - Downloaded bronze/AAPL/1772075540.json -> D:\ADF_folder\real-time-stocks-mds\data\s3_downloads/AAPL_1772075540.json
[2026-03-01T06:12:29.456+0000] {logging_mixin.py:188} INFO - Downloaded bronze/AAPL/1772075573.json -> D:\ADF_folder\real-time-stocks-mds\data\s3_downloads/AAPL_1772075573.json
[2026-03-01T06:12:29.828+0000] {logging_mixin.py:188} INFO - Downloaded bronze/AAPL/1772075607.json -> D:\ADF_folder\real-time-stocks-mds\data\s3_downloads/AAPL_1772075607.json
[2026-03-01T06:12:30.209+0000] {logging_mixin.py:188} INFO - Downloaded bronze/AAPL/1772075640.json -> D:\ADF_folder\real-time-stocks-mds\data\s3_downloads/AAPL_1772075640.json
[2026-03-01T06:12:30.597+0000] {logging_mixin.py:188} INFO - Downloaded bronze/AAPL/1772075673.json -> D:\ADF_folder\real-time-stocks-mds\data\s3_downloads/AAPL_1772075673.json
[2026-03-01T06:12:30.975+0000] {logging_mixin.py:188} INFO - Downloaded bronze/AAPL/1772075706.json -> D:\ADF_folder\real-time-stocks-mds\data\s3_downloads/AAPL_1772075706.json
[2026-03-01T06:12:31.353+0000] {logging_mixin.py:188} INFO - Downloaded bronze/AAPL/1772075739.json -> D:\ADF_folder\real-time-stocks-mds\data\s3_downloads/AAPL_1772075739.json
[2026-03-01T06:12:31.733+0000] {logging_mixin.py:188} INFO - Downloaded bronze/AAPL/1772075772.json -> D:\ADF_folder\real-time-stocks-mds\data\s3_downloads/AAPL_1772075772.json
[2026-03-01T06:12:32.110+0000] {logging_mixin.py:188} INFO - Downloaded bronze/AAPL/1772075805.json -> D:\ADF_folder\real-time-stocks-mds\data\s3_downloads/AAPL_1772075805.json
[2026-03-01T06:12:32.493+0000] {logging_mixin.py:188} INFO - Downloaded bronze/AAPL/1772075838.json -> D:\ADF_folder\real-time-stocks-mds\data\s3_downloads/AAPL_1772075838.json
[2026-03-01T06:12:32.879+0000] {logging_mixin.py:188} INFO - Downloaded bronze/AAPL/1772075870.json -> D:\ADF_folder\real-time-stocks-mds\data\s3_downloads/AAPL_1772075870.json
[2026-03-01T06:12:33.267+0000] {logging_mixin.py:188} INFO - Downloaded bronze/AAPL/1772075903.json -> D:\ADF_folder\real-time-stocks-mds\data\s3_downloads/AAPL_1772075903.json
[2026-03-01T06:12:33.646+0000] {logging_mixin.py:188} INFO - Downloaded bronze/AAPL/1772075936.json -> D:\ADF_folder\real-time-stocks-mds\data\s3_downloads/AAPL_1772075936.json
[2026-03-01T06:12:34.023+0000] {logging_mixin.py:188} INFO - Downloaded bronze/AAPL/1772075969.json -> D:\ADF_folder\real-time-stocks-mds\data\s3_downloads/AAPL_1772075969.json
[2026-03-01T06:12:34.402+0000] {logging_mixin.py:188} INFO - Downloaded bronze/AAPL/1772076002.json -> D:\ADF_folder\real-time-stocks-mds\data\s3_downloads/AAPL_1772076002.json
[2026-03-01T06:12:34.786+0000] {logging_mixin.py:188} INFO - Downloaded bronze/AAPL/1772076035.json -> D:\ADF_folder\real-time-stocks-mds\data\s3_downloads/AAPL_1772076035.json
[2026-03-01T06:12:35.170+0000] {logging_mixin.py:188} INFO - Downloaded bronze/AAPL/1772076068.json -> D:\ADF_folder\real-time-stocks-mds\data\s3_downloads/AAPL_1772076068.json
[2026-03-01T06:12:35.547+0000] {logging_mixin.py:188} INFO - Downloaded bronze/AAPL/1772076101.json -> D:\ADF_folder\real-time-stocks-mds\data\s3_downloads/AAPL_1772076101.json
[2026-03-01T06:12:35.949+0000] {logging_mixin.py:188} INFO - Downloaded bronze/AAPL/1772076134.json -> D:\ADF_folder\real-time-stocks-mds\data\s3_downloads/AAPL_1772076134.json
[2026-03-01T06:12:36.342+0000] {logging_mixin.py:188} INFO - Downloaded bronze/AAPL/1772076167.json -> D:\ADF_folder\real-time-stocks-mds\data\s3_downloads/AAPL_1772076167.json
[2026-03-01T06:12:36.746+0000] {logging_mixin.py:188} INFO - Downloaded bronze/AAPL/1772076200.json -> D:\ADF_folder\real-time-stocks-mds\data\s3_downloads/AAPL_1772076200.json
[2026-03-01T06:12:37.144+0000] {logging_mixin.py:188} INFO - Downloaded bronze/AAPL/1772076233.json -> D:\ADF_folder\real-time-stocks-mds\data\s3_downloads/AAPL_1772076233.json
[2026-03-01T06:12:37.541+0000] {logging_mixin.py:188} INFO - Downloaded bronze/AAPL/1772076266.json -> D:\ADF_folder\real-time-stocks-mds\data\s3_downloads/AAPL_1772076266.json
[2026-03-01T06:12:37.941+0000] {logging_mixin.py:188} INFO - Downloaded bronze/AAPL/1772076298.json -> D:\ADF_folder\real-time-stocks-mds\data\s3_downloads/AAPL_1772076298.json
[2026-03-01T06:12:38.334+0000] {logging_mixin.py:188} INFO - Downloaded bronze/AAPL/1772076331.json -> D:\ADF_folder\real-time-stocks-mds\data\s3_downloads/AAPL_1772076331.json
[2026-03-01T06:12:38.727+0000] {logging_mixin.py:188} INFO - Downloaded bronze/AAPL/1772076364.json -> D:\ADF_folder\real-time-stocks-mds\data\s3_downloads/AAPL_1772076364.json
[2026-03-01T06:12:39.127+0000] {logging_mixin.py:188} INFO - Downloaded bronze/AAPL/1772076397.json -> D:\ADF_folder\real-time-stocks-mds\data\s3_downloads/AAPL_1772076397.json
[2026-03-01T06:12:39.521+0000] {logging_mixin.py:188} INFO - Downloaded bronze/AAPL/1772076431.json -> D:\ADF_folder\real-time-stocks-mds\data\s3_downloads/AAPL_1772076431.json
[2026-03-01T06:12:39.913+0000] {logging_mixin.py:188} INFO - Downloaded bronze/AAPL/1772076464.json -> D:\ADF_folder\real-time-stocks-mds\data\s3_downloads/AAPL_1772076464.json
[2026-03-01T06:12:40.317+0000] {logging_mixin.py:188} INFO - Downloaded bronze/AAPL/1772076497.json -> D:\ADF_folder\real-time-stocks-mds\data\s3_downloads/AAPL_1772076497.json
[2026-03-01T06:12:40.715+0000] {logging_mixin.py:188} INFO - Downloaded bronze/AAPL/1772076530.json -> D:\ADF_folder\real-time-stocks-mds\data\s3_downloads/AAPL_1772076530.json
[2026-03-01T06:12:41.083+0000] {logging_mixin.py:188} INFO - Downloaded bronze/AAPL/1772076563.json -> D:\ADF_folder\real-time-stocks-mds\data\s3_downloads/AAPL_1772076563.json
[2026-03-01T06:12:41.450+0000] {logging_mixin.py:188} INFO - Downloaded bronze/AAPL/1772076595.json -> D:\ADF_folder\real-time-stocks-mds\data\s3_downloads/AAPL_1772076595.json
[2026-03-01T06:12:41.817+0000] {logging_mixin.py:188} INFO - Downloaded bronze/AAPL/1772076628.json -> D:\ADF_folder\real-time-stocks-mds\data\s3_downloads/AAPL_1772076628.json
[2026-03-01T06:12:42.191+0000] {logging_mixin.py:188} INFO - Downloaded bronze/AAPL/1772076661.json -> D:\ADF_folder\real-time-stocks-mds\data\s3_downloads/AAPL_1772076661.json
[2026-03-01T06:12:42.571+0000] {logging_mixin.py:188} INFO - Downloaded bronze/AAPL/1772076694.json -> D:\ADF_folder\real-time-stocks-mds\data\s3_downloads/AAPL_1772076694.json
[2026-03-01T06:12:43.378+0000] {logging_mixin.py:188} INFO - Downloaded bronze/AAPL/1772076727.json -> D:\ADF_folder\real-time-stocks-mds\data\s3_downloads/AAPL_1772076727.json
[2026-03-01T06:12:43.744+0000] {logging_mixin.py:188} INFO - Downloaded bronze/AAPL/1772076760.json -> D:\ADF_folder\real-time-stocks-mds\data\s3_downloads/AAPL_1772076760.json
[2026-03-01T06:12:44.124+0000] {logging_mixin.py:188} INFO - Downloaded bronze/AAPL/1772076793.json -> D:\ADF_folder\real-time-stocks-mds\data\s3_downloads/AAPL_1772076793.json
[2026-03-01T06:12:44.504+0000] {logging_mixin.py:188} INFO - Downloaded bronze/AAPL/1772076826.json -> D:\ADF_folder\real-time-stocks-mds\data\s3_downloads/AAPL_1772076826.json
[2026-03-01T06:12:44.878+0000] {logging_mixin.py:188} INFO - Downloaded bronze/AAPL/1772076859.json -> D:\ADF_folder\real-time-stocks-mds\data\s3_downloads/AAPL_1772076859.json
[2026-03-01T06:12:45.256+0000] {logging_mixin.py:188} INFO - Downloaded bronze/AAPL/1772076892.json -> D:\ADF_folder\real-time-stocks-mds\data\s3_downloads/AAPL_1772076892.json
[2026-03-01T06:12:45.629+0000] {logging_mixin.py:188} INFO - Downloaded bronze/AAPL/1772076925.json -> D:\ADF_folder\real-time-stocks-mds\data\s3_downloads/AAPL_1772076925.json
[2026-03-01T06:12:46.006+0000] {logging_mixin.py:188} INFO - Downloaded bronze/AAPL/1772076958.json -> D:\ADF_folder\real-time-stocks-mds\data\s3_downloads/AAPL_1772076958.json
[2026-03-01T06:12:46.384+0000] {logging_mixin.py:188} INFO - Downloaded bronze/AAPL/1772076991.json -> D:\ADF_folder\real-time-stocks-mds\data\s3_downloads/AAPL_1772076991.json
[2026-03-01T06:12:46.763+0000] {logging_mixin.py:188} INFO - Downloaded bronze/AAPL/1772077025.json -> D:\ADF_folder\real-time-stocks-mds\data\s3_downloads/AAPL_1772077025.json
[2026-03-01T06:12:47.136+0000] {logging_mixin.py:188} INFO - Downloaded bronze/AAPL/1772077058.json -> D:\ADF_folder\real-time-stocks-mds\data\s3_downloads/AAPL_1772077058.json
[2026-03-01T06:12:47.508+0000] {logging_mixin.py:188} INFO - Downloaded bronze/AAPL/1772077091.json -> D:\ADF_folder\real-time-stocks-mds\data\s3_downloads/AAPL_1772077091.json
[2026-03-01T06:12:47.881+0000] {logging_mixin.py:188} INFO - Downloaded bronze/AAPL/1772077123.json -> D:\ADF_folder\real-time-stocks-mds\data\s3_downloads/AAPL_1772077123.json
[2026-03-01T06:12:48.259+0000] {logging_mixin.py:188} INFO - Downloaded bronze/AAPL/1772077157.json -> D:\ADF_folder\real-time-stocks-mds\data\s3_downloads/AAPL_1772077157.json
[2026-03-01T06:12:48.653+0000] {logging_mixin.py:188} INFO - Downloaded bronze/AAPL/1772077190.json -> D:\ADF_folder\real-time-stocks-mds\data\s3_downloads/AAPL_1772077190.json
[2026-03-01T06:12:49.023+0000] {logging_mixin.py:188} INFO - Downloaded bronze/AAPL/1772077223.json -> D:\ADF_folder\real-time-stocks-mds\data\s3_downloads/AAPL_1772077223.json
[2026-03-01T06:12:49.393+0000] {logging_mixin.py:188} INFO - Downloaded bronze/AAPL/1772077256.json -> D:\ADF_folder\real-time-stocks-mds\data\s3_downloads/AAPL_1772077256.json
[2026-03-01T06:12:49.759+0000] {logging_mixin.py:188} INFO - Downloaded bronze/AAPL/1772077289.json -> D:\ADF_folder\real-time-stocks-mds\data\s3_downloads/AAPL_1772077289.json
[2026-03-01T06:12:50.132+0000] {logging_mixin.py:188} INFO - Downloaded bronze/AAPL/1772077322.json -> D:\ADF_folder\real-time-stocks-mds\data\s3_downloads/AAPL_1772077322.json
[2026-03-01T06:12:50.509+0000] {logging_mixin.py:188} INFO - Downloaded bronze/AAPL/1772077356.json -> D:\ADF_folder\real-time-stocks-mds\data\s3_downloads/AAPL_1772077356.json
[2026-03-01T06:12:50.001+0000] {logging_mixin.py:188} INFO - Downloaded bronze/AAPL/1772077388.json -> D:\ADF_folder\real-time-stocks-mds\data\s3_downloads/AAPL_1772077388.json
[2026-03-01T06:12:50.384+0000] {logging_mixin.py:188} INFO - Downloaded bronze/AAPL/1772077421.json -> D:\ADF_folder\real-time-stocks-mds\data\s3_downloads/AAPL_1772077421.json
[2026-03-01T06:12:50.764+0000] {logging_mixin.py:188} INFO - Downloaded bronze/AAPL/1772077454.json -> D:\ADF_folder\real-time-stocks-mds\data\s3_downloads/AAPL_1772077454.json
[2026-03-01T06:12:51.151+0000] {logging_mixin.py:188} INFO - Downloaded bronze/AAPL/1772077487.json -> D:\ADF_folder\real-time-stocks-mds\data\s3_downloads/AAPL_1772077487.json
[2026-03-01T06:12:51.535+0000] {logging_mixin.py:188} INFO - Downloaded bronze/AAPL/1772077520.json -> D:\ADF_folder\real-time-stocks-mds\data\s3_downloads/AAPL_1772077520.json
[2026-03-01T06:12:51.924+0000] {logging_mixin.py:188} INFO - Downloaded bronze/AAPL/1772077553.json -> D:\ADF_folder\real-time-stocks-mds\data\s3_downloads/AAPL_1772077553.json
[2026-03-01T06:12:52.302+0000] {logging_mixin.py:188} INFO - Downloaded bronze/AAPL/1772077586.json -> D:\ADF_folder\real-time-stocks-mds\data\s3_downloads/AAPL_1772077586.json
[2026-03-01T06:12:52.673+0000] {logging_mixin.py:188} INFO - Downloaded bronze/AAPL/1772077619.json -> D:\ADF_folder\real-time-stocks-mds\data\s3_downloads/AAPL_1772077619.json
[2026-03-01T06:12:53.048+0000] {logging_mixin.py:188} INFO - Downloaded bronze/AAPL/1772077652.json -> D:\ADF_folder\real-time-stocks-mds\data\s3_downloads/AAPL_1772077652.json
[2026-03-01T06:12:53.428+0000] {logging_mixin.py:188} INFO - Downloaded bronze/AAPL/1772077685.json -> D:\ADF_folder\real-time-stocks-mds\data\s3_downloads/AAPL_1772077685.json
[2026-03-01T06:12:53.799+0000] {logging_mixin.py:188} INFO - Downloaded bronze/AAPL/1772077718.json -> D:\ADF_folder\real-time-stocks-mds\data\s3_downloads/AAPL_1772077718.json
[2026-03-01T06:12:54.166+0000] {logging_mixin.py:188} INFO - Downloaded bronze/AAPL/1772077750.json -> D:\ADF_folder\real-time-stocks-mds\data\s3_downloads/AAPL_1772077750.json
[2026-03-01T06:12:54.533+0000] {logging_mixin.py:188} INFO - Downloaded bronze/AAPL/1772077783.json -> D:\ADF_folder\real-time-stocks-mds\data\s3_downloads/AAPL_1772077783.json
[2026-03-01T06:12:54.908+0000] {logging_mixin.py:188} INFO - Downloaded bronze/AAPL/1772077816.json -> D:\ADF_folder\real-time-stocks-mds\data\s3_downloads/AAPL_1772077816.json
[2026-03-01T06:12:55.272+0000] {logging_mixin.py:188} INFO - Downloaded bronze/AAPL/1772077849.json -> D:\ADF_folder\real-time-stocks-mds\data\s3_downloads/AAPL_1772077849.json
[2026-03-01T06:12:55.646+0000] {logging_mixin.py:188} INFO - Downloaded bronze/AAPL/1772077882.json -> D:\ADF_folder\real-time-stocks-mds\data\s3_downloads/AAPL_1772077882.json
[2026-03-01T06:12:56.019+0000] {logging_mixin.py:188} INFO - Downloaded bronze/AAPL/1772077915.json -> D:\ADF_folder\real-time-stocks-mds\data\s3_downloads/AAPL_1772077915.json
[2026-03-01T06:12:56.391+0000] {logging_mixin.py:188} INFO - Downloaded bronze/AAPL/1772077947.json -> D:\ADF_folder\real-time-stocks-mds\data\s3_downloads/AAPL_1772077947.json
[2026-03-01T06:12:56.769+0000] {logging_mixin.py:188} INFO - Downloaded bronze/AAPL/1772077980.json -> D:\ADF_folder\real-time-stocks-mds\data\s3_downloads/AAPL_1772077980.json
[2026-03-01T06:12:57.147+0000] {logging_mixin.py:188} INFO - Downloaded bronze/AAPL/1772078013.json -> D:\ADF_folder\real-time-stocks-mds\data\s3_downloads/AAPL_1772078013.json
[2026-03-01T06:12:57.517+0000] {logging_mixin.py:188} INFO - Downloaded bronze/AAPL/1772078046.json -> D:\ADF_folder\real-time-stocks-mds\data\s3_downloads/AAPL_1772078046.json
[2026-03-01T06:12:57.890+0000] {logging_mixin.py:188} INFO - Downloaded bronze/AAPL/1772078079.json -> D:\ADF_folder\real-time-stocks-mds\data\s3_downloads/AAPL_1772078079.json
[2026-03-01T06:12:58.271+0000] {logging_mixin.py:188} INFO - Downloaded bronze/AAPL/1772078112.json -> D:\ADF_folder\real-time-stocks-mds\data\s3_downloads/AAPL_1772078112.json
[2026-03-01T06:12:58.646+0000] {logging_mixin.py:188} INFO - Downloaded bronze/AAPL/1772078145.json -> D:\ADF_folder\real-time-stocks-mds\data\s3_downloads/AAPL_1772078145.json
[2026-03-01T06:12:59.024+0000] {logging_mixin.py:188} INFO - Downloaded bronze/AAPL/1772078178.json -> D:\ADF_folder\real-time-stocks-mds\data\s3_downloads/AAPL_1772078178.json
[2026-03-01T06:12:59.398+0000] {logging_mixin.py:188} INFO - Downloaded bronze/AAPL/1772078211.json -> D:\ADF_folder\real-time-stocks-mds\data\s3_downloads/AAPL_1772078211.json
[2026-03-01T06:12:59.779+0000] {logging_mixin.py:188} INFO - Downloaded bronze/AAPL/1772078244.json -> D:\ADF_folder\real-time-stocks-mds\data\s3_downloads/AAPL_1772078244.json
[2026-03-01T06:13:00.184+0000] {logging_mixin.py:188} INFO - Downloaded bronze/AAPL/1772078277.json -> D:\ADF_folder\real-time-stocks-mds\data\s3_downloads/AAPL_1772078277.json
[2026-03-01T06:13:00.581+0000] {logging_mixin.py:188} INFO - Downloaded bronze/AAPL/1772078310.json -> D:\ADF_folder\real-time-stocks-mds\data\s3_downloads/AAPL_1772078310.json
[2026-03-01T06:13:00.999+0000] {logging_mixin.py:188} INFO - Downloaded bronze/AAPL/1772078342.json -> D:\ADF_folder\real-time-stocks-mds\data\s3_downloads/AAPL_1772078342.json
[2026-03-01T06:13:02.045+0000] {logging_mixin.py:188} INFO - Downloaded bronze/AAPL/1772078375.json -> D:\ADF_folder\real-time-stocks-mds\data\s3_downloads/AAPL_1772078375.json
[2026-03-01T06:13:02.496+0000] {logging_mixin.py:188} INFO - Downloaded bronze/AAPL/1772078409.json -> D:\ADF_folder\real-time-stocks-mds\data\s3_downloads/AAPL_1772078409.json
[2026-03-01T06:13:03.004+0000] {logging_mixin.py:188} INFO - Downloaded bronze/AAPL/1772078442.json -> D:\ADF_folder\real-time-stocks-mds\data\s3_downloads/AAPL_1772078442.json
[2026-03-01T06:13:03.518+0000] {logging_mixin.py:188} INFO - Downloaded bronze/AAPL/1772078475.json -> D:\ADF_folder\real-time-stocks-mds\data\s3_downloads/AAPL_1772078475.json
[2026-03-01T06:13:03.991+0000] {logging_mixin.py:188} INFO - Downloaded bronze/AAPL/1772078509.json -> D:\ADF_folder\real-time-stocks-mds\data\s3_downloads/AAPL_1772078509.json
[2026-03-01T06:13:04.455+0000] {logging_mixin.py:188} INFO - Downloaded bronze/AAPL/1772078542.json -> D:\ADF_folder\real-time-stocks-mds\data\s3_downloads/AAPL_1772078542.json
[2026-03-01T06:13:04.903+0000] {logging_mixin.py:188} INFO - Downloaded bronze/AAPL/1772078575.json -> D:\ADF_folder\real-time-stocks-mds\data\s3_downloads/AAPL_1772078575.json
[2026-03-01T06:13:05.365+0000] {logging_mixin.py:188} INFO - Downloaded bronze/AAPL/1772078608.json -> D:\ADF_folder\real-time-stocks-mds\data\s3_downloads/AAPL_1772078608.json
[2026-03-01T06:13:05.805+0000] {logging_mixin.py:188} INFO - Downloaded bronze/AAPL/1772078641.json -> D:\ADF_folder\real-time-stocks-mds\data\s3_downloads/AAPL_1772078641.json
[2026-03-01T06:13:06.243+0000] {logging_mixin.py:188} INFO - Downloaded bronze/AAPL/1772078674.json -> D:\ADF_folder\real-time-stocks-mds\data\s3_downloads/AAPL_1772078674.json
[2026-03-01T06:13:06.687+0000] {logging_mixin.py:188} INFO - Downloaded bronze/AAPL/1772078707.json -> D:\ADF_folder\real-time-stocks-mds\data\s3_downloads/AAPL_1772078707.json
[2026-03-01T06:13:07.127+0000] {logging_mixin.py:188} INFO - Downloaded bronze/AAPL/1772078740.json -> D:\ADF_folder\real-time-stocks-mds\data\s3_downloads/AAPL_1772078740.json
[2026-03-01T06:13:07.516+0000] {logging_mixin.py:188} INFO - Downloaded bronze/AAPL/1772078773.json -> D:\ADF_folder\real-time-stocks-mds\data\s3_downloads/AAPL_1772078773.json
[2026-03-01T06:13:07.914+0000] {logging_mixin.py:188} INFO - Downloaded bronze/AAPL/1772078806.json -> D:\ADF_folder\real-time-stocks-mds\data\s3_downloads/AAPL_1772078806.json
[2026-03-01T06:13:08.303+0000] {logging_mixin.py:188} INFO - Downloaded bronze/AAPL/1772078839.json -> D:\ADF_folder\real-time-stocks-mds\data\s3_downloads/AAPL_1772078839.json
[2026-03-01T06:13:08.685+0000] {logging_mixin.py:188} INFO - Downloaded bronze/AAPL/1772078872.json -> D:\ADF_folder\real-time-stocks-mds\data\s3_downloads/AAPL_1772078872.json
[2026-03-01T06:13:09.081+0000] {logging_mixin.py:188} INFO - Downloaded bronze/AAPL/1772078904.json -> D:\ADF_folder\real-time-stocks-mds\data\s3_downloads/AAPL_1772078904.json
[2026-03-01T06:13:09.468+0000] {logging_mixin.py:188} INFO - Downloaded bronze/AAPL/1772078937.json -> D:\ADF_folder\real-time-stocks-mds\data\s3_downloads/AAPL_1772078937.json
[2026-03-01T06:13:09.856+0000] {logging_mixin.py:188} INFO - Downloaded bronze/AAPL/1772078970.json -> D:\ADF_folder\real-time-stocks-mds\data\s3_downloads/AAPL_1772078970.json
[2026-03-01T06:13:10.242+0000] {logging_mixin.py:188} INFO - Downloaded bronze/AAPL/1772079004.json -> D:\ADF_folder\real-time-stocks-mds\data\s3_downloads/AAPL_1772079004.json
[2026-03-01T06:13:10.653+0000] {logging_mixin.py:188} INFO - Downloaded bronze/AAPL/1772079037.json -> D:\ADF_folder\real-time-stocks-mds\data\s3_downloads/AAPL_1772079037.json
[2026-03-01T06:13:11.034+0000] {logging_mixin.py:188} INFO - Downloaded bronze/AAPL/1772079071.json -> D:\ADF_folder\real-time-stocks-mds\data\s3_downloads/AAPL_1772079071.json
[2026-03-01T06:13:11.418+0000] {logging_mixin.py:188} INFO - Downloaded bronze/AAPL/1772079104.json -> D:\ADF_folder\real-time-stocks-mds\data\s3_downloads/AAPL_1772079104.json
[2026-03-01T06:13:11.798+0000] {logging_mixin.py:188} INFO - Downloaded bronze/AAPL/1772079137.json -> D:\ADF_folder\real-time-stocks-mds\data\s3_downloads/AAPL_1772079137.json
[2026-03-01T06:13:12.177+0000] {logging_mixin.py:188} INFO - Downloaded bronze/AAPL/1772079170.json -> D:\ADF_folder\real-time-stocks-mds\data\s3_downloads/AAPL_1772079170.json
[2026-03-01T06:13:12.556+0000] {logging_mixin.py:188} INFO - Downloaded bronze/AAPL/1772079203.json -> D:\ADF_folder\real-time-stocks-mds\data\s3_downloads/AAPL_1772079203.json
[2026-03-01T06:13:12.937+0000] {logging_mixin.py:188} INFO - Downloaded bronze/AAPL/1772079236.json -> D:\ADF_folder\real-time-stocks-mds\data\s3_downloads/AAPL_1772079236.json
[2026-03-01T06:13:13.320+0000] {logging_mixin.py:188} INFO - Downloaded bronze/AAPL/1772079269.json -> D:\ADF_folder\real-time-stocks-mds\data\s3_downloads/AAPL_1772079269.json
[2026-03-01T06:13:13.321+0000] {logging_mixin.py:188} INFO - 
Processing prefix: bronze/GOOGL/
[2026-03-01T06:13:14.082+0000] {logging_mixin.py:188} INFO - Downloaded bronze/GOOGL/1771463605.json -> D:\ADF_folder\real-time-stocks-mds\data\s3_downloads/GOOGL_1771463605.json
[2026-03-01T06:13:14.444+0000] {logging_mixin.py:188} INFO - Downloaded bronze/GOOGL/1771463638.json -> D:\ADF_folder\real-time-stocks-mds\data\s3_downloads/GOOGL_1771463638.json
[2026-03-01T06:13:14.812+0000] {logging_mixin.py:188} INFO - Downloaded bronze/GOOGL/1771463671.json -> D:\ADF_folder\real-time-stocks-mds\data\s3_downloads/GOOGL_1771463671.json
[2026-03-01T06:13:15.180+0000] {logging_mixin.py:188} INFO - Downloaded bronze/GOOGL/1771463704.json -> D:\ADF_folder\real-time-stocks-mds\data\s3_downloads/GOOGL_1771463704.json
[2026-03-01T06:13:15.548+0000] {logging_mixin.py:188} INFO - Downloaded bronze/GOOGL/1771463737.json -> D:\ADF_folder\real-time-stocks-mds\data\s3_downloads/GOOGL_1771463737.json
[2026-03-01T06:13:15.924+0000] {logging_mixin.py:188} INFO - Downloaded bronze/GOOGL/1771463770.json -> D:\ADF_folder\real-time-stocks-mds\data\s3_downloads/GOOGL_1771463770.json
[2026-03-01T06:13:16.298+0000] {logging_mixin.py:188} INFO - Downloaded bronze/GOOGL/1771463803.json -> D:\ADF_folder\real-time-stocks-mds\data\s3_downloads/GOOGL_1771463803.json
[2026-03-01T06:13:16.674+0000] {logging_mixin.py:188} INFO - Downloaded bronze/GOOGL/1771463836.json -> D:\ADF_folder\real-time-stocks-mds\data\s3_downloads/GOOGL_1771463836.json
[2026-03-01T06:13:17.048+0000] {logging_mixin.py:188} INFO - Downloaded bronze/GOOGL/1771463869.json -> D:\ADF_folder\real-time-stocks-mds\data\s3_downloads/GOOGL_1771463869.json
[2026-03-01T06:13:17.425+0000] {logging_mixin.py:188} INFO - Downloaded bronze/GOOGL/1771463902.json -> D:\ADF_folder\real-time-stocks-mds\data\s3_downloads/GOOGL_1771463902.json
[2026-03-01T06:13:17.813+0000] {logging_mixin.py:188} INFO - Downloaded bronze/GOOGL/1771463936.json -> D:\ADF_folder\real-time-stocks-mds\data\s3_downloads/GOOGL_1771463936.json
[2026-03-01T06:13:18.188+0000] {logging_mixin.py:188} INFO - Downloaded bronze/GOOGL/1771463968.json -> D:\ADF_folder\real-time-stocks-mds\data\s3_downloads/GOOGL_1771463968.json
[2026-03-01T06:13:18.563+0000] {logging_mixin.py:188} INFO - Downloaded bronze/GOOGL/1771464002.json -> D:\ADF_folder\real-time-stocks-mds\data\s3_downloads/GOOGL_1771464002.json
[2026-03-01T06:13:18.951+0000] {logging_mixin.py:188} INFO - Downloaded bronze/GOOGL/1771464035.json -> D:\ADF_folder\real-time-stocks-mds\data\s3_downloads/GOOGL_1771464035.json
[2026-03-01T06:13:19.325+0000] {logging_mixin.py:188} INFO - Downloaded bronze/GOOGL/1771464068.json -> D:\ADF_folder\real-time-stocks-mds\data\s3_downloads/GOOGL_1771464068.json
[2026-03-01T06:13:19.700+0000] {logging_mixin.py:188} INFO - Downloaded bronze/GOOGL/1771464101.json -> D:\ADF_folder\real-time-stocks-mds\data\s3_downloads/GOOGL_1771464101.json
[2026-03-01T06:13:19.033+0000] {logging_mixin.py:188} INFO - Downloaded bronze/GOOGL/1771464134.json -> D:\ADF_folder\real-time-stocks-mds\data\s3_downloads/GOOGL_1771464134.json
[2026-03-01T06:13:19.415+0000] {logging_mixin.py:188} INFO - Downloaded bronze/GOOGL/1771464167.json -> D:\ADF_folder\real-time-stocks-mds\data\s3_downloads/GOOGL_1771464167.json
[2026-03-01T06:13:19.795+0000] {logging_mixin.py:188} INFO - Downloaded bronze/GOOGL/1771464200.json -> D:\ADF_folder\real-time-stocks-mds\data\s3_downloads/GOOGL_1771464200.json
[2026-03-01T06:13:20.181+0000] {logging_mixin.py:188} INFO - Downloaded bronze/GOOGL/1771464233.json -> D:\ADF_folder\real-time-stocks-mds\data\s3_downloads/GOOGL_1771464233.json
[2026-03-01T06:13:20.555+0000] {logging_mixin.py:188} INFO - Downloaded bronze/GOOGL/1771464266.json -> D:\ADF_folder\real-time-stocks-mds\data\s3_downloads/GOOGL_1771464266.json
[2026-03-01T06:13:20.931+0000] {logging_mixin.py:188} INFO - Downloaded bronze/GOOGL/1771464299.json -> D:\ADF_folder\real-time-stocks-mds\data\s3_downloads/GOOGL_1771464299.json
[2026-03-01T06:13:21.802+0000] {logging_mixin.py:188} INFO - Downloaded bronze/GOOGL/1771465232.json -> D:\ADF_folder\real-time-stocks-mds\data\s3_downloads/GOOGL_1771465232.json
[2026-03-01T06:13:22.183+0000] {logging_mixin.py:188} INFO - Downloaded bronze/GOOGL/1771465265.json -> D:\ADF_folder\real-time-stocks-mds\data\s3_downloads/GOOGL_1771465265.json
[2026-03-01T06:13:22.553+0000] {logging_mixin.py:188} INFO - Downloaded bronze/GOOGL/1771465298.json -> D:\ADF_folder\real-time-stocks-mds\data\s3_downloads/GOOGL_1771465298.json
[2026-03-01T06:13:22.927+0000] {logging_mixin.py:188} INFO - Downloaded bronze/GOOGL/1771465331.json -> D:\ADF_folder\real-time-stocks-mds\data\s3_downloads/GOOGL_1771465331.json
[2026-03-01T06:13:23.295+0000] {logging_mixin.py:188} INFO - Downloaded bronze/GOOGL/1771465364.json -> D:\ADF_folder\real-time-stocks-mds\data\s3_downloads/GOOGL_1771465364.json
[2026-03-01T06:13:23.657+0000] {logging_mixin.py:188} INFO - Downloaded bronze/GOOGL/1771465397.json -> D:\ADF_folder\real-time-stocks-mds\data\s3_downloads/GOOGL_1771465397.json
[2026-03-01T06:13:24.043+0000] {logging_mixin.py:188} INFO - Downloaded bronze/GOOGL/1771465430.json -> D:\ADF_folder\real-time-stocks-mds\data\s3_downloads/GOOGL_1771465430.json
[2026-03-01T06:13:24.427+0000] {logging_mixin.py:188} INFO - Downloaded bronze/GOOGL/1771465463.json -> D:\ADF_folder\real-time-stocks-mds\data\s3_downloads/GOOGL_1771465463.json
[2026-03-01T06:13:24.816+0000] {logging_mixin.py:188} INFO - Downloaded bronze/GOOGL/1771465496.json -> D:\ADF_folder\real-time-stocks-mds\data\s3_downloads/GOOGL_1771465496.json
[2026-03-01T06:13:25.202+0000] {logging_mixin.py:188} INFO - Downloaded bronze/GOOGL/1771465529.json -> D:\ADF_folder\real-time-stocks-mds\data\s3_downloads/GOOGL_1771465529.json
[2026-03-01T06:13:25.595+0000] {logging_mixin.py:188} INFO - Downloaded bronze/GOOGL/1771465562.json -> D:\ADF_folder\real-time-stocks-mds\data\s3_downloads/GOOGL_1771465562.json
[2026-03-01T06:13:25.985+0000] {logging_mixin.py:188} INFO - Downloaded bronze/GOOGL/1772074576.json -> D:\ADF_folder\real-time-stocks-mds\data\s3_downloads/GOOGL_1772074576.json
[2026-03-01T06:13:26.372+0000] {logging_mixin.py:188} INFO - Downloaded bronze/GOOGL/1772074609.json -> D:\ADF_folder\real-time-stocks-mds\data\s3_downloads/GOOGL_1772074609.json
[2026-03-01T06:13:26.757+0000] {logging_mixin.py:188} INFO - Downloaded bronze/GOOGL/1772074642.json -> D:\ADF_folder\real-time-stocks-mds\data\s3_downloads/GOOGL_1772074642.json
[2026-03-01T06:13:27.153+0000] {logging_mixin.py:188} INFO - Downloaded bronze/GOOGL/1772074676.json -> D:\ADF_folder\real-time-stocks-mds\data\s3_downloads/GOOGL_1772074676.json
[2026-03-01T06:13:27.542+0000] {logging_mixin.py:188} INFO - Downloaded bronze/GOOGL/1772074709.json -> D:\ADF_folder\real-time-stocks-mds\data\s3_downloads/GOOGL_1772074709.json
[2026-03-01T06:13:27.929+0000] {logging_mixin.py:188} INFO - Downloaded bronze/GOOGL/1772074742.json -> D:\ADF_folder\real-time-stocks-mds\data\s3_downloads/GOOGL_1772074742.json
[2026-03-01T06:13:28.323+0000] {logging_mixin.py:188} INFO - Downloaded bronze/GOOGL/1772074775.json -> D:\ADF_folder\real-time-stocks-mds\data\s3_downloads/GOOGL_1772074775.json
[2026-03-01T06:13:28.704+0000] {logging_mixin.py:188} INFO - Downloaded bronze/GOOGL/1772074808.json -> D:\ADF_folder\real-time-stocks-mds\data\s3_downloads/GOOGL_1772074808.json
[2026-03-01T06:13:29.094+0000] {logging_mixin.py:188} INFO - Downloaded bronze/GOOGL/1772074841.json -> D:\ADF_folder\real-time-stocks-mds\data\s3_downloads/GOOGL_1772074841.json
[2026-03-01T06:13:29.480+0000] {logging_mixin.py:188} INFO - Downloaded bronze/GOOGL/1772074874.json -> D:\ADF_folder\real-time-stocks-mds\data\s3_downloads/GOOGL_1772074874.json
[2026-03-01T06:13:29.857+0000] {logging_mixin.py:188} INFO - Downloaded bronze/GOOGL/1772074907.json -> D:\ADF_folder\real-time-stocks-mds\data\s3_downloads/GOOGL_1772074907.json
[2026-03-01T06:13:30.219+0000] {logging_mixin.py:188} INFO - Downloaded bronze/GOOGL/1772074940.json -> D:\ADF_folder\real-time-stocks-mds\data\s3_downloads/GOOGL_1772074940.json
[2026-03-01T06:13:30.589+0000] {logging_mixin.py:188} INFO - Downloaded bronze/GOOGL/1772074973.json -> D:\ADF_folder\real-time-stocks-mds\data\s3_downloads/GOOGL_1772074973.json
[2026-03-01T06:13:30.951+0000] {logging_mixin.py:188} INFO - Downloaded bronze/GOOGL/1772075006.json -> D:\ADF_folder\real-time-stocks-mds\data\s3_downloads/GOOGL_1772075006.json
[2026-03-01T06:13:31.321+0000] {logging_mixin.py:188} INFO - Downloaded bronze/GOOGL/1772075039.json -> D:\ADF_folder\real-time-stocks-mds\data\s3_downloads/GOOGL_1772075039.json
[2026-03-01T06:13:31.684+0000] {logging_mixin.py:188} INFO - Downloaded bronze/GOOGL/1772075072.json -> D:\ADF_folder\real-time-stocks-mds\data\s3_downloads/GOOGL_1772075072.json
[2026-03-01T06:13:32.079+0000] {logging_mixin.py:188} INFO - Downloaded bronze/GOOGL/1772075105.json -> D:\ADF_folder\real-time-stocks-mds\data\s3_downloads/GOOGL_1772075105.json
[2026-03-01T06:13:32.474+0000] {logging_mixin.py:188} INFO - Downloaded bronze/GOOGL/1772075138.json -> D:\ADF_folder\real-time-stocks-mds\data\s3_downloads/GOOGL_1772075138.json
[2026-03-01T06:13:32.869+0000] {logging_mixin.py:188} INFO - Downloaded bronze/GOOGL/1772075171.json -> D:\ADF_folder\real-time-stocks-mds\data\s3_downloads/GOOGL_1772075171.json
[2026-03-01T06:13:33.264+0000] {logging_mixin.py:188} INFO - Downloaded bronze/GOOGL/1772075204.json -> D:\ADF_folder\real-time-stocks-mds\data\s3_downloads/GOOGL_1772075204.json
[2026-03-01T06:13:33.664+0000] {logging_mixin.py:188} INFO - Downloaded bronze/GOOGL/1772075237.json -> D:\ADF_folder\real-time-stocks-mds\data\s3_downloads/GOOGL_1772075237.json
[2026-03-01T06:13:34.057+0000] {logging_mixin.py:188} INFO - Downloaded bronze/GOOGL/1772075270.json -> D:\ADF_folder\real-time-stocks-mds\data\s3_downloads/GOOGL_1772075270.json
[2026-03-01T06:13:34.446+0000] {logging_mixin.py:188} INFO - Downloaded bronze/GOOGL/1772075303.json -> D:\ADF_folder\real-time-stocks-mds\data\s3_downloads/GOOGL_1772075303.json
[2026-03-01T06:13:34.834+0000] {logging_mixin.py:188} INFO - Downloaded bronze/GOOGL/1772075336.json -> D:\ADF_folder\real-time-stocks-mds\data\s3_downloads/GOOGL_1772075336.json
[2026-03-01T06:13:35.229+0000] {logging_mixin.py:188} INFO - Downloaded bronze/GOOGL/1772075369.json -> D:\ADF_folder\real-time-stocks-mds\data\s3_downloads/GOOGL_1772075369.json
[2026-03-01T06:13:35.622+0000] {logging_mixin.py:188} INFO - Downloaded bronze/GOOGL/1772075402.json -> D:\ADF_folder\real-time-stocks-mds\data\s3_downloads/GOOGL_1772075402.json
[2026-03-01T06:13:36.017+0000] {logging_mixin.py:188} INFO - Downloaded bronze/GOOGL/1772075435.json -> D:\ADF_folder\real-time-stocks-mds\data\s3_downloads/GOOGL_1772075435.json
[2026-03-01T06:13:36.407+0000] {logging_mixin.py:188} INFO - Downloaded bronze/GOOGL/1772075468.json -> D:\ADF_folder\real-time-stocks-mds\data\s3_downloads/GOOGL_1772075468.json
[2026-03-01T06:13:36.788+0000] {logging_mixin.py:188} INFO - Downloaded bronze/GOOGL/1772075500.json -> D:\ADF_folder\real-time-stocks-mds\data\s3_downloads/GOOGL_1772075500.json
[2026-03-01T06:13:37.163+0000] {logging_mixin.py:188} INFO - Downloaded bronze/GOOGL/1772075533.json -> D:\ADF_folder\real-time-stocks-mds\data\s3_downloads/GOOGL_1772075533.json
[2026-03-01T06:13:37.532+0000] {logging_mixin.py:188} INFO - Downloaded bronze/GOOGL/1772075566.json -> D:\ADF_folder\real-time-stocks-mds\data\s3_downloads/GOOGL_1772075566.json
[2026-03-01T06:13:37.905+0000] {logging_mixin.py:188} INFO - Downloaded bronze/GOOGL/1772075600.json -> D:\ADF_folder\real-time-stocks-mds\data\s3_downloads/GOOGL_1772075600.json
[2026-03-01T06:13:38.274+0000] {logging_mixin.py:188} INFO - Downloaded bronze/GOOGL/1772075634.json -> D:\ADF_folder\real-time-stocks-mds\data\s3_downloads/GOOGL_1772075634.json
[2026-03-01T06:13:38.644+0000] {logging_mixin.py:188} INFO - Downloaded bronze/GOOGL/1772075666.json -> D:\ADF_folder\real-time-stocks-mds\data\s3_downloads/GOOGL_1772075666.json
[2026-03-01T06:13:39.016+0000] {logging_mixin.py:188} INFO - Downloaded bronze/GOOGL/1772075699.json -> D:\ADF_folder\real-time-stocks-mds\data\s3_downloads/GOOGL_1772075699.json
[2026-03-01T06:13:39.385+0000] {logging_mixin.py:188} INFO - Downloaded bronze/GOOGL/1772075732.json -> D:\ADF_folder\real-time-stocks-mds\data\s3_downloads/GOOGL_1772075732.json
[2026-03-01T06:13:39.749+0000] {logging_mixin.py:188} INFO - Downloaded bronze/GOOGL/1772075765.json -> D:\ADF_folder\real-time-stocks-mds\data\s3_downloads/GOOGL_1772075765.json
[2026-03-01T06:13:40.127+0000] {logging_mixin.py:188} INFO - Downloaded bronze/GOOGL/1772075798.json -> D:\ADF_folder\real-time-stocks-mds\data\s3_downloads/GOOGL_1772075798.json
[2026-03-01T06:13:40.517+0000] {logging_mixin.py:188} INFO - Downloaded bronze/GOOGL/1772075831.json -> D:\ADF_folder\real-time-stocks-mds\data\s3_downloads/GOOGL_1772075831.json
[2026-03-01T06:13:41.495+0000] {logging_mixin.py:188} INFO - Downloaded bronze/GOOGL/1772075864.json -> D:\ADF_folder\real-time-stocks-mds\data\s3_downloads/GOOGL_1772075864.json
[2026-03-01T06:13:42.021+0000] {logging_mixin.py:188} INFO - Downloaded bronze/GOOGL/1772075896.json -> D:\ADF_folder\real-time-stocks-mds\data\s3_downloads/GOOGL_1772075896.json
[2026-03-01T06:13:42.573+0000] {logging_mixin.py:188} INFO - Downloaded bronze/GOOGL/1772075930.json -> D:\ADF_folder\real-time-stocks-mds\data\s3_downloads/GOOGL_1772075930.json
[2026-03-01T06:13:43.113+0000] {logging_mixin.py:188} INFO - Downloaded bronze/GOOGL/1772075962.json -> D:\ADF_folder\real-time-stocks-mds\data\s3_downloads/GOOGL_1772075962.json
[2026-03-01T06:13:43.651+0000] {logging_mixin.py:188} INFO - Downloaded bronze/GOOGL/1772075995.json -> D:\ADF_folder\real-time-stocks-mds\data\s3_downloads/GOOGL_1772075995.json
[2026-03-01T06:13:44.185+0000] {logging_mixin.py:188} INFO - Downloaded bronze/GOOGL/1772076028.json -> D:\ADF_folder\real-time-stocks-mds\data\s3_downloads/GOOGL_1772076028.json
[2026-03-01T06:13:44.715+0000] {logging_mixin.py:188} INFO - Downloaded bronze/GOOGL/1772076062.json -> D:\ADF_folder\real-time-stocks-mds\data\s3_downloads/GOOGL_1772076062.json
[2026-03-01T06:13:45.249+0000] {logging_mixin.py:188} INFO - Downloaded bronze/GOOGL/1772076094.json -> D:\ADF_folder\real-time-stocks-mds\data\s3_downloads/GOOGL_1772076094.json
[2026-03-01T06:13:45.763+0000] {logging_mixin.py:188} INFO - Downloaded bronze/GOOGL/1772076127.json -> D:\ADF_folder\real-time-stocks-mds\data\s3_downloads/GOOGL_1772076127.json
[2026-03-01T06:13:46.278+0000] {logging_mixin.py:188} INFO - Downloaded bronze/GOOGL/1772076160.json -> D:\ADF_folder\real-time-stocks-mds\data\s3_downloads/GOOGL_1772076160.json
[2026-03-01T06:13:46.792+0000] {logging_mixin.py:188} INFO - Downloaded bronze/GOOGL/1772076193.json -> D:\ADF_folder\real-time-stocks-mds\data\s3_downloads/GOOGL_1772076193.json
[2026-03-01T06:13:47.313+0000] {logging_mixin.py:188} INFO - Downloaded bronze/GOOGL/1772076226.json -> D:\ADF_folder\real-time-stocks-mds\data\s3_downloads/GOOGL_1772076226.json
[2026-03-01T06:13:47.828+0000] {logging_mixin.py:188} INFO - Downloaded bronze/GOOGL/1772076259.json -> D:\ADF_folder\real-time-stocks-mds\data\s3_downloads/GOOGL_1772076259.json
[2026-03-01T06:13:48.365+0000] {logging_mixin.py:188} INFO - Downloaded bronze/GOOGL/1772076292.json -> D:\ADF_folder\real-time-stocks-mds\data\s3_downloads/GOOGL_1772076292.json
[2026-03-01T06:13:47.962+0000] {logging_mixin.py:188} INFO - Downloaded bronze/GOOGL/1772076325.json -> D:\ADF_folder\real-time-stocks-mds\data\s3_downloads/GOOGL_1772076325.json
[2026-03-01T06:13:48.494+0000] {logging_mixin.py:188} INFO - Downloaded bronze/GOOGL/1772076357.json -> D:\ADF_folder\real-time-stocks-mds\data\s3_downloads/GOOGL_1772076357.json
[2026-03-01T06:13:49.031+0000] {logging_mixin.py:188} INFO - Downloaded bronze/GOOGL/1772076390.json -> D:\ADF_folder\real-time-stocks-mds\data\s3_downloads/GOOGL_1772076390.json
[2026-03-01T06:13:49.563+0000] {logging_mixin.py:188} INFO - Downloaded bronze/GOOGL/1772076423.json -> D:\ADF_folder\real-time-stocks-mds\data\s3_downloads/GOOGL_1772076423.json
[2026-03-01T06:13:50.094+0000] {logging_mixin.py:188} INFO - Downloaded bronze/GOOGL/1772076457.json -> D:\ADF_folder\real-time-stocks-mds\data\s3_downloads/GOOGL_1772076457.json
[2026-03-01T06:13:50.617+0000] {logging_mixin.py:188} INFO - Downloaded bronze/GOOGL/1772076490.json -> D:\ADF_folder\real-time-stocks-mds\data\s3_downloads/GOOGL_1772076490.json
[2026-03-01T06:13:51.151+0000] {logging_mixin.py:188} INFO - Downloaded bronze/GOOGL/1772076523.json -> D:\ADF_folder\real-time-stocks-mds\data\s3_downloads/GOOGL_1772076523.json
[2026-03-01T06:13:51.680+0000] {logging_mixin.py:188} INFO - Downloaded bronze/GOOGL/1772076556.json -> D:\ADF_folder\real-time-stocks-mds\data\s3_downloads/GOOGL_1772076556.json
[2026-03-01T06:13:52.209+0000] {logging_mixin.py:188} INFO - Downloaded bronze/GOOGL/1772076589.json -> D:\ADF_folder\real-time-stocks-mds\data\s3_downloads/GOOGL_1772076589.json
[2026-03-01T06:13:52.743+0000] {logging_mixin.py:188} INFO - Downloaded bronze/GOOGL/1772076622.json -> D:\ADF_folder\real-time-stocks-mds\data\s3_downloads/GOOGL_1772076622.json
[2026-03-01T06:13:53.262+0000] {logging_mixin.py:188} INFO - Downloaded bronze/GOOGL/1772076655.json -> D:\ADF_folder\real-time-stocks-mds\data\s3_downloads/GOOGL_1772076655.json
[2026-03-01T06:13:53.786+0000] {logging_mixin.py:188} INFO - Downloaded bronze/GOOGL/1772076687.json -> D:\ADF_folder\real-time-stocks-mds\data\s3_downloads/GOOGL_1772076687.json
[2026-03-01T06:13:54.324+0000] {logging_mixin.py:188} INFO - Downloaded bronze/GOOGL/1772076720.json -> D:\ADF_folder\real-time-stocks-mds\data\s3_downloads/GOOGL_1772076720.json
[2026-03-01T06:13:54.842+0000] {logging_mixin.py:188} INFO - Downloaded bronze/GOOGL/1772076754.json -> D:\ADF_folder\real-time-stocks-mds\data\s3_downloads/GOOGL_1772076754.json
[2026-03-01T06:13:55.357+0000] {logging_mixin.py:188} INFO - Downloaded bronze/GOOGL/1772076787.json -> D:\ADF_folder\real-time-stocks-mds\data\s3_downloads/GOOGL_1772076787.json
[2026-03-01T06:13:55.889+0000] {logging_mixin.py:188} INFO - Downloaded bronze/GOOGL/1772076820.json -> D:\ADF_folder\real-time-stocks-mds\data\s3_downloads/GOOGL_1772076820.json
[2026-03-01T06:13:56.439+0000] {logging_mixin.py:188} INFO - Downloaded bronze/GOOGL/1772076853.json -> D:\ADF_folder\real-time-stocks-mds\data\s3_downloads/GOOGL_1772076853.json
[2026-03-01T06:13:56.984+0000] {logging_mixin.py:188} INFO - Downloaded bronze/GOOGL/1772076886.json -> D:\ADF_folder\real-time-stocks-mds\data\s3_downloads/GOOGL_1772076886.json
[2026-03-01T06:13:57.538+0000] {logging_mixin.py:188} INFO - Downloaded bronze/GOOGL/1772076919.json -> D:\ADF_folder\real-time-stocks-mds\data\s3_downloads/GOOGL_1772076919.json
[2026-03-01T06:13:58.082+0000] {logging_mixin.py:188} INFO - Downloaded bronze/GOOGL/1772076952.json -> D:\ADF_folder\real-time-stocks-mds\data\s3_downloads/GOOGL_1772076952.json
[2026-03-01T06:13:58.626+0000] {logging_mixin.py:188} INFO - Downloaded bronze/GOOGL/1772076985.json -> D:\ADF_folder\real-time-stocks-mds\data\s3_downloads/GOOGL_1772076985.json
[2026-03-01T06:13:59.183+0000] {logging_mixin.py:188} INFO - Downloaded bronze/GOOGL/1772077018.json -> D:\ADF_folder\real-time-stocks-mds\data\s3_downloads/GOOGL_1772077018.json
[2026-03-01T06:13:59.731+0000] {logging_mixin.py:188} INFO - Downloaded bronze/GOOGL/1772077051.json -> D:\ADF_folder\real-time-stocks-mds\data\s3_downloads/GOOGL_1772077051.json
[2026-03-01T06:14:00.275+0000] {logging_mixin.py:188} INFO - Downloaded bronze/GOOGL/1772077084.json -> D:\ADF_folder\real-time-stocks-mds\data\s3_downloads/GOOGL_1772077084.json
[2026-03-01T06:14:00.820+0000] {logging_mixin.py:188} INFO - Downloaded bronze/GOOGL/1772077117.json -> D:\ADF_folder\real-time-stocks-mds\data\s3_downloads/GOOGL_1772077117.json
[2026-03-01T06:14:01.339+0000] {logging_mixin.py:188} INFO - Downloaded bronze/GOOGL/1772077150.json -> D:\ADF_folder\real-time-stocks-mds\data\s3_downloads/GOOGL_1772077150.json
[2026-03-01T06:14:01.849+0000] {logging_mixin.py:188} INFO - Downloaded bronze/GOOGL/1772077183.json -> D:\ADF_folder\real-time-stocks-mds\data\s3_downloads/GOOGL_1772077183.json
[2026-03-01T06:14:02.364+0000] {logging_mixin.py:188} INFO - Downloaded bronze/GOOGL/1772077216.json -> D:\ADF_folder\real-time-stocks-mds\data\s3_downloads/GOOGL_1772077216.json
[2026-03-01T06:14:02.880+0000] {logging_mixin.py:188} INFO - Downloaded bronze/GOOGL/1772077249.json -> D:\ADF_folder\real-time-stocks-mds\data\s3_downloads/GOOGL_1772077249.json
[2026-03-01T06:14:03.389+0000] {logging_mixin.py:188} INFO - Downloaded bronze/GOOGL/1772077282.json -> D:\ADF_folder\real-time-stocks-mds\data\s3_downloads/GOOGL_1772077282.json
[2026-03-01T06:14:03.916+0000] {logging_mixin.py:188} INFO - Downloaded bronze/GOOGL/1772077315.json -> D:\ADF_folder\real-time-stocks-mds\data\s3_downloads/GOOGL_1772077315.json
[2026-03-01T06:14:04.476+0000] {logging_mixin.py:188} INFO - Downloaded bronze/GOOGL/1772077349.json -> D:\ADF_folder\real-time-stocks-mds\data\s3_downloads/GOOGL_1772077349.json
[2026-03-01T06:14:05.031+0000] {logging_mixin.py:188} INFO - Downloaded bronze/GOOGL/1772077382.json -> D:\ADF_folder\real-time-stocks-mds\data\s3_downloads/GOOGL_1772077382.json
[2026-03-01T06:14:05.578+0000] {logging_mixin.py:188} INFO - Downloaded bronze/GOOGL/1772077415.json -> D:\ADF_folder\real-time-stocks-mds\data\s3_downloads/GOOGL_1772077415.json
[2026-03-01T06:14:06.125+0000] {logging_mixin.py:188} INFO - Downloaded bronze/GOOGL/1772077448.json -> D:\ADF_folder\real-time-stocks-mds\data\s3_downloads/GOOGL_1772077448.json
[2026-03-01T06:14:06.667+0000] {logging_mixin.py:188} INFO - Downloaded bronze/GOOGL/1772077481.json -> D:\ADF_folder\real-time-stocks-mds\data\s3_downloads/GOOGL_1772077481.json
[2026-03-01T06:14:07.829+0000] {logging_mixin.py:188} INFO - Downloaded bronze/GOOGL/1772077513.json -> D:\ADF_folder\real-time-stocks-mds\data\s3_downloads/GOOGL_1772077513.json
[2026-03-01T06:14:08.347+0000] {logging_mixin.py:188} INFO - Downloaded bronze/GOOGL/1772077546.json -> D:\ADF_folder\real-time-stocks-mds\data\s3_downloads/GOOGL_1772077546.json
[2026-03-01T06:14:08.863+0000] {logging_mixin.py:188} INFO - Downloaded bronze/GOOGL/1772077579.json -> D:\ADF_folder\real-time-stocks-mds\data\s3_downloads/GOOGL_1772077579.json
[2026-03-01T06:14:09.380+0000] {logging_mixin.py:188} INFO - Downloaded bronze/GOOGL/1772077612.json -> D:\ADF_folder\real-time-stocks-mds\data\s3_downloads/GOOGL_1772077612.json
[2026-03-01T06:14:09.899+0000] {logging_mixin.py:188} INFO - Downloaded bronze/GOOGL/1772077645.json -> D:\ADF_folder\real-time-stocks-mds\data\s3_downloads/GOOGL_1772077645.json
[2026-03-01T06:14:10.415+0000] {logging_mixin.py:188} INFO - Downloaded bronze/GOOGL/1772077678.json -> D:\ADF_folder\real-time-stocks-mds\data\s3_downloads/GOOGL_1772077678.json
[2026-03-01T06:14:10.925+0000] {logging_mixin.py:188} INFO - Downloaded bronze/GOOGL/1772077711.json -> D:\ADF_folder\real-time-stocks-mds\data\s3_downloads/GOOGL_1772077711.json
[2026-03-01T06:14:11.424+0000] {logging_mixin.py:188} INFO - Downloaded bronze/GOOGL/1772077744.json -> D:\ADF_folder\real-time-stocks-mds\data\s3_downloads/GOOGL_1772077744.json
[2026-03-01T06:14:11.937+0000] {logging_mixin.py:188} INFO - Downloaded bronze/GOOGL/1772077777.json -> D:\ADF_folder\real-time-stocks-mds\data\s3_downloads/GOOGL_1772077777.json
[2026-03-01T06:14:12.483+0000] {logging_mixin.py:188} INFO - Downloaded bronze/GOOGL/1772077810.json -> D:\ADF_folder\real-time-stocks-mds\data\s3_downloads/GOOGL_1772077810.json
[2026-03-01T06:14:13.004+0000] {logging_mixin.py:188} INFO - Downloaded bronze/GOOGL/1772077842.json -> D:\ADF_folder\real-time-stocks-mds\data\s3_downloads/GOOGL_1772077842.json
[2026-03-01T06:14:13.541+0000] {logging_mixin.py:188} INFO - Downloaded bronze/GOOGL/1772077875.json -> D:\ADF_folder\real-time-stocks-mds\data\s3_downloads/GOOGL_1772077875.json
[2026-03-01T06:14:14.079+0000] {logging_mixin.py:188} INFO - Downloaded bronze/GOOGL/1772077908.json -> D:\ADF_folder\real-time-stocks-mds\data\s3_downloads/GOOGL_1772077908.json
[2026-03-01T06:14:14.609+0000] {logging_mixin.py:188} INFO - Downloaded bronze/GOOGL/1772077941.json -> D:\ADF_folder\real-time-stocks-mds\data\s3_downloads/GOOGL_1772077941.json
[2026-03-01T06:14:15.132+0000] {logging_mixin.py:188} INFO - Downloaded bronze/GOOGL/1772077974.json -> D:\ADF_folder\real-time-stocks-mds\data\s3_downloads/GOOGL_1772077974.json
[2026-03-01T06:14:15.671+0000] {logging_mixin.py:188} INFO - Downloaded bronze/GOOGL/1772078006.json -> D:\ADF_folder\real-time-stocks-mds\data\s3_downloads/GOOGL_1772078006.json
[2026-03-01T06:14:16.207+0000] {logging_mixin.py:188} INFO - Downloaded bronze/GOOGL/1772078039.json -> D:\ADF_folder\real-time-stocks-mds\data\s3_downloads/GOOGL_1772078039.json
[2026-03-01T06:14:16.738+0000] {logging_mixin.py:188} INFO - Downloaded bronze/GOOGL/1772078072.json -> D:\ADF_folder\real-time-stocks-mds\data\s3_downloads/GOOGL_1772078072.json
[2026-03-01T06:14:17.248+0000] {logging_mixin.py:188} INFO - Downloaded bronze/GOOGL/1772078105.json -> D:\ADF_folder\real-time-stocks-mds\data\s3_downloads/GOOGL_1772078105.json
[2026-03-01T06:14:17.759+0000] {logging_mixin.py:188} INFO - Downloaded bronze/GOOGL/1772078138.json -> D:\ADF_folder\real-time-stocks-mds\data\s3_downloads/GOOGL_1772078138.json
[2026-03-01T06:14:17.313+0000] {logging_mixin.py:188} INFO - Downloaded bronze/GOOGL/1772078171.json -> D:\ADF_folder\real-time-stocks-mds\data\s3_downloads/GOOGL_1772078171.json
[2026-03-01T06:14:17.811+0000] {logging_mixin.py:188} INFO - Downloaded bronze/GOOGL/1772078204.json -> D:\ADF_folder\real-time-stocks-mds\data\s3_downloads/GOOGL_1772078204.json
[2026-03-01T06:14:18.295+0000] {logging_mixin.py:188} INFO - Downloaded bronze/GOOGL/1772078237.json -> D:\ADF_folder\real-time-stocks-mds\data\s3_downloads/GOOGL_1772078237.json
[2026-03-01T06:14:18.783+0000] {logging_mixin.py:188} INFO - Downloaded bronze/GOOGL/1772078270.json -> D:\ADF_folder\real-time-stocks-mds\data\s3_downloads/GOOGL_1772078270.json
[2026-03-01T06:14:19.274+0000] {logging_mixin.py:188} INFO - Downloaded bronze/GOOGL/1772078303.json -> D:\ADF_folder\real-time-stocks-mds\data\s3_downloads/GOOGL_1772078303.json
[2026-03-01T06:14:19.771+0000] {logging_mixin.py:188} INFO - Downloaded bronze/GOOGL/1772078336.json -> D:\ADF_folder\real-time-stocks-mds\data\s3_downloads/GOOGL_1772078336.json
[2026-03-01T06:14:20.312+0000] {logging_mixin.py:188} INFO - Downloaded bronze/GOOGL/1772078369.json -> D:\ADF_folder\real-time-stocks-mds\data\s3_downloads/GOOGL_1772078369.json
[2026-03-01T06:14:20.837+0000] {logging_mixin.py:188} INFO - Downloaded bronze/GOOGL/1772078402.json -> D:\ADF_folder\real-time-stocks-mds\data\s3_downloads/GOOGL_1772078402.json
[2026-03-01T06:14:21.348+0000] {logging_mixin.py:188} INFO - Downloaded bronze/GOOGL/1772078435.json -> D:\ADF_folder\real-time-stocks-mds\data\s3_downloads/GOOGL_1772078435.json
[2026-03-01T06:14:21.858+0000] {logging_mixin.py:188} INFO - Downloaded bronze/GOOGL/1772078468.json -> D:\ADF_folder\real-time-stocks-mds\data\s3_downloads/GOOGL_1772078468.json
[2026-03-01T06:14:22.357+0000] {logging_mixin.py:188} INFO - Downloaded bronze/GOOGL/1772078502.json -> D:\ADF_folder\real-time-stocks-mds\data\s3_downloads/GOOGL_1772078502.json
[2026-03-01T06:14:22.859+0000] {logging_mixin.py:188} INFO - Downloaded bronze/GOOGL/1772078535.json -> D:\ADF_folder\real-time-stocks-mds\data\s3_downloads/GOOGL_1772078535.json
[2026-03-01T06:14:23.375+0000] {logging_mixin.py:188} INFO - Downloaded bronze/GOOGL/1772078568.json -> D:\ADF_folder\real-time-stocks-mds\data\s3_downloads/GOOGL_1772078568.json
[2026-03-01T06:14:23.897+0000] {logging_mixin.py:188} INFO - Downloaded bronze/GOOGL/1772078601.json -> D:\ADF_folder\real-time-stocks-mds\data\s3_downloads/GOOGL_1772078601.json
[2026-03-01T06:14:24.427+0000] {logging_mixin.py:188} INFO - Downloaded bronze/GOOGL/1772078635.json -> D:\ADF_folder\real-time-stocks-mds\data\s3_downloads/GOOGL_1772078635.json
[2026-03-01T06:14:24.955+0000] {logging_mixin.py:188} INFO - Downloaded bronze/GOOGL/1772078667.json -> D:\ADF_folder\real-time-stocks-mds\data\s3_downloads/GOOGL_1772078667.json
[2026-03-01T06:14:25.446+0000] {logging_mixin.py:188} INFO - Downloaded bronze/GOOGL/1772078700.json -> D:\ADF_folder\real-time-stocks-mds\data\s3_downloads/GOOGL_1772078700.json
[2026-03-01T06:14:25.922+0000] {logging_mixin.py:188} INFO - Downloaded bronze/GOOGL/1772078733.json -> D:\ADF_folder\real-time-stocks-mds\data\s3_downloads/GOOGL_1772078733.json
[2026-03-01T06:14:26.408+0000] {logging_mixin.py:188} INFO - Downloaded bronze/GOOGL/1772078766.json -> D:\ADF_folder\real-time-stocks-mds\data\s3_downloads/GOOGL_1772078766.json
[2026-03-01T06:14:26.906+0000] {logging_mixin.py:188} INFO - Downloaded bronze/GOOGL/1772078799.json -> D:\ADF_folder\real-time-stocks-mds\data\s3_downloads/GOOGL_1772078799.json
[2026-03-01T06:14:27.427+0000] {logging_mixin.py:188} INFO - Downloaded bronze/GOOGL/1772078832.json -> D:\ADF_folder\real-time-stocks-mds\data\s3_downloads/GOOGL_1772078832.json
[2026-03-01T06:14:27.930+0000] {logging_mixin.py:188} INFO - Downloaded bronze/GOOGL/1772078865.json -> D:\ADF_folder\real-time-stocks-mds\data\s3_downloads/GOOGL_1772078865.json
[2026-03-01T06:14:28.437+0000] {logging_mixin.py:188} INFO - Downloaded bronze/GOOGL/1772078898.json -> D:\ADF_folder\real-time-stocks-mds\data\s3_downloads/GOOGL_1772078898.json
[2026-03-01T06:14:28.955+0000] {logging_mixin.py:188} INFO - Downloaded bronze/GOOGL/1772078931.json -> D:\ADF_folder\real-time-stocks-mds\data\s3_downloads/GOOGL_1772078931.json
[2026-03-01T06:14:29.470+0000] {logging_mixin.py:188} INFO - Downloaded bronze/GOOGL/1772078964.json -> D:\ADF_folder\real-time-stocks-mds\data\s3_downloads/GOOGL_1772078964.json
[2026-03-01T06:14:30.005+0000] {logging_mixin.py:188} INFO - Downloaded bronze/GOOGL/1772078997.json -> D:\ADF_folder\real-time-stocks-mds\data\s3_downloads/GOOGL_1772078997.json
[2026-03-01T06:14:30.546+0000] {logging_mixin.py:188} INFO - Downloaded bronze/GOOGL/1772079030.json -> D:\ADF_folder\real-time-stocks-mds\data\s3_downloads/GOOGL_1772079030.json
[2026-03-01T06:14:31.077+0000] {logging_mixin.py:188} INFO - Downloaded bronze/GOOGL/1772079064.json -> D:\ADF_folder\real-time-stocks-mds\data\s3_downloads/GOOGL_1772079064.json
[2026-03-01T06:14:31.566+0000] {logging_mixin.py:188} INFO - Downloaded bronze/GOOGL/1772079097.json -> D:\ADF_folder\real-time-stocks-mds\data\s3_downloads/GOOGL_1772079097.json
[2026-03-01T06:14:32.016+0000] {logging_mixin.py:188} INFO - Downloaded bronze/GOOGL/1772079130.json -> D:\ADF_folder\real-time-stocks-mds\data\s3_downloads/GOOGL_1772079130.json
[2026-03-01T06:14:32.913+0000] {logging_mixin.py:188} INFO - Downloaded bronze/GOOGL/1772079163.json -> D:\ADF_folder\real-time-stocks-mds\data\s3_downloads/GOOGL_1772079163.json
[2026-03-01T06:14:33.310+0000] {logging_mixin.py:188} INFO - Downloaded bronze/GOOGL/1772079196.json -> D:\ADF_folder\real-time-stocks-mds\data\s3_downloads/GOOGL_1772079196.json
[2026-03-01T06:14:33.714+0000] {logging_mixin.py:188} INFO - Downloaded bronze/GOOGL/1772079229.json -> D:\ADF_folder\real-time-stocks-mds\data\s3_downloads/GOOGL_1772079229.json
[2026-03-01T06:14:34.111+0000] {logging_mixin.py:188} INFO - Downloaded bronze/GOOGL/1772079262.json -> D:\ADF_folder\real-time-stocks-mds\data\s3_downloads/GOOGL_1772079262.json
[2026-03-01T06:14:34.514+0000] {logging_mixin.py:188} INFO - Downloaded bronze/GOOGL/1772079295.json -> D:\ADF_folder\real-time-stocks-mds\data\s3_downloads/GOOGL_1772079295.json
[2026-03-01T06:14:34.515+0000] {logging_mixin.py:188} INFO - 
Processing prefix: bronze/AMZN/
[2026-03-01T06:14:35.352+0000] {logging_mixin.py:188} INFO - Downloaded bronze/AMZN/1771463619.json -> D:\ADF_folder\real-time-stocks-mds\data\s3_downloads/AMZN_1771463619.json
[2026-03-01T06:14:35.741+0000] {logging_mixin.py:188} INFO - Downloaded bronze/AMZN/1771463651.json -> D:\ADF_folder\real-time-stocks-mds\data\s3_downloads/AMZN_1771463651.json
[2026-03-01T06:14:36.144+0000] {logging_mixin.py:188} INFO - Downloaded bronze/AMZN/1771463684.json -> D:\ADF_folder\real-time-stocks-mds\data\s3_downloads/AMZN_1771463684.json
[2026-03-01T06:14:36.553+0000] {logging_mixin.py:188} INFO - Downloaded bronze/AMZN/1771463718.json -> D:\ADF_folder\real-time-stocks-mds\data\s3_downloads/AMZN_1771463718.json
[2026-03-01T06:14:36.953+0000] {logging_mixin.py:188} INFO - Downloaded bronze/AMZN/1771463750.json -> D:\ADF_folder\real-time-stocks-mds\data\s3_downloads/AMZN_1771463750.json
[2026-03-01T06:14:37.349+0000] {logging_mixin.py:188} INFO - Downloaded bronze/AMZN/1771463783.json -> D:\ADF_folder\real-time-stocks-mds\data\s3_downloads/AMZN_1771463783.json
[2026-03-01T06:14:37.746+0000] {logging_mixin.py:188} INFO - Downloaded bronze/AMZN/1771463816.json -> D:\ADF_folder\real-time-stocks-mds\data\s3_downloads/AMZN_1771463816.json
[2026-03-01T06:14:38.150+0000] {logging_mixin.py:188} INFO - Downloaded bronze/AMZN/1771463849.json -> D:\ADF_folder\real-time-stocks-mds\data\s3_downloads/AMZN_1771463849.json
[2026-03-01T06:14:38.559+0000] {logging_mixin.py:188} INFO - Downloaded bronze/AMZN/1771463882.json -> D:\ADF_folder\real-time-stocks-mds\data\s3_downloads/AMZN_1771463882.json
[2026-03-01T06:14:39.002+0000] {logging_mixin.py:188} INFO - Downloaded bronze/AMZN/1771463916.json -> D:\ADF_folder\real-time-stocks-mds\data\s3_downloads/AMZN_1771463916.json
[2026-03-01T06:14:39.421+0000] {logging_mixin.py:188} INFO - Downloaded bronze/AMZN/1771463949.json -> D:\ADF_folder\real-time-stocks-mds\data\s3_downloads/AMZN_1771463949.json
[2026-03-01T06:14:39.833+0000] {logging_mixin.py:188} INFO - Downloaded bronze/AMZN/1771463982.json -> D:\ADF_folder\real-time-stocks-mds\data\s3_downloads/AMZN_1771463982.json
[2026-03-01T06:14:40.218+0000] {logging_mixin.py:188} INFO - Downloaded bronze/AMZN/1771464015.json -> D:\ADF_folder\real-time-stocks-mds\data\s3_downloads/AMZN_1771464015.json
[2026-03-01T06:14:40.594+0000] {logging_mixin.py:188} INFO - Downloaded bronze/AMZN/1771464048.json -> D:\ADF_folder\real-time-stocks-mds\data\s3_downloads/AMZN_1771464048.json
[2026-03-01T06:14:40.961+0000] {logging_mixin.py:188} INFO - Downloaded bronze/AMZN/1771464082.json -> D:\ADF_folder\real-time-stocks-mds\data\s3_downloads/AMZN_1771464082.json
[2026-03-01T06:14:41.323+0000] {logging_mixin.py:188} INFO - Downloaded bronze/AMZN/1771464115.json -> D:\ADF_folder\real-time-stocks-mds\data\s3_downloads/AMZN_1771464115.json
[2026-03-01T06:14:41.692+0000] {logging_mixin.py:188} INFO - Downloaded bronze/AMZN/1771464148.json -> D:\ADF_folder\real-time-stocks-mds\data\s3_downloads/AMZN_1771464148.json
[2026-03-01T06:14:42.057+0000] {logging_mixin.py:188} INFO - Downloaded bronze/AMZN/1771464181.json -> D:\ADF_folder\real-time-stocks-mds\data\s3_downloads/AMZN_1771464181.json
[2026-03-01T06:14:42.426+0000] {logging_mixin.py:188} INFO - Downloaded bronze/AMZN/1771464213.json -> D:\ADF_folder\real-time-stocks-mds\data\s3_downloads/AMZN_1771464213.json
[2026-03-01T06:14:42.791+0000] {logging_mixin.py:188} INFO - Downloaded bronze/AMZN/1771464247.json -> D:\ADF_folder\real-time-stocks-mds\data\s3_downloads/AMZN_1771464247.json
[2026-03-01T06:14:43.165+0000] {logging_mixin.py:188} INFO - Downloaded bronze/AMZN/1771464280.json -> D:\ADF_folder\real-time-stocks-mds\data\s3_downloads/AMZN_1771464280.json
[2026-03-01T06:14:43.539+0000] {logging_mixin.py:188} INFO - Downloaded bronze/AMZN/1771464313.json -> D:\ADF_folder\real-time-stocks-mds\data\s3_downloads/AMZN_1771464313.json
[2026-03-01T06:14:43.918+0000] {logging_mixin.py:188} INFO - Downloaded bronze/AMZN/1771465245.json -> D:\ADF_folder\real-time-stocks-mds\data\s3_downloads/AMZN_1771465245.json
[2026-03-01T06:14:44.302+0000] {logging_mixin.py:188} INFO - Downloaded bronze/AMZN/1771465279.json -> D:\ADF_folder\real-time-stocks-mds\data\s3_downloads/AMZN_1771465279.json
[2026-03-01T06:14:44.688+0000] {logging_mixin.py:188} INFO - Downloaded bronze/AMZN/1771465312.json -> D:\ADF_folder\real-time-stocks-mds\data\s3_downloads/AMZN_1771465312.json
[2026-03-01T06:14:45.076+0000] {logging_mixin.py:188} INFO - Downloaded bronze/AMZN/1771465344.json -> D:\ADF_folder\real-time-stocks-mds\data\s3_downloads/AMZN_1771465344.json
[2026-03-01T06:14:45.468+0000] {logging_mixin.py:188} INFO - Downloaded bronze/AMZN/1771465378.json -> D:\ADF_folder\real-time-stocks-mds\data\s3_downloads/AMZN_1771465378.json
[2026-03-01T06:14:45.858+0000] {logging_mixin.py:188} INFO - Downloaded bronze/AMZN/1771465411.json -> D:\ADF_folder\real-time-stocks-mds\data\s3_downloads/AMZN_1771465411.json
[2026-03-01T06:14:46.251+0000] {logging_mixin.py:188} INFO - Downloaded bronze/AMZN/1771465443.json -> D:\ADF_folder\real-time-stocks-mds\data\s3_downloads/AMZN_1771465443.json
[2026-03-01T06:14:46.637+0000] {logging_mixin.py:188} INFO - Downloaded bronze/AMZN/1771465477.json -> D:\ADF_folder\real-time-stocks-mds\data\s3_downloads/AMZN_1771465477.json
[2026-03-01T06:14:46.093+0000] {logging_mixin.py:188} INFO - Downloaded bronze/AMZN/1771465510.json -> D:\ADF_folder\real-time-stocks-mds\data\s3_downloads/AMZN_1771465510.json
[2026-03-01T06:14:46.483+0000] {logging_mixin.py:188} INFO - Downloaded bronze/AMZN/1771465543.json -> D:\ADF_folder\real-time-stocks-mds\data\s3_downloads/AMZN_1771465543.json
[2026-03-01T06:14:46.880+0000] {logging_mixin.py:188} INFO - Downloaded bronze/AMZN/1771465576.json -> D:\ADF_folder\real-time-stocks-mds\data\s3_downloads/AMZN_1771465576.json
[2026-03-01T06:14:47.266+0000] {logging_mixin.py:188} INFO - Downloaded bronze/AMZN/1772074557.json -> D:\ADF_folder\real-time-stocks-mds\data\s3_downloads/AMZN_1772074557.json
[2026-03-01T06:14:47.655+0000] {logging_mixin.py:188} INFO - Downloaded bronze/AMZN/1772074590.json -> D:\ADF_folder\real-time-stocks-mds\data\s3_downloads/AMZN_1772074590.json
[2026-03-01T06:14:48.047+0000] {logging_mixin.py:188} INFO - Downloaded bronze/AMZN/1772074622.json -> D:\ADF_folder\real-time-stocks-mds\data\s3_downloads/AMZN_1772074622.json
[2026-03-01T06:14:48.441+0000] {logging_mixin.py:188} INFO - Downloaded bronze/AMZN/1772074655.json -> D:\ADF_folder\real-time-stocks-mds\data\s3_downloads/AMZN_1772074655.json
[2026-03-01T06:14:48.815+0000] {logging_mixin.py:188} INFO - Downloaded bronze/AMZN/1772074689.json -> D:\ADF_folder\real-time-stocks-mds\data\s3_downloads/AMZN_1772074689.json
[2026-03-01T06:14:49.186+0000] {logging_mixin.py:188} INFO - Downloaded bronze/AMZN/1772074722.json -> D:\ADF_folder\real-time-stocks-mds\data\s3_downloads/AMZN_1772074722.json
[2026-03-01T06:14:49.554+0000] {logging_mixin.py:188} INFO - Downloaded bronze/AMZN/1772074755.json -> D:\ADF_folder\real-time-stocks-mds\data\s3_downloads/AMZN_1772074755.json
[2026-03-01T06:14:49.924+0000] {logging_mixin.py:188} INFO - Downloaded bronze/AMZN/1772074788.json -> D:\ADF_folder\real-time-stocks-mds\data\s3_downloads/AMZN_1772074788.json
[2026-03-01T06:14:50.292+0000] {logging_mixin.py:188} INFO - Downloaded bronze/AMZN/1772074822.json -> D:\ADF_folder\real-time-stocks-mds\data\s3_downloads/AMZN_1772074822.json
[2026-03-01T06:14:50.651+0000] {logging_mixin.py:188} INFO - Downloaded bronze/AMZN/1772074855.json -> D:\ADF_folder\real-time-stocks-mds\data\s3_downloads/AMZN_1772074855.json
[2026-03-01T06:14:51.023+0000] {logging_mixin.py:188} INFO - Downloaded bronze/AMZN/1772074887.json -> D:\ADF_folder\real-time-stocks-mds\data\s3_downloads/AMZN_1772074887.json
[2026-03-01T06:14:51.828+0000] {logging_mixin.py:188} INFO - Downloaded bronze/AMZN/1772074921.json -> D:\ADF_folder\real-time-stocks-mds\data\s3_downloads/AMZN_1772074921.json
[2026-03-01T06:14:52.222+0000] {logging_mixin.py:188} INFO - Downloaded bronze/AMZN/1772074954.json -> D:\ADF_folder\real-time-stocks-mds\data\s3_downloads/AMZN_1772074954.json
[2026-03-01T06:14:52.626+0000] {logging_mixin.py:188} INFO - Downloaded bronze/AMZN/1772074986.json -> D:\ADF_folder\real-time-stocks-mds\data\s3_downloads/AMZN_1772074986.json
[2026-03-01T06:14:53.051+0000] {logging_mixin.py:188} INFO - Downloaded bronze/AMZN/1772075020.json -> D:\ADF_folder\real-time-stocks-mds\data\s3_downloads/AMZN_1772075020.json
[2026-03-01T06:14:53.449+0000] {logging_mixin.py:188} INFO - Downloaded bronze/AMZN/1772075052.json -> D:\ADF_folder\real-time-stocks-mds\data\s3_downloads/AMZN_1772075052.json
[2026-03-01T06:14:53.847+0000] {logging_mixin.py:188} INFO - Downloaded bronze/AMZN/1772075086.json -> D:\ADF_folder\real-time-stocks-mds\data\s3_downloads/AMZN_1772075086.json
[2026-03-01T06:14:54.253+0000] {logging_mixin.py:188} INFO - Downloaded bronze/AMZN/1772075119.json -> D:\ADF_folder\real-time-stocks-mds\data\s3_downloads/AMZN_1772075119.json
[2026-03-01T06:14:54.655+0000] {logging_mixin.py:188} INFO - Downloaded bronze/AMZN/1772075152.json -> D:\ADF_folder\real-time-stocks-mds\data\s3_downloads/AMZN_1772075152.json
[2026-03-01T06:14:55.051+0000] {logging_mixin.py:188} INFO - Downloaded bronze/AMZN/1772075184.json -> D:\ADF_folder\real-time-stocks-mds\data\s3_downloads/AMZN_1772075184.json
[2026-03-01T06:14:55.452+0000] {logging_mixin.py:188} INFO - Downloaded bronze/AMZN/1772075217.json -> D:\ADF_folder\real-time-stocks-mds\data\s3_downloads/AMZN_1772075217.json
[2026-03-01T06:14:55.861+0000] {logging_mixin.py:188} INFO - Downloaded bronze/AMZN/1772075250.json -> D:\ADF_folder\real-time-stocks-mds\data\s3_downloads/AMZN_1772075250.json
[2026-03-01T06:14:56.247+0000] {logging_mixin.py:188} INFO - Downloaded bronze/AMZN/1772075283.json -> D:\ADF_folder\real-time-stocks-mds\data\s3_downloads/AMZN_1772075283.json
[2026-03-01T06:14:56.614+0000] {logging_mixin.py:188} INFO - Downloaded bronze/AMZN/1772075316.json -> D:\ADF_folder\real-time-stocks-mds\data\s3_downloads/AMZN_1772075316.json
[2026-03-01T06:14:56.986+0000] {logging_mixin.py:188} INFO - Downloaded bronze/AMZN/1772075349.json -> D:\ADF_folder\real-time-stocks-mds\data\s3_downloads/AMZN_1772075349.json
[2026-03-01T06:14:57.366+0000] {logging_mixin.py:188} INFO - Downloaded bronze/AMZN/1772075382.json -> D:\ADF_folder\real-time-stocks-mds\data\s3_downloads/AMZN_1772075382.json
[2026-03-01T06:14:57.739+0000] {logging_mixin.py:188} INFO - Downloaded bronze/AMZN/1772075415.json -> D:\ADF_folder\real-time-stocks-mds\data\s3_downloads/AMZN_1772075415.json
[2026-03-01T06:14:58.115+0000] {logging_mixin.py:188} INFO - Downloaded bronze/AMZN/1772075448.json -> D:\ADF_folder\real-time-stocks-mds\data\s3_downloads/AMZN_1772075448.json
[2026-03-01T06:14:58.487+0000] {logging_mixin.py:188} INFO - Downloaded bronze/AMZN/1772075481.json -> D:\ADF_folder\real-time-stocks-mds\data\s3_downloads/AMZN_1772075481.json
[2026-03-01T06:14:58.856+0000] {logging_mixin.py:188} INFO - Downloaded bronze/AMZN/1772075513.json -> D:\ADF_folder\real-time-stocks-mds\data\s3_downloads/AMZN_1772075513.json
[2026-03-01T06:14:59.246+0000] {logging_mixin.py:188} INFO - Downloaded bronze/AMZN/1772075546.json -> D:\ADF_folder\real-time-stocks-mds\data\s3_downloads/AMZN_1772075546.json
[2026-03-01T06:14:59.621+0000] {logging_mixin.py:188} INFO - Downloaded bronze/AMZN/1772075579.json -> D:\ADF_folder\real-time-stocks-mds\data\s3_downloads/AMZN_1772075579.json
[2026-03-01T06:14:59.990+0000] {logging_mixin.py:188} INFO - Downloaded bronze/AMZN/1772075614.json -> D:\ADF_folder\real-time-stocks-mds\data\s3_downloads/AMZN_1772075614.json
[2026-03-01T06:15:00.390+0000] {logging_mixin.py:188} INFO - Downloaded bronze/AMZN/1772075647.json -> D:\ADF_folder\real-time-stocks-mds\data\s3_downloads/AMZN_1772075647.json
[2026-03-01T06:15:00.791+0000] {logging_mixin.py:188} INFO - Downloaded bronze/AMZN/1772075680.json -> D:\ADF_folder\real-time-stocks-mds\data\s3_downloads/AMZN_1772075680.json
[2026-03-01T06:15:01.181+0000] {logging_mixin.py:188} INFO - Downloaded bronze/AMZN/1772075712.json -> D:\ADF_folder\real-time-stocks-mds\data\s3_downloads/AMZN_1772075712.json
[2026-03-01T06:15:01.577+0000] {logging_mixin.py:188} INFO - Downloaded bronze/AMZN/1772075745.json -> D:\ADF_folder\real-time-stocks-mds\data\s3_downloads/AMZN_1772075745.json
[2026-03-01T06:15:01.976+0000] {logging_mixin.py:188} INFO - Downloaded bronze/AMZN/1772075778.json -> D:\ADF_folder\real-time-stocks-mds\data\s3_downloads/AMZN_1772075778.json
[2026-03-01T06:15:02.372+0000] {logging_mixin.py:188} INFO - Downloaded bronze/AMZN/1772075811.json -> D:\ADF_folder\real-time-stocks-mds\data\s3_downloads/AMZN_1772075811.json
[2026-03-01T06:15:02.758+0000] {logging_mixin.py:188} INFO - Downloaded bronze/AMZN/1772075844.json -> D:\ADF_folder\real-time-stocks-mds\data\s3_downloads/AMZN_1772075844.json
[2026-03-01T06:15:03.158+0000] {logging_mixin.py:188} INFO - Downloaded bronze/AMZN/1772075877.json -> D:\ADF_folder\real-time-stocks-mds\data\s3_downloads/AMZN_1772075877.json
[2026-03-01T06:15:03.551+0000] {logging_mixin.py:188} INFO - Downloaded bronze/AMZN/1772075910.json -> D:\ADF_folder\real-time-stocks-mds\data\s3_downloads/AMZN_1772075910.json
[2026-03-01T06:15:03.932+0000] {logging_mixin.py:188} INFO - Downloaded bronze/AMZN/1772075943.json -> D:\ADF_folder\real-time-stocks-mds\data\s3_downloads/AMZN_1772075943.json
[2026-03-01T06:15:04.298+0000] {logging_mixin.py:188} INFO - Downloaded bronze/AMZN/1772075975.json -> D:\ADF_folder\real-time-stocks-mds\data\s3_downloads/AMZN_1772075975.json
[2026-03-01T06:15:04.662+0000] {logging_mixin.py:188} INFO - Downloaded bronze/AMZN/1772076008.json -> D:\ADF_folder\real-time-stocks-mds\data\s3_downloads/AMZN_1772076008.json
[2026-03-01T06:15:05.033+0000] {logging_mixin.py:188} INFO - Downloaded bronze/AMZN/1772076041.json -> D:\ADF_folder\real-time-stocks-mds\data\s3_downloads/AMZN_1772076041.json
[2026-03-01T06:15:05.405+0000] {logging_mixin.py:188} INFO - Downloaded bronze/AMZN/1772076075.json -> D:\ADF_folder\real-time-stocks-mds\data\s3_downloads/AMZN_1772076075.json
[2026-03-01T06:15:05.775+0000] {logging_mixin.py:188} INFO - Downloaded bronze/AMZN/1772076108.json -> D:\ADF_folder\real-time-stocks-mds\data\s3_downloads/AMZN_1772076108.json
[2026-03-01T06:15:06.145+0000] {logging_mixin.py:188} INFO - Downloaded bronze/AMZN/1772076140.json -> D:\ADF_folder\real-time-stocks-mds\data\s3_downloads/AMZN_1772076140.json
[2026-03-01T06:15:06.508+0000] {logging_mixin.py:188} INFO - Downloaded bronze/AMZN/1772076173.json -> D:\ADF_folder\real-time-stocks-mds\data\s3_downloads/AMZN_1772076173.json
[2026-03-01T06:15:06.875+0000] {logging_mixin.py:188} INFO - Downloaded bronze/AMZN/1772076207.json -> D:\ADF_folder\real-time-stocks-mds\data\s3_downloads/AMZN_1772076207.json
[2026-03-01T06:15:07.242+0000] {logging_mixin.py:188} INFO - Downloaded bronze/AMZN/1772076239.json -> D:\ADF_folder\real-time-stocks-mds\data\s3_downloads/AMZN_1772076239.json
[2026-03-01T06:15:07.610+0000] {logging_mixin.py:188} INFO - Downloaded bronze/AMZN/1772076272.json -> D:\ADF_folder\real-time-stocks-mds\data\s3_downloads/AMZN_1772076272.json
[2026-03-01T06:15:07.984+0000] {logging_mixin.py:188} INFO - Downloaded bronze/AMZN/1772076305.json -> D:\ADF_folder\real-time-stocks-mds\data\s3_downloads/AMZN_1772076305.json
[2026-03-01T06:15:08.379+0000] {logging_mixin.py:188} INFO - Downloaded bronze/AMZN/1772076338.json -> D:\ADF_folder\real-time-stocks-mds\data\s3_downloads/AMZN_1772076338.json
[2026-03-01T06:15:08.775+0000] {logging_mixin.py:188} INFO - Downloaded bronze/AMZN/1772076371.json -> D:\ADF_folder\real-time-stocks-mds\data\s3_downloads/AMZN_1772076371.json
[2026-03-01T06:15:09.168+0000] {logging_mixin.py:188} INFO - Downloaded bronze/AMZN/1772076403.json -> D:\ADF_folder\real-time-stocks-mds\data\s3_downloads/AMZN_1772076403.json
[2026-03-01T06:15:09.555+0000] {logging_mixin.py:188} INFO - Downloaded bronze/AMZN/1772076437.json -> D:\ADF_folder\real-time-stocks-mds\data\s3_downloads/AMZN_1772076437.json
[2026-03-01T06:15:09.948+0000] {logging_mixin.py:188} INFO - Downloaded bronze/AMZN/1772076470.json -> D:\ADF_folder\real-time-stocks-mds\data\s3_downloads/AMZN_1772076470.json
[2026-03-01T06:15:10.341+0000] {logging_mixin.py:188} INFO - Downloaded bronze/AMZN/1772076503.json -> D:\ADF_folder\real-time-stocks-mds\data\s3_downloads/AMZN_1772076503.json
[2026-03-01T06:15:10.729+0000] {logging_mixin.py:188} INFO - Downloaded bronze/AMZN/1772076536.json -> D:\ADF_folder\real-time-stocks-mds\data\s3_downloads/AMZN_1772076536.json
[2026-03-01T06:15:11.568+0000] {logging_mixin.py:188} INFO - Downloaded bronze/AMZN/1772076569.json -> D:\ADF_folder\real-time-stocks-mds\data\s3_downloads/AMZN_1772076569.json
[2026-03-01T06:15:12.050+0000] {logging_mixin.py:188} INFO - Downloaded bronze/AMZN/1772076602.json -> D:\ADF_folder\real-time-stocks-mds\data\s3_downloads/AMZN_1772076602.json
[2026-03-01T06:15:12.416+0000] {logging_mixin.py:188} INFO - Downloaded bronze/AMZN/1772076635.json -> D:\ADF_folder\real-time-stocks-mds\data\s3_downloads/AMZN_1772076635.json
[2026-03-01T06:15:12.788+0000] {logging_mixin.py:188} INFO - Downloaded bronze/AMZN/1772076668.json -> D:\ADF_folder\real-time-stocks-mds\data\s3_downloads/AMZN_1772076668.json
[2026-03-01T06:15:13.164+0000] {logging_mixin.py:188} INFO - Downloaded bronze/AMZN/1772076701.json -> D:\ADF_folder\real-time-stocks-mds\data\s3_downloads/AMZN_1772076701.json
[2026-03-01T06:15:13.534+0000] {logging_mixin.py:188} INFO - Downloaded bronze/AMZN/1772076734.json -> D:\ADF_folder\real-time-stocks-mds\data\s3_downloads/AMZN_1772076734.json
[2026-03-01T06:15:13.914+0000] {logging_mixin.py:188} INFO - Downloaded bronze/AMZN/1772076767.json -> D:\ADF_folder\real-time-stocks-mds\data\s3_downloads/AMZN_1772076767.json
[2026-03-01T06:15:14.281+0000] {logging_mixin.py:188} INFO - Downloaded bronze/AMZN/1772076800.json -> D:\ADF_folder\real-time-stocks-mds\data\s3_downloads/AMZN_1772076800.json
[2026-03-01T06:15:14.649+0000] {logging_mixin.py:188} INFO - Downloaded bronze/AMZN/1772076833.json -> D:\ADF_folder\real-time-stocks-mds\data\s3_downloads/AMZN_1772076833.json
[2026-03-01T06:15:15.014+0000] {logging_mixin.py:188} INFO - Downloaded bronze/AMZN/1772076866.json -> D:\ADF_folder\real-time-stocks-mds\data\s3_downloads/AMZN_1772076866.json
[2026-03-01T06:15:15.393+0000] {logging_mixin.py:188} INFO - Downloaded bronze/AMZN/1772076899.json -> D:\ADF_folder\real-time-stocks-mds\data\s3_downloads/AMZN_1772076899.json
[2026-03-01T06:15:15.767+0000] {logging_mixin.py:188} INFO - Downloaded bronze/AMZN/1772076932.json -> D:\ADF_folder\real-time-stocks-mds\data\s3_downloads/AMZN_1772076932.json
[2026-03-01T06:15:15.171+0000] {logging_mixin.py:188} INFO - Downloaded bronze/AMZN/1772076965.json -> D:\ADF_folder\real-time-stocks-mds\data\s3_downloads/AMZN_1772076965.json
[2026-03-01T06:15:15.534+0000] {logging_mixin.py:188} INFO - Downloaded bronze/AMZN/1772076998.json -> D:\ADF_folder\real-time-stocks-mds\data\s3_downloads/AMZN_1772076998.json
[2026-03-01T06:15:15.895+0000] {logging_mixin.py:188} INFO - Downloaded bronze/AMZN/1772077031.json -> D:\ADF_folder\real-time-stocks-mds\data\s3_downloads/AMZN_1772077031.json
[2026-03-01T06:15:16.274+0000] {logging_mixin.py:188} INFO - Downloaded bronze/AMZN/1772077064.json -> D:\ADF_folder\real-time-stocks-mds\data\s3_downloads/AMZN_1772077064.json
[2026-03-01T06:15:16.656+0000] {logging_mixin.py:188} INFO - Downloaded bronze/AMZN/1772077097.json -> D:\ADF_folder\real-time-stocks-mds\data\s3_downloads/AMZN_1772077097.json
[2026-03-01T06:15:17.031+0000] {logging_mixin.py:188} INFO - Downloaded bronze/AMZN/1772077130.json -> D:\ADF_folder\real-time-stocks-mds\data\s3_downloads/AMZN_1772077130.json
[2026-03-01T06:15:17.406+0000] {logging_mixin.py:188} INFO - Downloaded bronze/AMZN/1772077163.json -> D:\ADF_folder\real-time-stocks-mds\data\s3_downloads/AMZN_1772077163.json
[2026-03-01T06:15:17.786+0000] {logging_mixin.py:188} INFO - Downloaded bronze/AMZN/1772077196.json -> D:\ADF_folder\real-time-stocks-mds\data\s3_downloads/AMZN_1772077196.json
[2026-03-01T06:15:18.167+0000] {logging_mixin.py:188} INFO - Downloaded bronze/AMZN/1772077229.json -> D:\ADF_folder\real-time-stocks-mds\data\s3_downloads/AMZN_1772077229.json
[2026-03-01T06:15:18.544+0000] {logging_mixin.py:188} INFO - Downloaded bronze/AMZN/1772077262.json -> D:\ADF_folder\real-time-stocks-mds\data\s3_downloads/AMZN_1772077262.json
[2026-03-01T06:15:18.922+0000] {logging_mixin.py:188} INFO - Downloaded bronze/AMZN/1772077295.json -> D:\ADF_folder\real-time-stocks-mds\data\s3_downloads/AMZN_1772077295.json
[2026-03-01T06:15:19.310+0000] {logging_mixin.py:188} INFO - Downloaded bronze/AMZN/1772077328.json -> D:\ADF_folder\real-time-stocks-mds\data\s3_downloads/AMZN_1772077328.json
[2026-03-01T06:15:19.689+0000] {logging_mixin.py:188} INFO - Downloaded bronze/AMZN/1772077362.json -> D:\ADF_folder\real-time-stocks-mds\data\s3_downloads/AMZN_1772077362.json
[2026-03-01T06:15:20.071+0000] {logging_mixin.py:188} INFO - Downloaded bronze/AMZN/1772077395.json -> D:\ADF_folder\real-time-stocks-mds\data\s3_downloads/AMZN_1772077395.json
[2026-03-01T06:15:20.447+0000] {logging_mixin.py:188} INFO - Downloaded bronze/AMZN/1772077428.json -> D:\ADF_folder\real-time-stocks-mds\data\s3_downloads/AMZN_1772077428.json
[2026-03-01T06:15:20.823+0000] {logging_mixin.py:188} INFO - Downloaded bronze/AMZN/1772077461.json -> D:\ADF_folder\real-time-stocks-mds\data\s3_downloads/AMZN_1772077461.json
[2026-03-01T06:15:21.196+0000] {logging_mixin.py:188} INFO - Downloaded bronze/AMZN/1772077494.json -> D:\ADF_folder\real-time-stocks-mds\data\s3_downloads/AMZN_1772077494.json
[2026-03-01T06:15:21.572+0000] {logging_mixin.py:188} INFO - Downloaded bronze/AMZN/1772077526.json -> D:\ADF_folder\real-time-stocks-mds\data\s3_downloads/AMZN_1772077526.json
[2026-03-01T06:15:21.945+0000] {logging_mixin.py:188} INFO - Downloaded bronze/AMZN/1772077559.json -> D:\ADF_folder\real-time-stocks-mds\data\s3_downloads/AMZN_1772077559.json
[2026-03-01T06:15:22.318+0000] {logging_mixin.py:188} INFO - Downloaded bronze/AMZN/1772077592.json -> D:\ADF_folder\real-time-stocks-mds\data\s3_downloads/AMZN_1772077592.json
[2026-03-01T06:15:22.686+0000] {logging_mixin.py:188} INFO - Downloaded bronze/AMZN/1772077625.json -> D:\ADF_folder\real-time-stocks-mds\data\s3_downloads/AMZN_1772077625.json
[2026-03-01T06:15:23.060+0000] {logging_mixin.py:188} INFO - Downloaded bronze/AMZN/1772077658.json -> D:\ADF_folder\real-time-stocks-mds\data\s3_downloads/AMZN_1772077658.json
[2026-03-01T06:15:23.427+0000] {logging_mixin.py:188} INFO - Downloaded bronze/AMZN/1772077691.json -> D:\ADF_folder\real-time-stocks-mds\data\s3_downloads/AMZN_1772077691.json
[2026-03-01T06:15:23.792+0000] {logging_mixin.py:188} INFO - Downloaded bronze/AMZN/1772077724.json -> D:\ADF_folder\real-time-stocks-mds\data\s3_downloads/AMZN_1772077724.json
[2026-03-01T06:15:24.186+0000] {logging_mixin.py:188} INFO - Downloaded bronze/AMZN/1772077757.json -> D:\ADF_folder\real-time-stocks-mds\data\s3_downloads/AMZN_1772077757.json
[2026-03-01T06:15:24.591+0000] {logging_mixin.py:188} INFO - Downloaded bronze/AMZN/1772077790.json -> D:\ADF_folder\real-time-stocks-mds\data\s3_downloads/AMZN_1772077790.json
[2026-03-01T06:15:24.987+0000] {logging_mixin.py:188} INFO - Downloaded bronze/AMZN/1772077823.json -> D:\ADF_folder\real-time-stocks-mds\data\s3_downloads/AMZN_1772077823.json
[2026-03-01T06:15:25.389+0000] {logging_mixin.py:188} INFO - Downloaded bronze/AMZN/1772077856.json -> D:\ADF_folder\real-time-stocks-mds\data\s3_downloads/AMZN_1772077856.json
[2026-03-01T06:15:25.785+0000] {logging_mixin.py:188} INFO - Downloaded bronze/AMZN/1772077888.json -> D:\ADF_folder\real-time-stocks-mds\data\s3_downloads/AMZN_1772077888.json
[2026-03-01T06:15:26.184+0000] {logging_mixin.py:188} INFO - Downloaded bronze/AMZN/1772077921.json -> D:\ADF_folder\real-time-stocks-mds\data\s3_downloads/AMZN_1772077921.json
[2026-03-01T06:15:26.583+0000] {logging_mixin.py:188} INFO - Downloaded bronze/AMZN/1772077954.json -> D:\ADF_folder\real-time-stocks-mds\data\s3_downloads/AMZN_1772077954.json
[2026-03-01T06:15:26.981+0000] {logging_mixin.py:188} INFO - Downloaded bronze/AMZN/1772077987.json -> D:\ADF_folder\real-time-stocks-mds\data\s3_downloads/AMZN_1772077987.json
[2026-03-01T06:15:27.383+0000] {logging_mixin.py:188} INFO - Downloaded bronze/AMZN/1772078019.json -> D:\ADF_folder\real-time-stocks-mds\data\s3_downloads/AMZN_1772078019.json
[2026-03-01T06:15:27.786+0000] {logging_mixin.py:188} INFO - Downloaded bronze/AMZN/1772078052.json -> D:\ADF_folder\real-time-stocks-mds\data\s3_downloads/AMZN_1772078052.json
[2026-03-01T06:15:28.165+0000] {logging_mixin.py:188} INFO - Downloaded bronze/AMZN/1772078085.json -> D:\ADF_folder\real-time-stocks-mds\data\s3_downloads/AMZN_1772078085.json
[2026-03-01T06:15:28.540+0000] {logging_mixin.py:188} INFO - Downloaded bronze/AMZN/1772078118.json -> D:\ADF_folder\real-time-stocks-mds\data\s3_downloads/AMZN_1772078118.json
[2026-03-01T06:15:28.907+0000] {logging_mixin.py:188} INFO - Downloaded bronze/AMZN/1772078152.json -> D:\ADF_folder\real-time-stocks-mds\data\s3_downloads/AMZN_1772078152.json
[2026-03-01T06:15:29.277+0000] {logging_mixin.py:188} INFO - Downloaded bronze/AMZN/1772078184.json -> D:\ADF_folder\real-time-stocks-mds\data\s3_downloads/AMZN_1772078184.json
[2026-03-01T06:15:30.072+0000] {logging_mixin.py:188} INFO - Downloaded bronze/AMZN/1772078217.json -> D:\ADF_folder\real-time-stocks-mds\data\s3_downloads/AMZN_1772078217.json
[2026-03-01T06:15:30.434+0000] {logging_mixin.py:188} INFO - Downloaded bronze/AMZN/1772078250.json -> D:\ADF_folder\real-time-stocks-mds\data\s3_downloads/AMZN_1772078250.json
[2026-03-01T06:15:30.807+0000] {logging_mixin.py:188} INFO - Downloaded bronze/AMZN/1772078283.json -> D:\ADF_folder\real-time-stocks-mds\data\s3_downloads/AMZN_1772078283.json
[2026-03-01T06:15:31.175+0000] {logging_mixin.py:188} INFO - Downloaded bronze/AMZN/1772078316.json -> D:\ADF_folder\real-time-stocks-mds\data\s3_downloads/AMZN_1772078316.json
[2026-03-01T06:15:31.540+0000] {logging_mixin.py:188} INFO - Downloaded bronze/AMZN/1772078349.json -> D:\ADF_folder\real-time-stocks-mds\data\s3_downloads/AMZN_1772078349.json
[2026-03-01T06:15:31.901+0000] {logging_mixin.py:188} INFO - Downloaded bronze/AMZN/1772078382.json -> D:\ADF_folder\real-time-stocks-mds\data\s3_downloads/AMZN_1772078382.json
[2026-03-01T06:15:32.303+0000] {logging_mixin.py:188} INFO - Downloaded bronze/AMZN/1772078415.json -> D:\ADF_folder\real-time-stocks-mds\data\s3_downloads/AMZN_1772078415.json
[2026-03-01T06:15:32.709+0000] {logging_mixin.py:188} INFO - Downloaded bronze/AMZN/1772078448.json -> D:\ADF_folder\real-time-stocks-mds\data\s3_downloads/AMZN_1772078448.json
[2026-03-01T06:15:33.109+0000] {logging_mixin.py:188} INFO - Downloaded bronze/AMZN/1772078482.json -> D:\ADF_folder\real-time-stocks-mds\data\s3_downloads/AMZN_1772078482.json
[2026-03-01T06:15:33.515+0000] {logging_mixin.py:188} INFO - Downloaded bronze/AMZN/1772078516.json -> D:\ADF_folder\real-time-stocks-mds\data\s3_downloads/AMZN_1772078516.json
[2026-03-01T06:15:33.908+0000] {logging_mixin.py:188} INFO - Downloaded bronze/AMZN/1772078549.json -> D:\ADF_folder\real-time-stocks-mds\data\s3_downloads/AMZN_1772078549.json
[2026-03-01T06:15:34.302+0000] {logging_mixin.py:188} INFO - Downloaded bronze/AMZN/1772078582.json -> D:\ADF_folder\real-time-stocks-mds\data\s3_downloads/AMZN_1772078582.json
[2026-03-01T06:15:34.707+0000] {logging_mixin.py:188} INFO - Downloaded bronze/AMZN/1772078615.json -> D:\ADF_folder\real-time-stocks-mds\data\s3_downloads/AMZN_1772078615.json
[2026-03-01T06:15:35.100+0000] {logging_mixin.py:188} INFO - Downloaded bronze/AMZN/1772078648.json -> D:\ADF_folder\real-time-stocks-mds\data\s3_downloads/AMZN_1772078648.json
[2026-03-01T06:15:35.494+0000] {logging_mixin.py:188} INFO - Downloaded bronze/AMZN/1772078680.json -> D:\ADF_folder\real-time-stocks-mds\data\s3_downloads/AMZN_1772078680.json
[2026-03-01T06:15:35.872+0000] {logging_mixin.py:188} INFO - Downloaded bronze/AMZN/1772078714.json -> D:\ADF_folder\real-time-stocks-mds\data\s3_downloads/AMZN_1772078714.json
[2026-03-01T06:15:36.241+0000] {logging_mixin.py:188} INFO - Downloaded bronze/AMZN/1772078747.json -> D:\ADF_folder\real-time-stocks-mds\data\s3_downloads/AMZN_1772078747.json
[2026-03-01T06:15:36.600+0000] {logging_mixin.py:188} INFO - Downloaded bronze/AMZN/1772078779.json -> D:\ADF_folder\real-time-stocks-mds\data\s3_downloads/AMZN_1772078779.json
[2026-03-01T06:15:36.959+0000] {logging_mixin.py:188} INFO - Downloaded bronze/AMZN/1772078812.json -> D:\ADF_folder\real-time-stocks-mds\data\s3_downloads/AMZN_1772078812.json
[2026-03-01T06:15:37.325+0000] {logging_mixin.py:188} INFO - Downloaded bronze/AMZN/1772078845.json -> D:\ADF_folder\real-time-stocks-mds\data\s3_downloads/AMZN_1772078845.json
[2026-03-01T06:15:37.694+0000] {logging_mixin.py:188} INFO - Downloaded bronze/AMZN/1772078878.json -> D:\ADF_folder\real-time-stocks-mds\data\s3_downloads/AMZN_1772078878.json
[2026-03-01T06:15:38.062+0000] {logging_mixin.py:188} INFO - Downloaded bronze/AMZN/1772078911.json -> D:\ADF_folder\real-time-stocks-mds\data\s3_downloads/AMZN_1772078911.json
[2026-03-01T06:15:38.428+0000] {logging_mixin.py:188} INFO - Downloaded bronze/AMZN/1772078944.json -> D:\ADF_folder\real-time-stocks-mds\data\s3_downloads/AMZN_1772078944.json
[2026-03-01T06:15:38.791+0000] {logging_mixin.py:188} INFO - Downloaded bronze/AMZN/1772078977.json -> D:\ADF_folder\real-time-stocks-mds\data\s3_downloads/AMZN_1772078977.json
[2026-03-01T06:15:39.158+0000] {logging_mixin.py:188} INFO - Downloaded bronze/AMZN/1772079010.json -> D:\ADF_folder\real-time-stocks-mds\data\s3_downloads/AMZN_1772079010.json
[2026-03-01T06:15:39.525+0000] {logging_mixin.py:188} INFO - Downloaded bronze/AMZN/1772079043.json -> D:\ADF_folder\real-time-stocks-mds\data\s3_downloads/AMZN_1772079043.json
[2026-03-01T06:15:39.888+0000] {logging_mixin.py:188} INFO - Downloaded bronze/AMZN/1772079077.json -> D:\ADF_folder\real-time-stocks-mds\data\s3_downloads/AMZN_1772079077.json
[2026-03-01T06:15:40.274+0000] {logging_mixin.py:188} INFO - Downloaded bronze/AMZN/1772079110.json -> D:\ADF_folder\real-time-stocks-mds\data\s3_downloads/AMZN_1772079110.json
[2026-03-01T06:15:40.668+0000] {logging_mixin.py:188} INFO - Downloaded bronze/AMZN/1772079143.json -> D:\ADF_folder\real-time-stocks-mds\data\s3_downloads/AMZN_1772079143.json
[2026-03-01T06:15:41.060+0000] {logging_mixin.py:188} INFO - Downloaded bronze/AMZN/1772079176.json -> D:\ADF_folder\real-time-stocks-mds\data\s3_downloads/AMZN_1772079176.json
[2026-03-01T06:15:41.449+0000] {logging_mixin.py:188} INFO - Downloaded bronze/AMZN/1772079209.json -> D:\ADF_folder\real-time-stocks-mds\data\s3_downloads/AMZN_1772079209.json
[2026-03-01T06:15:41.831+0000] {logging_mixin.py:188} INFO - Downloaded bronze/AMZN/1772079242.json -> D:\ADF_folder\real-time-stocks-mds\data\s3_downloads/AMZN_1772079242.json
[2026-03-01T06:15:42.217+0000] {logging_mixin.py:188} INFO - Downloaded bronze/AMZN/1772079275.json -> D:\ADF_folder\real-time-stocks-mds\data\s3_downloads/AMZN_1772079275.json
[2026-03-01T06:15:42.218+0000] {logging_mixin.py:188} INFO - 
Processing prefix: bronze/MSFT/
[2026-03-01T06:15:43.053+0000] {logging_mixin.py:188} INFO - Downloaded bronze/MSFT/1771463592.json -> D:\ADF_folder\real-time-stocks-mds\data\s3_downloads/MSFT_1771463592.json
[2026-03-01T06:15:43.438+0000] {logging_mixin.py:188} INFO - Downloaded bronze/MSFT/1771463625.json -> D:\ADF_folder\real-time-stocks-mds\data\s3_downloads/MSFT_1771463625.json
[2026-03-01T06:15:43.832+0000] {logging_mixin.py:188} INFO - Downloaded bronze/MSFT/1771463658.json -> D:\ADF_folder\real-time-stocks-mds\data\s3_downloads/MSFT_1771463658.json
[2026-03-01T06:15:44.196+0000] {logging_mixin.py:188} INFO - Downloaded bronze/MSFT/1771463691.json -> D:\ADF_folder\real-time-stocks-mds\data\s3_downloads/MSFT_1771463691.json
[2026-03-01T06:15:44.560+0000] {logging_mixin.py:188} INFO - Downloaded bronze/MSFT/1771463724.json -> D:\ADF_folder\real-time-stocks-mds\data\s3_downloads/MSFT_1771463724.json
[2026-03-01T06:15:44.935+0000] {logging_mixin.py:188} INFO - Downloaded bronze/MSFT/1771463757.json -> D:\ADF_folder\real-time-stocks-mds\data\s3_downloads/MSFT_1771463757.json
[2026-03-01T06:15:44.307+0000] {logging_mixin.py:188} INFO - Downloaded bronze/MSFT/1771463790.json -> D:\ADF_folder\real-time-stocks-mds\data\s3_downloads/MSFT_1771463790.json
[2026-03-01T06:15:44.674+0000] {logging_mixin.py:188} INFO - Downloaded bronze/MSFT/1771463823.json -> D:\ADF_folder\real-time-stocks-mds\data\s3_downloads/MSFT_1771463823.json
[2026-03-01T06:15:45.044+0000] {logging_mixin.py:188} INFO - Downloaded bronze/MSFT/1771463856.json -> D:\ADF_folder\real-time-stocks-mds\data\s3_downloads/MSFT_1771463856.json
[2026-03-01T06:15:45.406+0000] {logging_mixin.py:188} INFO - Downloaded bronze/MSFT/1771463889.json -> D:\ADF_folder\real-time-stocks-mds\data\s3_downloads/MSFT_1771463889.json
[2026-03-01T06:15:45.764+0000] {logging_mixin.py:188} INFO - Downloaded bronze/MSFT/1771463922.json -> D:\ADF_folder\real-time-stocks-mds\data\s3_downloads/MSFT_1771463922.json
[2026-03-01T06:15:46.132+0000] {logging_mixin.py:188} INFO - Downloaded bronze/MSFT/1771463955.json -> D:\ADF_folder\real-time-stocks-mds\data\s3_downloads/MSFT_1771463955.json
[2026-03-01T06:15:46.501+0000] {logging_mixin.py:188} INFO - Downloaded bronze/MSFT/1771463988.json -> D:\ADF_folder\real-time-stocks-mds\data\s3_downloads/MSFT_1771463988.json
[2026-03-01T06:15:46.869+0000] {logging_mixin.py:188} INFO - Downloaded bronze/MSFT/1771464022.json -> D:\ADF_folder\real-time-stocks-mds\data\s3_downloads/MSFT_1771464022.json
[2026-03-01T06:15:47.238+0000] {logging_mixin.py:188} INFO - Downloaded bronze/MSFT/1771464055.json -> D:\ADF_folder\real-time-stocks-mds\data\s3_downloads/MSFT_1771464055.json
[2026-03-01T06:15:47.597+0000] {logging_mixin.py:188} INFO - Downloaded bronze/MSFT/1771464088.json -> D:\ADF_folder\real-time-stocks-mds\data\s3_downloads/MSFT_1771464088.json
[2026-03-01T06:15:47.951+0000] {logging_mixin.py:188} INFO - Downloaded bronze/MSFT/1771464121.json -> D:\ADF_folder\real-time-stocks-mds\data\s3_downloads/MSFT_1771464121.json
[2026-03-01T06:15:48.818+0000] {logging_mixin.py:188} INFO - Downloaded bronze/MSFT/1771464154.json -> D:\ADF_folder\real-time-stocks-mds\data\s3_downloads/MSFT_1771464154.json
[2026-03-01T06:15:49.219+0000] {logging_mixin.py:188} INFO - Downloaded bronze/MSFT/1771464187.json -> D:\ADF_folder\real-time-stocks-mds\data\s3_downloads/MSFT_1771464187.json
[2026-03-01T06:15:49.610+0000] {logging_mixin.py:188} INFO - Downloaded bronze/MSFT/1771464220.json -> D:\ADF_folder\real-time-stocks-mds\data\s3_downloads/MSFT_1771464220.json
[2026-03-01T06:15:50.005+0000] {logging_mixin.py:188} INFO - Downloaded bronze/MSFT/1771464253.json -> D:\ADF_folder\real-time-stocks-mds\data\s3_downloads/MSFT_1771464253.json
[2026-03-01T06:15:50.408+0000] {logging_mixin.py:188} INFO - Downloaded bronze/MSFT/1771464286.json -> D:\ADF_folder\real-time-stocks-mds\data\s3_downloads/MSFT_1771464286.json
[2026-03-01T06:15:50.818+0000] {logging_mixin.py:188} INFO - Downloaded bronze/MSFT/1771464319.json -> D:\ADF_folder\real-time-stocks-mds\data\s3_downloads/MSFT_1771464319.json
[2026-03-01T06:15:51.216+0000] {logging_mixin.py:188} INFO - Downloaded bronze/MSFT/1771465252.json -> D:\ADF_folder\real-time-stocks-mds\data\s3_downloads/MSFT_1771465252.json
[2026-03-01T06:15:51.606+0000] {logging_mixin.py:188} INFO - Downloaded bronze/MSFT/1771465285.json -> D:\ADF_folder\real-time-stocks-mds\data\s3_downloads/MSFT_1771465285.json
[2026-03-01T06:15:51.999+0000] {logging_mixin.py:188} INFO - Downloaded bronze/MSFT/1771465318.json -> D:\ADF_folder\real-time-stocks-mds\data\s3_downloads/MSFT_1771465318.json
[2026-03-01T06:15:52.380+0000] {logging_mixin.py:188} INFO - Downloaded bronze/MSFT/1771465351.json -> D:\ADF_folder\real-time-stocks-mds\data\s3_downloads/MSFT_1771465351.json
[2026-03-01T06:15:52.753+0000] {logging_mixin.py:188} INFO - Downloaded bronze/MSFT/1771465384.json -> D:\ADF_folder\real-time-stocks-mds\data\s3_downloads/MSFT_1771465384.json
[2026-03-01T06:15:53.121+0000] {logging_mixin.py:188} INFO - Downloaded bronze/MSFT/1771465417.json -> D:\ADF_folder\real-time-stocks-mds\data\s3_downloads/MSFT_1771465417.json
[2026-03-01T06:15:53.488+0000] {logging_mixin.py:188} INFO - Downloaded bronze/MSFT/1771465450.json -> D:\ADF_folder\real-time-stocks-mds\data\s3_downloads/MSFT_1771465450.json
[2026-03-01T06:15:53.856+0000] {logging_mixin.py:188} INFO - Downloaded bronze/MSFT/1771465483.json -> D:\ADF_folder\real-time-stocks-mds\data\s3_downloads/MSFT_1771465483.json
[2026-03-01T06:15:54.230+0000] {logging_mixin.py:188} INFO - Downloaded bronze/MSFT/1771465516.json -> D:\ADF_folder\real-time-stocks-mds\data\s3_downloads/MSFT_1771465516.json
[2026-03-01T06:15:54.595+0000] {logging_mixin.py:188} INFO - Downloaded bronze/MSFT/1771465549.json -> D:\ADF_folder\real-time-stocks-mds\data\s3_downloads/MSFT_1771465549.json
[2026-03-01T06:15:54.961+0000] {logging_mixin.py:188} INFO - Downloaded bronze/MSFT/1771465582.json -> D:\ADF_folder\real-time-stocks-mds\data\s3_downloads/MSFT_1771465582.json
[2026-03-01T06:15:55.333+0000] {logging_mixin.py:188} INFO - Downloaded bronze/MSFT/1772074563.json -> D:\ADF_folder\real-time-stocks-mds\data\s3_downloads/MSFT_1772074563.json
[2026-03-01T06:15:55.701+0000] {logging_mixin.py:188} INFO - Downloaded bronze/MSFT/1772074596.json -> D:\ADF_folder\real-time-stocks-mds\data\s3_downloads/MSFT_1772074596.json
[2026-03-01T06:15:56.077+0000] {logging_mixin.py:188} INFO - Downloaded bronze/MSFT/1772074629.json -> D:\ADF_folder\real-time-stocks-mds\data\s3_downloads/MSFT_1772074629.json
[2026-03-01T06:15:56.481+0000] {logging_mixin.py:188} INFO - Downloaded bronze/MSFT/1772074662.json -> D:\ADF_folder\real-time-stocks-mds\data\s3_downloads/MSFT_1772074662.json
[2026-03-01T06:15:56.885+0000] {logging_mixin.py:188} INFO - Downloaded bronze/MSFT/1772074696.json -> D:\ADF_folder\real-time-stocks-mds\data\s3_downloads/MSFT_1772074696.json
[2026-03-01T06:15:57.280+0000] {logging_mixin.py:188} INFO - Downloaded bronze/MSFT/1772074729.json -> D:\ADF_folder\real-time-stocks-mds\data\s3_downloads/MSFT_1772074729.json
[2026-03-01T06:15:57.678+0000] {logging_mixin.py:188} INFO - Downloaded bronze/MSFT/1772074762.json -> D:\ADF_folder\real-time-stocks-mds\data\s3_downloads/MSFT_1772074762.json
[2026-03-01T06:15:58.078+0000] {logging_mixin.py:188} INFO - Downloaded bronze/MSFT/1772074795.json -> D:\ADF_folder\real-time-stocks-mds\data\s3_downloads/MSFT_1772074795.json
[2026-03-01T06:15:58.472+0000] {logging_mixin.py:188} INFO - Downloaded bronze/MSFT/1772074828.json -> D:\ADF_folder\real-time-stocks-mds\data\s3_downloads/MSFT_1772074828.json
[2026-03-01T06:15:58.870+0000] {logging_mixin.py:188} INFO - Downloaded bronze/MSFT/1772074861.json -> D:\ADF_folder\real-time-stocks-mds\data\s3_downloads/MSFT_1772074861.json
[2026-03-01T06:15:59.264+0000] {logging_mixin.py:188} INFO - Downloaded bronze/MSFT/1772074894.json -> D:\ADF_folder\real-time-stocks-mds\data\s3_downloads/MSFT_1772074894.json
[2026-03-01T06:15:59.638+0000] {logging_mixin.py:188} INFO - Downloaded bronze/MSFT/1772074927.json -> D:\ADF_folder\real-time-stocks-mds\data\s3_downloads/MSFT_1772074927.json
[2026-03-01T06:16:00.019+0000] {logging_mixin.py:188} INFO - Downloaded bronze/MSFT/1772074960.json -> D:\ADF_folder\real-time-stocks-mds\data\s3_downloads/MSFT_1772074960.json
[2026-03-01T06:16:00.386+0000] {logging_mixin.py:188} INFO - Downloaded bronze/MSFT/1772074993.json -> D:\ADF_folder\real-time-stocks-mds\data\s3_downloads/MSFT_1772074993.json
[2026-03-01T06:16:00.755+0000] {logging_mixin.py:188} INFO - Downloaded bronze/MSFT/1772075026.json -> D:\ADF_folder\real-time-stocks-mds\data\s3_downloads/MSFT_1772075026.json
[2026-03-01T06:16:01.129+0000] {logging_mixin.py:188} INFO - Downloaded bronze/MSFT/1772075059.json -> D:\ADF_folder\real-time-stocks-mds\data\s3_downloads/MSFT_1772075059.json
[2026-03-01T06:16:01.494+0000] {logging_mixin.py:188} INFO - Downloaded bronze/MSFT/1772075092.json -> D:\ADF_folder\real-time-stocks-mds\data\s3_downloads/MSFT_1772075092.json
[2026-03-01T06:16:01.860+0000] {logging_mixin.py:188} INFO - Downloaded bronze/MSFT/1772075125.json -> D:\ADF_folder\real-time-stocks-mds\data\s3_downloads/MSFT_1772075125.json
[2026-03-01T06:16:02.222+0000] {logging_mixin.py:188} INFO - Downloaded bronze/MSFT/1772075158.json -> D:\ADF_folder\real-time-stocks-mds\data\s3_downloads/MSFT_1772075158.json
[2026-03-01T06:16:02.598+0000] {logging_mixin.py:188} INFO - Downloaded bronze/MSFT/1772075191.json -> D:\ADF_folder\real-time-stocks-mds\data\s3_downloads/MSFT_1772075191.json
[2026-03-01T06:16:02.962+0000] {logging_mixin.py:188} INFO - Downloaded bronze/MSFT/1772075224.json -> D:\ADF_folder\real-time-stocks-mds\data\s3_downloads/MSFT_1772075224.json
[2026-03-01T06:16:03.331+0000] {logging_mixin.py:188} INFO - Downloaded bronze/MSFT/1772075257.json -> D:\ADF_folder\real-time-stocks-mds\data\s3_downloads/MSFT_1772075257.json
[2026-03-01T06:16:03.712+0000] {logging_mixin.py:188} INFO - Downloaded bronze/MSFT/1772075290.json -> D:\ADF_folder\real-time-stocks-mds\data\s3_downloads/MSFT_1772075290.json
[2026-03-01T06:16:04.087+0000] {logging_mixin.py:188} INFO - Downloaded bronze/MSFT/1772075323.json -> D:\ADF_folder\real-time-stocks-mds\data\s3_downloads/MSFT_1772075323.json
[2026-03-01T06:16:04.484+0000] {logging_mixin.py:188} INFO - Downloaded bronze/MSFT/1772075356.json -> D:\ADF_folder\real-time-stocks-mds\data\s3_downloads/MSFT_1772075356.json
[2026-03-01T06:16:04.883+0000] {logging_mixin.py:188} INFO - Downloaded bronze/MSFT/1772075389.json -> D:\ADF_folder\real-time-stocks-mds\data\s3_downloads/MSFT_1772075389.json
[2026-03-01T06:16:05.279+0000] {logging_mixin.py:188} INFO - Downloaded bronze/MSFT/1772075422.json -> D:\ADF_folder\real-time-stocks-mds\data\s3_downloads/MSFT_1772075422.json
[2026-03-01T06:16:05.677+0000] {logging_mixin.py:188} INFO - Downloaded bronze/MSFT/1772075455.json -> D:\ADF_folder\real-time-stocks-mds\data\s3_downloads/MSFT_1772075455.json
[2026-03-01T06:16:06.071+0000] {logging_mixin.py:188} INFO - Downloaded bronze/MSFT/1772075487.json -> D:\ADF_folder\real-time-stocks-mds\data\s3_downloads/MSFT_1772075487.json
[2026-03-01T06:16:06.472+0000] {logging_mixin.py:188} INFO - Downloaded bronze/MSFT/1772075520.json -> D:\ADF_folder\real-time-stocks-mds\data\s3_downloads/MSFT_1772075520.json
[2026-03-01T06:16:06.882+0000] {logging_mixin.py:188} INFO - Downloaded bronze/MSFT/1772075553.json -> D:\ADF_folder\real-time-stocks-mds\data\s3_downloads/MSFT_1772075553.json
[2026-03-01T06:16:07.280+0000] {logging_mixin.py:188} INFO - Downloaded bronze/MSFT/1772075586.json -> D:\ADF_folder\real-time-stocks-mds\data\s3_downloads/MSFT_1772075586.json
[2026-03-01T06:16:07.677+0000] {logging_mixin.py:188} INFO - Downloaded bronze/MSFT/1772075620.json -> D:\ADF_folder\real-time-stocks-mds\data\s3_downloads/MSFT_1772075620.json
[2026-03-01T06:16:08.473+0000] {logging_mixin.py:188} INFO - Downloaded bronze/MSFT/1772075653.json -> D:\ADF_folder\real-time-stocks-mds\data\s3_downloads/MSFT_1772075653.json
[2026-03-01T06:16:08.843+0000] {logging_mixin.py:188} INFO - Downloaded bronze/MSFT/1772075686.json -> D:\ADF_folder\real-time-stocks-mds\data\s3_downloads/MSFT_1772075686.json
[2026-03-01T06:16:09.212+0000] {logging_mixin.py:188} INFO - Downloaded bronze/MSFT/1772075719.json -> D:\ADF_folder\real-time-stocks-mds\data\s3_downloads/MSFT_1772075719.json
[2026-03-01T06:16:09.586+0000] {logging_mixin.py:188} INFO - Downloaded bronze/MSFT/1772075752.json -> D:\ADF_folder\real-time-stocks-mds\data\s3_downloads/MSFT_1772075752.json
[2026-03-01T06:16:09.960+0000] {logging_mixin.py:188} INFO - Downloaded bronze/MSFT/1772075785.json -> D:\ADF_folder\real-time-stocks-mds\data\s3_downloads/MSFT_1772075785.json
[2026-03-01T06:16:10.334+0000] {logging_mixin.py:188} INFO - Downloaded bronze/MSFT/1772075818.json -> D:\ADF_folder\real-time-stocks-mds\data\s3_downloads/MSFT_1772075818.json
[2026-03-01T06:16:10.706+0000] {logging_mixin.py:188} INFO - Downloaded bronze/MSFT/1772075851.json -> D:\ADF_folder\real-time-stocks-mds\data\s3_downloads/MSFT_1772075851.json
[2026-03-01T06:16:11.074+0000] {logging_mixin.py:188} INFO - Downloaded bronze/MSFT/1772075883.json -> D:\ADF_folder\real-time-stocks-mds\data\s3_downloads/MSFT_1772075883.json
[2026-03-01T06:16:11.436+0000] {logging_mixin.py:188} INFO - Downloaded bronze/MSFT/1772075916.json -> D:\ADF_folder\real-time-stocks-mds\data\s3_downloads/MSFT_1772075916.json
[2026-03-01T06:16:11.809+0000] {logging_mixin.py:188} INFO - Downloaded bronze/MSFT/1772075949.json -> D:\ADF_folder\real-time-stocks-mds\data\s3_downloads/MSFT_1772075949.json
[2026-03-01T06:16:12.186+0000] {logging_mixin.py:188} INFO - Downloaded bronze/MSFT/1772075982.json -> D:\ADF_folder\real-time-stocks-mds\data\s3_downloads/MSFT_1772075982.json
[2026-03-01T06:16:12.577+0000] {logging_mixin.py:188} INFO - Downloaded bronze/MSFT/1772076015.json -> D:\ADF_folder\real-time-stocks-mds\data\s3_downloads/MSFT_1772076015.json
[2026-03-01T06:16:12.975+0000] {logging_mixin.py:188} INFO - Downloaded bronze/MSFT/1772076048.json -> D:\ADF_folder\real-time-stocks-mds\data\s3_downloads/MSFT_1772076048.json
[2026-03-01T06:16:13.380+0000] {logging_mixin.py:188} INFO - Downloaded bronze/MSFT/1772076081.json -> D:\ADF_folder\real-time-stocks-mds\data\s3_downloads/MSFT_1772076081.json
[2026-03-01T06:16:13.771+0000] {logging_mixin.py:188} INFO - Downloaded bronze/MSFT/1772076114.json -> D:\ADF_folder\real-time-stocks-mds\data\s3_downloads/MSFT_1772076114.json
[2026-03-01T06:16:13.255+0000] {logging_mixin.py:188} INFO - Downloaded bronze/MSFT/1772076147.json -> D:\ADF_folder\real-time-stocks-mds\data\s3_downloads/MSFT_1772076147.json
[2026-03-01T06:16:13.641+0000] {logging_mixin.py:188} INFO - Downloaded bronze/MSFT/1772076180.json -> D:\ADF_folder\real-time-stocks-mds\data\s3_downloads/MSFT_1772076180.json
[2026-03-01T06:16:14.035+0000] {logging_mixin.py:188} INFO - Downloaded bronze/MSFT/1772076213.json -> D:\ADF_folder\real-time-stocks-mds\data\s3_downloads/MSFT_1772076213.json
[2026-03-01T06:16:14.429+0000] {logging_mixin.py:188} INFO - Downloaded bronze/MSFT/1772076246.json -> D:\ADF_folder\real-time-stocks-mds\data\s3_downloads/MSFT_1772076246.json
[2026-03-01T06:16:14.821+0000] {logging_mixin.py:188} INFO - Downloaded bronze/MSFT/1772076279.json -> D:\ADF_folder\real-time-stocks-mds\data\s3_downloads/MSFT_1772076279.json
[2026-03-01T06:16:15.220+0000] {logging_mixin.py:188} INFO - Downloaded bronze/MSFT/1772076312.json -> D:\ADF_folder\real-time-stocks-mds\data\s3_downloads/MSFT_1772076312.json
[2026-03-01T06:16:15.624+0000] {logging_mixin.py:188} INFO - Downloaded bronze/MSFT/1772076344.json -> D:\ADF_folder\real-time-stocks-mds\data\s3_downloads/MSFT_1772076344.json
[2026-03-01T06:16:16.010+0000] {logging_mixin.py:188} INFO - Downloaded bronze/MSFT/1772076377.json -> D:\ADF_folder\real-time-stocks-mds\data\s3_downloads/MSFT_1772076377.json
[2026-03-01T06:16:16.406+0000] {logging_mixin.py:188} INFO - Downloaded bronze/MSFT/1772076410.json -> D:\ADF_folder\real-time-stocks-mds\data\s3_downloads/MSFT_1772076410.json
[2026-03-01T06:16:16.806+0000] {logging_mixin.py:188} INFO - Downloaded bronze/MSFT/1772076444.json -> D:\ADF_folder\real-time-stocks-mds\data\s3_downloads/MSFT_1772076444.json
[2026-03-01T06:16:17.226+0000] {logging_mixin.py:188} INFO - Downloaded bronze/MSFT/1772076477.json -> D:\ADF_folder\real-time-stocks-mds\data\s3_downloads/MSFT_1772076477.json
[2026-03-01T06:16:17.655+0000] {logging_mixin.py:188} INFO - Downloaded bronze/MSFT/1772076510.json -> D:\ADF_folder\real-time-stocks-mds\data\s3_downloads/MSFT_1772076510.json
[2026-03-01T06:16:18.101+0000] {logging_mixin.py:188} INFO - Downloaded bronze/MSFT/1772076543.json -> D:\ADF_folder\real-time-stocks-mds\data\s3_downloads/MSFT_1772076543.json
[2026-03-01T06:16:18.567+0000] {logging_mixin.py:188} INFO - Downloaded bronze/MSFT/1772076576.json -> D:\ADF_folder\real-time-stocks-mds\data\s3_downloads/MSFT_1772076576.json
[2026-03-01T06:16:19.051+0000] {logging_mixin.py:188} INFO - Downloaded bronze/MSFT/1772076609.json -> D:\ADF_folder\real-time-stocks-mds\data\s3_downloads/MSFT_1772076609.json
[2026-03-01T06:16:19.547+0000] {logging_mixin.py:188} INFO - Downloaded bronze/MSFT/1772076642.json -> D:\ADF_folder\real-time-stocks-mds\data\s3_downloads/MSFT_1772076642.json
[2026-03-01T06:16:20.058+0000] {logging_mixin.py:188} INFO - Downloaded bronze/MSFT/1772076674.json -> D:\ADF_folder\real-time-stocks-mds\data\s3_downloads/MSFT_1772076674.json
[2026-03-01T06:16:20.612+0000] {logging_mixin.py:188} INFO - Downloaded bronze/MSFT/1772076707.json -> D:\ADF_folder\real-time-stocks-mds\data\s3_downloads/MSFT_1772076707.json
[2026-03-01T06:16:21.163+0000] {logging_mixin.py:188} INFO - Downloaded bronze/MSFT/1772076740.json -> D:\ADF_folder\real-time-stocks-mds\data\s3_downloads/MSFT_1772076740.json
[2026-03-01T06:16:21.694+0000] {logging_mixin.py:188} INFO - Downloaded bronze/MSFT/1772076773.json -> D:\ADF_folder\real-time-stocks-mds\data\s3_downloads/MSFT_1772076773.json
[2026-03-01T06:16:22.207+0000] {logging_mixin.py:188} INFO - Downloaded bronze/MSFT/1772076807.json -> D:\ADF_folder\real-time-stocks-mds\data\s3_downloads/MSFT_1772076807.json
[2026-03-01T06:16:22.728+0000] {logging_mixin.py:188} INFO - Downloaded bronze/MSFT/1772076840.json -> D:\ADF_folder\real-time-stocks-mds\data\s3_downloads/MSFT_1772076840.json
[2026-03-01T06:16:23.252+0000] {logging_mixin.py:188} INFO - Downloaded bronze/MSFT/1772076873.json -> D:\ADF_folder\real-time-stocks-mds\data\s3_downloads/MSFT_1772076873.json
[2026-03-01T06:16:23.784+0000] {logging_mixin.py:188} INFO - Downloaded bronze/MSFT/1772076905.json -> D:\ADF_folder\real-time-stocks-mds\data\s3_downloads/MSFT_1772076905.json
[2026-03-01T06:16:24.290+0000] {logging_mixin.py:188} INFO - Downloaded bronze/MSFT/1772076939.json -> D:\ADF_folder\real-time-stocks-mds\data\s3_downloads/MSFT_1772076939.json
[2026-03-01T06:16:24.791+0000] {logging_mixin.py:188} INFO - Downloaded bronze/MSFT/1772076972.json -> D:\ADF_folder\real-time-stocks-mds\data\s3_downloads/MSFT_1772076972.json
[2026-03-01T06:16:25.293+0000] {logging_mixin.py:188} INFO - Downloaded bronze/MSFT/1772077005.json -> D:\ADF_folder\real-time-stocks-mds\data\s3_downloads/MSFT_1772077005.json
[2026-03-01T06:16:25.780+0000] {logging_mixin.py:188} INFO - Downloaded bronze/MSFT/1772077038.json -> D:\ADF_folder\real-time-stocks-mds\data\s3_downloads/MSFT_1772077038.json
[2026-03-01T06:16:26.269+0000] {logging_mixin.py:188} INFO - Downloaded bronze/MSFT/1772077071.json -> D:\ADF_folder\real-time-stocks-mds\data\s3_downloads/MSFT_1772077071.json
[2026-03-01T06:16:26.746+0000] {logging_mixin.py:188} INFO - Downloaded bronze/MSFT/1772077104.json -> D:\ADF_folder\real-time-stocks-mds\data\s3_downloads/MSFT_1772077104.json
[2026-03-01T06:16:27.246+0000] {logging_mixin.py:188} INFO - Downloaded bronze/MSFT/1772077137.json -> D:\ADF_folder\real-time-stocks-mds\data\s3_downloads/MSFT_1772077137.json
[2026-03-01T06:16:27.737+0000] {logging_mixin.py:188} INFO - Downloaded bronze/MSFT/1772077170.json -> D:\ADF_folder\real-time-stocks-mds\data\s3_downloads/MSFT_1772077170.json
[2026-03-01T06:16:28.251+0000] {logging_mixin.py:188} INFO - Downloaded bronze/MSFT/1772077203.json -> D:\ADF_folder\real-time-stocks-mds\data\s3_downloads/MSFT_1772077203.json
[2026-03-01T06:16:28.789+0000] {logging_mixin.py:188} INFO - Downloaded bronze/MSFT/1772077236.json -> D:\ADF_folder\real-time-stocks-mds\data\s3_downloads/MSFT_1772077236.json
[2026-03-01T06:16:29.340+0000] {logging_mixin.py:188} INFO - Downloaded bronze/MSFT/1772077269.json -> D:\ADF_folder\real-time-stocks-mds\data\s3_downloads/MSFT_1772077269.json
[2026-03-01T06:16:30.385+0000] {logging_mixin.py:188} INFO - Downloaded bronze/MSFT/1772077302.json -> D:\ADF_folder\real-time-stocks-mds\data\s3_downloads/MSFT_1772077302.json
[2026-03-01T06:16:30.963+0000] {logging_mixin.py:188} INFO - Downloaded bronze/MSFT/1772077335.json -> D:\ADF_folder\real-time-stocks-mds\data\s3_downloads/MSFT_1772077335.json
[2026-03-01T06:16:31.488+0000] {logging_mixin.py:188} INFO - Downloaded bronze/MSFT/1772077369.json -> D:\ADF_folder\real-time-stocks-mds\data\s3_downloads/MSFT_1772077369.json
[2026-03-01T06:16:31.938+0000] {logging_mixin.py:188} INFO - Downloaded bronze/MSFT/1772077402.json -> D:\ADF_folder\real-time-stocks-mds\data\s3_downloads/MSFT_1772077402.json
[2026-03-01T06:16:32.387+0000] {logging_mixin.py:188} INFO - Downloaded bronze/MSFT/1772077434.json -> D:\ADF_folder\real-time-stocks-mds\data\s3_downloads/MSFT_1772077434.json
[2026-03-01T06:16:32.893+0000] {logging_mixin.py:188} INFO - Downloaded bronze/MSFT/1772077467.json -> D:\ADF_folder\real-time-stocks-mds\data\s3_downloads/MSFT_1772077467.json
[2026-03-01T06:16:33.382+0000] {logging_mixin.py:188} INFO - Downloaded bronze/MSFT/1772077500.json -> D:\ADF_folder\real-time-stocks-mds\data\s3_downloads/MSFT_1772077500.json
[2026-03-01T06:16:33.864+0000] {logging_mixin.py:188} INFO - Downloaded bronze/MSFT/1772077533.json -> D:\ADF_folder\real-time-stocks-mds\data\s3_downloads/MSFT_1772077533.json
[2026-03-01T06:16:34.323+0000] {logging_mixin.py:188} INFO - Downloaded bronze/MSFT/1772077566.json -> D:\ADF_folder\real-time-stocks-mds\data\s3_downloads/MSFT_1772077566.json
[2026-03-01T06:16:34.794+0000] {logging_mixin.py:188} INFO - Downloaded bronze/MSFT/1772077599.json -> D:\ADF_folder\real-time-stocks-mds\data\s3_downloads/MSFT_1772077599.json
[2026-03-01T06:16:35.248+0000] {logging_mixin.py:188} INFO - Downloaded bronze/MSFT/1772077632.json -> D:\ADF_folder\real-time-stocks-mds\data\s3_downloads/MSFT_1772077632.json
[2026-03-01T06:16:35.718+0000] {logging_mixin.py:188} INFO - Downloaded bronze/MSFT/1772077665.json -> D:\ADF_folder\real-time-stocks-mds\data\s3_downloads/MSFT_1772077665.json
[2026-03-01T06:16:36.187+0000] {logging_mixin.py:188} INFO - Downloaded bronze/MSFT/1772077698.json -> D:\ADF_folder\real-time-stocks-mds\data\s3_downloads/MSFT_1772077698.json
[2026-03-01T06:16:36.665+0000] {logging_mixin.py:188} INFO - Downloaded bronze/MSFT/1772077731.json -> D:\ADF_folder\real-time-stocks-mds\data\s3_downloads/MSFT_1772077731.json
[2026-03-01T06:16:37.144+0000] {logging_mixin.py:188} INFO - Downloaded bronze/MSFT/1772077764.json -> D:\ADF_folder\real-time-stocks-mds\data\s3_downloads/MSFT_1772077764.json
[2026-03-01T06:16:37.612+0000] {logging_mixin.py:188} INFO - Downloaded bronze/MSFT/1772077796.json -> D:\ADF_folder\real-time-stocks-mds\data\s3_downloads/MSFT_1772077796.json
[2026-03-01T06:16:38.079+0000] {logging_mixin.py:188} INFO - Downloaded bronze/MSFT/1772077829.json -> D:\ADF_folder\real-time-stocks-mds\data\s3_downloads/MSFT_1772077829.json
[2026-03-01T06:16:38.606+0000] {logging_mixin.py:188} INFO - Downloaded bronze/MSFT/1772077862.json -> D:\ADF_folder\real-time-stocks-mds\data\s3_downloads/MSFT_1772077862.json
[2026-03-01T06:16:39.118+0000] {logging_mixin.py:188} INFO - Downloaded bronze/MSFT/1772077895.json -> D:\ADF_folder\real-time-stocks-mds\data\s3_downloads/MSFT_1772077895.json
[2026-03-01T06:16:39.729+0000] {logging_mixin.py:188} INFO - Downloaded bronze/MSFT/1772077928.json -> D:\ADF_folder\real-time-stocks-mds\data\s3_downloads/MSFT_1772077928.json
[2026-03-01T06:16:40.190+0000] {logging_mixin.py:188} INFO - Downloaded bronze/MSFT/1772077960.json -> D:\ADF_folder\real-time-stocks-mds\data\s3_downloads/MSFT_1772077960.json
[2026-03-01T06:16:40.636+0000] {logging_mixin.py:188} INFO - Downloaded bronze/MSFT/1772077993.json -> D:\ADF_folder\real-time-stocks-mds\data\s3_downloads/MSFT_1772077993.json
[2026-03-01T06:16:41.074+0000] {logging_mixin.py:188} INFO - Downloaded bronze/MSFT/1772078026.json -> D:\ADF_folder\real-time-stocks-mds\data\s3_downloads/MSFT_1772078026.json
[2026-03-01T06:16:41.506+0000] {logging_mixin.py:188} INFO - Downloaded bronze/MSFT/1772078059.json -> D:\ADF_folder\real-time-stocks-mds\data\s3_downloads/MSFT_1772078059.json
[2026-03-01T06:16:41.937+0000] {logging_mixin.py:188} INFO - Downloaded bronze/MSFT/1772078092.json -> D:\ADF_folder\real-time-stocks-mds\data\s3_downloads/MSFT_1772078092.json
[2026-03-01T06:16:42.368+0000] {logging_mixin.py:188} INFO - Downloaded bronze/MSFT/1772078125.json -> D:\ADF_folder\real-time-stocks-mds\data\s3_downloads/MSFT_1772078125.json
[2026-03-01T06:16:42.793+0000] {logging_mixin.py:188} INFO - Downloaded bronze/MSFT/1772078158.json -> D:\ADF_folder\real-time-stocks-mds\data\s3_downloads/MSFT_1772078158.json
[2026-03-01T06:16:42.230+0000] {logging_mixin.py:188} INFO - Downloaded bronze/MSFT/1772078191.json -> D:\ADF_folder\real-time-stocks-mds\data\s3_downloads/MSFT_1772078191.json
[2026-03-01T06:16:42.660+0000] {logging_mixin.py:188} INFO - Downloaded bronze/MSFT/1772078224.json -> D:\ADF_folder\real-time-stocks-mds\data\s3_downloads/MSFT_1772078224.json
[2026-03-01T06:16:43.072+0000] {logging_mixin.py:188} INFO - Downloaded bronze/MSFT/1772078257.json -> D:\ADF_folder\real-time-stocks-mds\data\s3_downloads/MSFT_1772078257.json
[2026-03-01T06:16:43.481+0000] {logging_mixin.py:188} INFO - Downloaded bronze/MSFT/1772078290.json -> D:\ADF_folder\real-time-stocks-mds\data\s3_downloads/MSFT_1772078290.json
[2026-03-01T06:16:43.902+0000] {logging_mixin.py:188} INFO - Downloaded bronze/MSFT/1772078323.json -> D:\ADF_folder\real-time-stocks-mds\data\s3_downloads/MSFT_1772078323.json
[2026-03-01T06:16:44.342+0000] {logging_mixin.py:188} INFO - Downloaded bronze/MSFT/1772078356.json -> D:\ADF_folder\real-time-stocks-mds\data\s3_downloads/MSFT_1772078356.json
[2026-03-01T06:16:44.807+0000] {logging_mixin.py:188} INFO - Downloaded bronze/MSFT/1772078388.json -> D:\ADF_folder\real-time-stocks-mds\data\s3_downloads/MSFT_1772078388.json
[2026-03-01T06:16:45.266+0000] {logging_mixin.py:188} INFO - Downloaded bronze/MSFT/1772078422.json -> D:\ADF_folder\real-time-stocks-mds\data\s3_downloads/MSFT_1772078422.json
[2026-03-01T06:16:45.730+0000] {logging_mixin.py:188} INFO - Downloaded bronze/MSFT/1772078455.json -> D:\ADF_folder\real-time-stocks-mds\data\s3_downloads/MSFT_1772078455.json
[2026-03-01T06:16:46.196+0000] {logging_mixin.py:188} INFO - Downloaded bronze/MSFT/1772078489.json -> D:\ADF_folder\real-time-stocks-mds\data\s3_downloads/MSFT_1772078489.json
[2026-03-01T06:16:46.655+0000] {logging_mixin.py:188} INFO - Downloaded bronze/MSFT/1772078522.json -> D:\ADF_folder\real-time-stocks-mds\data\s3_downloads/MSFT_1772078522.json
[2026-03-01T06:16:47.119+0000] {logging_mixin.py:188} INFO - Downloaded bronze/MSFT/1772078555.json -> D:\ADF_folder\real-time-stocks-mds\data\s3_downloads/MSFT_1772078555.json
[2026-03-01T06:16:47.572+0000] {logging_mixin.py:188} INFO - Downloaded bronze/MSFT/1772078588.json -> D:\ADF_folder\real-time-stocks-mds\data\s3_downloads/MSFT_1772078588.json
[2026-03-01T06:16:48.022+0000] {logging_mixin.py:188} INFO - Downloaded bronze/MSFT/1772078621.json -> D:\ADF_folder\real-time-stocks-mds\data\s3_downloads/MSFT_1772078621.json
[2026-03-01T06:16:48.457+0000] {logging_mixin.py:188} INFO - Downloaded bronze/MSFT/1772078654.json -> D:\ADF_folder\real-time-stocks-mds\data\s3_downloads/MSFT_1772078654.json
[2026-03-01T06:16:48.882+0000] {logging_mixin.py:188} INFO - Downloaded bronze/MSFT/1772078687.json -> D:\ADF_folder\real-time-stocks-mds\data\s3_downloads/MSFT_1772078687.json
[2026-03-01T06:16:49.315+0000] {logging_mixin.py:188} INFO - Downloaded bronze/MSFT/1772078720.json -> D:\ADF_folder\real-time-stocks-mds\data\s3_downloads/MSFT_1772078720.json
[2026-03-01T06:16:49.733+0000] {logging_mixin.py:188} INFO - Downloaded bronze/MSFT/1772078753.json -> D:\ADF_folder\real-time-stocks-mds\data\s3_downloads/MSFT_1772078753.json
[2026-03-01T06:16:50.156+0000] {logging_mixin.py:188} INFO - Downloaded bronze/MSFT/1772078786.json -> D:\ADF_folder\real-time-stocks-mds\data\s3_downloads/MSFT_1772078786.json
[2026-03-01T06:16:50.578+0000] {logging_mixin.py:188} INFO - Downloaded bronze/MSFT/1772078819.json -> D:\ADF_folder\real-time-stocks-mds\data\s3_downloads/MSFT_1772078819.json
[2026-03-01T06:16:51.001+0000] {logging_mixin.py:188} INFO - Downloaded bronze/MSFT/1772078852.json -> D:\ADF_folder\real-time-stocks-mds\data\s3_downloads/MSFT_1772078852.json
[2026-03-01T06:16:51.431+0000] {logging_mixin.py:188} INFO - Downloaded bronze/MSFT/1772078885.json -> D:\ADF_folder\real-time-stocks-mds\data\s3_downloads/MSFT_1772078885.json
[2026-03-01T06:16:51.858+0000] {logging_mixin.py:188} INFO - Downloaded bronze/MSFT/1772078918.json -> D:\ADF_folder\real-time-stocks-mds\data\s3_downloads/MSFT_1772078918.json
[2026-03-01T06:16:52.833+0000] {logging_mixin.py:188} INFO - Downloaded bronze/MSFT/1772078951.json -> D:\ADF_folder\real-time-stocks-mds\data\s3_downloads/MSFT_1772078951.json
[2026-03-01T06:16:53.280+0000] {logging_mixin.py:188} INFO - Downloaded bronze/MSFT/1772078984.json -> D:\ADF_folder\real-time-stocks-mds\data\s3_downloads/MSFT_1772078984.json
[2026-03-01T06:16:53.761+0000] {logging_mixin.py:188} INFO - Downloaded bronze/MSFT/1772079017.json -> D:\ADF_folder\real-time-stocks-mds\data\s3_downloads/MSFT_1772079017.json
[2026-03-01T06:16:54.199+0000] {logging_mixin.py:188} INFO - Downloaded bronze/MSFT/1772079050.json -> D:\ADF_folder\real-time-stocks-mds\data\s3_downloads/MSFT_1772079050.json
[2026-03-01T06:16:54.635+0000] {logging_mixin.py:188} INFO - Downloaded bronze/MSFT/1772079084.json -> D:\ADF_folder\real-time-stocks-mds\data\s3_downloads/MSFT_1772079084.json
[2026-03-01T06:16:55.064+0000] {logging_mixin.py:188} INFO - Downloaded bronze/MSFT/1772079117.json -> D:\ADF_folder\real-time-stocks-mds\data\s3_downloads/MSFT_1772079117.json
[2026-03-01T06:16:55.514+0000] {logging_mixin.py:188} INFO - Downloaded bronze/MSFT/1772079150.json -> D:\ADF_folder\real-time-stocks-mds\data\s3_downloads/MSFT_1772079150.json
[2026-03-01T06:16:55.924+0000] {logging_mixin.py:188} INFO - Downloaded bronze/MSFT/1772079183.json -> D:\ADF_folder\real-time-stocks-mds\data\s3_downloads/MSFT_1772079183.json
[2026-03-01T06:16:56.329+0000] {logging_mixin.py:188} INFO - Downloaded bronze/MSFT/1772079216.json -> D:\ADF_folder\real-time-stocks-mds\data\s3_downloads/MSFT_1772079216.json
[2026-03-01T06:16:56.736+0000] {logging_mixin.py:188} INFO - Downloaded bronze/MSFT/1772079249.json -> D:\ADF_folder\real-time-stocks-mds\data\s3_downloads/MSFT_1772079249.json
[2026-03-01T06:16:57.149+0000] {logging_mixin.py:188} INFO - Downloaded bronze/MSFT/1772079282.json -> D:\ADF_folder\real-time-stocks-mds\data\s3_downloads/MSFT_1772079282.json
[2026-03-01T06:16:57.150+0000] {logging_mixin.py:188} INFO - 
Processing prefix: bronze/TSLA/
[2026-03-01T06:16:57.992+0000] {logging_mixin.py:188} INFO - Downloaded bronze/TSLA/1771463599.json -> D:\ADF_folder\real-time-stocks-mds\data\s3_downloads/TSLA_1771463599.json
[2026-03-01T06:16:58.402+0000] {logging_mixin.py:188} INFO - Downloaded bronze/TSLA/1771463632.json -> D:\ADF_folder\real-time-stocks-mds\data\s3_downloads/TSLA_1771463632.json
[2026-03-01T06:16:58.803+0000] {logging_mixin.py:188} INFO - Downloaded bronze/TSLA/1771463665.json -> D:\ADF_folder\real-time-stocks-mds\data\s3_downloads/TSLA_1771463665.json
[2026-03-01T06:16:59.203+0000] {logging_mixin.py:188} INFO - Downloaded bronze/TSLA/1771463698.json -> D:\ADF_folder\real-time-stocks-mds\data\s3_downloads/TSLA_1771463698.json
[2026-03-01T06:16:59.601+0000] {logging_mixin.py:188} INFO - Downloaded bronze/TSLA/1771463731.json -> D:\ADF_folder\real-time-stocks-mds\data\s3_downloads/TSLA_1771463731.json
[2026-03-01T06:16:59.992+0000] {logging_mixin.py:188} INFO - Downloaded bronze/TSLA/1771463764.json -> D:\ADF_folder\real-time-stocks-mds\data\s3_downloads/TSLA_1771463764.json
[2026-03-01T06:17:00.400+0000] {logging_mixin.py:188} INFO - Downloaded bronze/TSLA/1771463797.json -> D:\ADF_folder\real-time-stocks-mds\data\s3_downloads/TSLA_1771463797.json
[2026-03-01T06:17:00.812+0000] {logging_mixin.py:188} INFO - Downloaded bronze/TSLA/1771463830.json -> D:\ADF_folder\real-time-stocks-mds\data\s3_downloads/TSLA_1771463830.json
[2026-03-01T06:17:01.217+0000] {logging_mixin.py:188} INFO - Downloaded bronze/TSLA/1771463862.json -> D:\ADF_folder\real-time-stocks-mds\data\s3_downloads/TSLA_1771463862.json
[2026-03-01T06:17:01.616+0000] {logging_mixin.py:188} INFO - Downloaded bronze/TSLA/1771463895.json -> D:\ADF_folder\real-time-stocks-mds\data\s3_downloads/TSLA_1771463895.json
[2026-03-01T06:17:02.025+0000] {logging_mixin.py:188} INFO - Downloaded bronze/TSLA/1771463929.json -> D:\ADF_folder\real-time-stocks-mds\data\s3_downloads/TSLA_1771463929.json
[2026-03-01T06:17:02.431+0000] {logging_mixin.py:188} INFO - Downloaded bronze/TSLA/1771463962.json -> D:\ADF_folder\real-time-stocks-mds\data\s3_downloads/TSLA_1771463962.json
[2026-03-01T06:17:02.842+0000] {logging_mixin.py:188} INFO - Downloaded bronze/TSLA/1771463995.json -> D:\ADF_folder\real-time-stocks-mds\data\s3_downloads/TSLA_1771463995.json
[2026-03-01T06:17:03.236+0000] {logging_mixin.py:188} INFO - Downloaded bronze/TSLA/1771464029.json -> D:\ADF_folder\real-time-stocks-mds\data\s3_downloads/TSLA_1771464029.json
[2026-03-01T06:17:03.625+0000] {logging_mixin.py:188} INFO - Downloaded bronze/TSLA/1771464062.json -> D:\ADF_folder\real-time-stocks-mds\data\s3_downloads/TSLA_1771464062.json
[2026-03-01T06:17:03.989+0000] {logging_mixin.py:188} INFO - Downloaded bronze/TSLA/1771464095.json -> D:\ADF_folder\real-time-stocks-mds\data\s3_downloads/TSLA_1771464095.json
[2026-03-01T06:17:04.354+0000] {logging_mixin.py:188} INFO - Downloaded bronze/TSLA/1771464128.json -> D:\ADF_folder\real-time-stocks-mds\data\s3_downloads/TSLA_1771464128.json
[2026-03-01T06:17:04.722+0000] {logging_mixin.py:188} INFO - Downloaded bronze/TSLA/1771464161.json -> D:\ADF_folder\real-time-stocks-mds\data\s3_downloads/TSLA_1771464161.json
[2026-03-01T06:17:05.094+0000] {logging_mixin.py:188} INFO - Downloaded bronze/TSLA/1771464194.json -> D:\ADF_folder\real-time-stocks-mds\data\s3_downloads/TSLA_1771464194.json
[2026-03-01T06:17:05.459+0000] {logging_mixin.py:188} INFO - Downloaded bronze/TSLA/1771464227.json -> D:\ADF_folder\real-time-stocks-mds\data\s3_downloads/TSLA_1771464227.json
[2026-03-01T06:17:05.825+0000] {logging_mixin.py:188} INFO - Downloaded bronze/TSLA/1771464260.json -> D:\ADF_folder\real-time-stocks-mds\data\s3_downloads/TSLA_1771464260.json
[2026-03-01T06:17:06.205+0000] {logging_mixin.py:188} INFO - Downloaded bronze/TSLA/1771464293.json -> D:\ADF_folder\real-time-stocks-mds\data\s3_downloads/TSLA_1771464293.json
[2026-03-01T06:17:06.585+0000] {logging_mixin.py:188} INFO - Downloaded bronze/TSLA/1771464326.json -> D:\ADF_folder\real-time-stocks-mds\data\s3_downloads/TSLA_1771464326.json
[2026-03-01T06:17:09.832+0000] {logging_mixin.py:188} INFO - Downloaded bronze/TSLA/1771465259.json -> D:\ADF_folder\real-time-stocks-mds\data\s3_downloads/TSLA_1771465259.json
[2026-03-01T06:17:10.281+0000] {logging_mixin.py:188} INFO - Downloaded bronze/TSLA/1771465292.json -> D:\ADF_folder\real-time-stocks-mds\data\s3_downloads/TSLA_1771465292.json
[2026-03-01T06:17:10.745+0000] {logging_mixin.py:188} INFO - Downloaded bronze/TSLA/1771465325.json -> D:\ADF_folder\real-time-stocks-mds\data\s3_downloads/TSLA_1771465325.json
[2026-03-01T06:17:11.169+0000] {logging_mixin.py:188} INFO - Downloaded bronze/TSLA/1771465358.json -> D:\ADF_folder\real-time-stocks-mds\data\s3_downloads/TSLA_1771465358.json
[2026-03-01T06:17:11.627+0000] {logging_mixin.py:188} INFO - Downloaded bronze/TSLA/1771465391.json -> D:\ADF_folder\real-time-stocks-mds\data\s3_downloads/TSLA_1771465391.json
[2026-03-01T06:19:59.407+0000] {logging_mixin.py:188} INFO - Downloaded bronze/TSLA/1771465424.json -> D:\ADF_folder\real-time-stocks-mds\data\s3_downloads/TSLA_1771465424.json
[2026-03-01T06:19:59.791+0000] {logging_mixin.py:188} INFO - Downloaded bronze/TSLA/1771465457.json -> D:\ADF_folder\real-time-stocks-mds\data\s3_downloads/TSLA_1771465457.json
[2026-03-01T06:20:00.200+0000] {logging_mixin.py:188} INFO - Downloaded bronze/TSLA/1771465490.json -> D:\ADF_folder\real-time-stocks-mds\data\s3_downloads/TSLA_1771465490.json
[2026-03-01T06:20:01.450+0000] {logging_mixin.py:188} INFO - Downloaded bronze/TSLA/1771465523.json -> D:\ADF_folder\real-time-stocks-mds\data\s3_downloads/TSLA_1771465523.json
[2026-03-01T06:20:01.876+0000] {logging_mixin.py:188} INFO - Downloaded bronze/TSLA/1771465556.json -> D:\ADF_folder\real-time-stocks-mds\data\s3_downloads/TSLA_1771465556.json
[2026-03-01T06:20:02.287+0000] {logging_mixin.py:188} INFO - Downloaded bronze/TSLA/1772074570.json -> D:\ADF_folder\real-time-stocks-mds\data\s3_downloads/TSLA_1772074570.json
[2026-03-01T06:20:02.683+0000] {logging_mixin.py:188} INFO - Downloaded bronze/TSLA/1772074603.json -> D:\ADF_folder\real-time-stocks-mds\data\s3_downloads/TSLA_1772074603.json
[2026-03-01T06:20:03.063+0000] {logging_mixin.py:188} INFO - Downloaded bronze/TSLA/1772074635.json -> D:\ADF_folder\real-time-stocks-mds\data\s3_downloads/TSLA_1772074635.json
[2026-03-01T06:20:03.438+0000] {logging_mixin.py:188} INFO - Downloaded bronze/TSLA/1772074669.json -> D:\ADF_folder\real-time-stocks-mds\data\s3_downloads/TSLA_1772074669.json
[2026-03-01T06:20:03.826+0000] {logging_mixin.py:188} INFO - Downloaded bronze/TSLA/1772074702.json -> D:\ADF_folder\real-time-stocks-mds\data\s3_downloads/TSLA_1772074702.json
[2026-03-01T06:20:04.232+0000] {logging_mixin.py:188} INFO - Downloaded bronze/TSLA/1772074735.json -> D:\ADF_folder\real-time-stocks-mds\data\s3_downloads/TSLA_1772074735.json
[2026-03-01T06:20:04.651+0000] {logging_mixin.py:188} INFO - Downloaded bronze/TSLA/1772074768.json -> D:\ADF_folder\real-time-stocks-mds\data\s3_downloads/TSLA_1772074768.json
[2026-03-01T06:20:05.059+0000] {logging_mixin.py:188} INFO - Downloaded bronze/TSLA/1772074801.json -> D:\ADF_folder\real-time-stocks-mds\data\s3_downloads/TSLA_1772074801.json
[2026-03-01T06:20:05.498+0000] {logging_mixin.py:188} INFO - Downloaded bronze/TSLA/1772074835.json -> D:\ADF_folder\real-time-stocks-mds\data\s3_downloads/TSLA_1772074835.json
[2026-03-01T06:20:05.870+0000] {logging_mixin.py:188} INFO - Downloaded bronze/TSLA/1772074868.json -> D:\ADF_folder\real-time-stocks-mds\data\s3_downloads/TSLA_1772074868.json
[2026-03-01T06:20:06.256+0000] {logging_mixin.py:188} INFO - Downloaded bronze/TSLA/1772074901.json -> D:\ADF_folder\real-time-stocks-mds\data\s3_downloads/TSLA_1772074901.json
[2026-03-01T06:20:06.663+0000] {logging_mixin.py:188} INFO - Downloaded bronze/TSLA/1772074934.json -> D:\ADF_folder\real-time-stocks-mds\data\s3_downloads/TSLA_1772074934.json
[2026-03-01T06:20:07.159+0000] {logging_mixin.py:188} INFO - Downloaded bronze/TSLA/1772074967.json -> D:\ADF_folder\real-time-stocks-mds\data\s3_downloads/TSLA_1772074967.json
[2026-03-01T06:20:07.577+0000] {logging_mixin.py:188} INFO - Downloaded bronze/TSLA/1772075000.json -> D:\ADF_folder\real-time-stocks-mds\data\s3_downloads/TSLA_1772075000.json
[2026-03-01T06:20:08.003+0000] {logging_mixin.py:188} INFO - Downloaded bronze/TSLA/1772075033.json -> D:\ADF_folder\real-time-stocks-mds\data\s3_downloads/TSLA_1772075033.json
[2026-03-01T06:20:08.418+0000] {logging_mixin.py:188} INFO - Downloaded bronze/TSLA/1772075066.json -> D:\ADF_folder\real-time-stocks-mds\data\s3_downloads/TSLA_1772075066.json
[2026-03-01T06:20:08.804+0000] {logging_mixin.py:188} INFO - Downloaded bronze/TSLA/1772075099.json -> D:\ADF_folder\real-time-stocks-mds\data\s3_downloads/TSLA_1772075099.json
[2026-03-01T06:20:09.200+0000] {logging_mixin.py:188} INFO - Downloaded bronze/TSLA/1772075132.json -> D:\ADF_folder\real-time-stocks-mds\data\s3_downloads/TSLA_1772075132.json
[2026-03-01T06:20:09.582+0000] {logging_mixin.py:188} INFO - Downloaded bronze/TSLA/1772075165.json -> D:\ADF_folder\real-time-stocks-mds\data\s3_downloads/TSLA_1772075165.json
[2026-03-01T06:20:09.966+0000] {logging_mixin.py:188} INFO - Downloaded bronze/TSLA/1772075198.json -> D:\ADF_folder\real-time-stocks-mds\data\s3_downloads/TSLA_1772075198.json
[2026-03-01T06:20:10.343+0000] {logging_mixin.py:188} INFO - Downloaded bronze/TSLA/1772075231.json -> D:\ADF_folder\real-time-stocks-mds\data\s3_downloads/TSLA_1772075231.json
[2026-03-01T06:20:10.736+0000] {logging_mixin.py:188} INFO - Downloaded bronze/TSLA/1772075297.json -> D:\ADF_folder\real-time-stocks-mds\data\s3_downloads/TSLA_1772075297.json
[2026-03-01T06:20:11.140+0000] {logging_mixin.py:188} INFO - Downloaded bronze/TSLA/1772075330.json -> D:\ADF_folder\real-time-stocks-mds\data\s3_downloads/TSLA_1772075330.json
[2026-03-01T06:20:11.545+0000] {logging_mixin.py:188} INFO - Downloaded bronze/TSLA/1772075362.json -> D:\ADF_folder\real-time-stocks-mds\data\s3_downloads/TSLA_1772075362.json
[2026-03-01T06:20:11.909+0000] {logging_mixin.py:188} INFO - Downloaded bronze/TSLA/1772075395.json -> D:\ADF_folder\real-time-stocks-mds\data\s3_downloads/TSLA_1772075395.json
[2026-03-01T06:20:12.278+0000] {logging_mixin.py:188} INFO - Downloaded bronze/TSLA/1772075428.json -> D:\ADF_folder\real-time-stocks-mds\data\s3_downloads/TSLA_1772075428.json
[2026-03-01T06:20:12.718+0000] {logging_mixin.py:188} INFO - Downloaded bronze/TSLA/1772075461.json -> D:\ADF_folder\real-time-stocks-mds\data\s3_downloads/TSLA_1772075461.json
[2026-03-01T06:20:13.213+0000] {logging_mixin.py:188} INFO - Downloaded bronze/TSLA/1772075494.json -> D:\ADF_folder\real-time-stocks-mds\data\s3_downloads/TSLA_1772075494.json
[2026-03-01T06:20:13.813+0000] {logging_mixin.py:188} INFO - Downloaded bronze/TSLA/1772075527.json -> D:\ADF_folder\real-time-stocks-mds\data\s3_downloads/TSLA_1772075527.json
[2026-03-01T06:20:14.368+0000] {logging_mixin.py:188} INFO - Downloaded bronze/TSLA/1772075560.json -> D:\ADF_folder\real-time-stocks-mds\data\s3_downloads/TSLA_1772075560.json
[2026-03-01T06:20:14.787+0000] {logging_mixin.py:188} INFO - Downloaded bronze/TSLA/1772075594.json -> D:\ADF_folder\real-time-stocks-mds\data\s3_downloads/TSLA_1772075594.json
[2026-03-01T06:20:15.192+0000] {logging_mixin.py:188} INFO - Downloaded bronze/TSLA/1772075627.json -> D:\ADF_folder\real-time-stocks-mds\data\s3_downloads/TSLA_1772075627.json
[2026-03-01T06:20:15.597+0000] {logging_mixin.py:188} INFO - Downloaded bronze/TSLA/1772075660.json -> D:\ADF_folder\real-time-stocks-mds\data\s3_downloads/TSLA_1772075660.json
[2026-03-01T06:20:16.018+0000] {logging_mixin.py:188} INFO - Downloaded bronze/TSLA/1772075693.json -> D:\ADF_folder\real-time-stocks-mds\data\s3_downloads/TSLA_1772075693.json
[2026-03-01T06:20:16.423+0000] {logging_mixin.py:188} INFO - Downloaded bronze/TSLA/1772075726.json -> D:\ADF_folder\real-time-stocks-mds\data\s3_downloads/TSLA_1772075726.json
[2026-03-01T06:20:16.826+0000] {logging_mixin.py:188} INFO - Downloaded bronze/TSLA/1772075759.json -> D:\ADF_folder\real-time-stocks-mds\data\s3_downloads/TSLA_1772075759.json
[2026-03-01T06:20:17.339+0000] {logging_mixin.py:188} INFO - Downloaded bronze/TSLA/1772075792.json -> D:\ADF_folder\real-time-stocks-mds\data\s3_downloads/TSLA_1772075792.json
[2026-03-01T06:20:17.751+0000] {logging_mixin.py:188} INFO - Downloaded bronze/TSLA/1772075824.json -> D:\ADF_folder\real-time-stocks-mds\data\s3_downloads/TSLA_1772075824.json
[2026-03-01T06:20:18.120+0000] {logging_mixin.py:188} INFO - Downloaded bronze/TSLA/1772075857.json -> D:\ADF_folder\real-time-stocks-mds\data\s3_downloads/TSLA_1772075857.json
[2026-03-01T06:20:18.486+0000] {logging_mixin.py:188} INFO - Downloaded bronze/TSLA/1772075890.json -> D:\ADF_folder\real-time-stocks-mds\data\s3_downloads/TSLA_1772075890.json
[2026-03-01T06:20:19.275+0000] {logging_mixin.py:188} INFO - Downloaded bronze/TSLA/1772075923.json -> D:\ADF_folder\real-time-stocks-mds\data\s3_downloads/TSLA_1772075923.json
[2026-03-01T06:20:19.686+0000] {logging_mixin.py:188} INFO - Downloaded bronze/TSLA/1772075956.json -> D:\ADF_folder\real-time-stocks-mds\data\s3_downloads/TSLA_1772075956.json
[2026-03-01T06:20:20.061+0000] {logging_mixin.py:188} INFO - Downloaded bronze/TSLA/1772075989.json -> D:\ADF_folder\real-time-stocks-mds\data\s3_downloads/TSLA_1772075989.json
[2026-03-01T06:20:20.453+0000] {logging_mixin.py:188} INFO - Downloaded bronze/TSLA/1772076021.json -> D:\ADF_folder\real-time-stocks-mds\data\s3_downloads/TSLA_1772076021.json
[2026-03-01T06:20:20.864+0000] {logging_mixin.py:188} INFO - Downloaded bronze/TSLA/1772076055.json -> D:\ADF_folder\real-time-stocks-mds\data\s3_downloads/TSLA_1772076055.json
[2026-03-01T06:20:21.270+0000] {logging_mixin.py:188} INFO - Downloaded bronze/TSLA/1772076088.json -> D:\ADF_folder\real-time-stocks-mds\data\s3_downloads/TSLA_1772076088.json
[2026-03-01T06:20:21.681+0000] {logging_mixin.py:188} INFO - Downloaded bronze/TSLA/1772076121.json -> D:\ADF_folder\real-time-stocks-mds\data\s3_downloads/TSLA_1772076121.json
[2026-03-01T06:20:22.088+0000] {logging_mixin.py:188} INFO - Downloaded bronze/TSLA/1772076154.json -> D:\ADF_folder\real-time-stocks-mds\data\s3_downloads/TSLA_1772076154.json
[2026-03-01T06:20:22.489+0000] {logging_mixin.py:188} INFO - Downloaded bronze/TSLA/1772076187.json -> D:\ADF_folder\real-time-stocks-mds\data\s3_downloads/TSLA_1772076187.json
[2026-03-01T06:20:22.895+0000] {logging_mixin.py:188} INFO - Downloaded bronze/TSLA/1772076220.json -> D:\ADF_folder\real-time-stocks-mds\data\s3_downloads/TSLA_1772076220.json
[2026-03-01T06:20:23.300+0000] {logging_mixin.py:188} INFO - Downloaded bronze/TSLA/1772076253.json -> D:\ADF_folder\real-time-stocks-mds\data\s3_downloads/TSLA_1772076253.json
[2026-03-01T06:20:23.704+0000] {logging_mixin.py:188} INFO - Downloaded bronze/TSLA/1772076285.json -> D:\ADF_folder\real-time-stocks-mds\data\s3_downloads/TSLA_1772076285.json
[2026-03-01T06:20:24.118+0000] {logging_mixin.py:188} INFO - Downloaded bronze/TSLA/1772076318.json -> D:\ADF_folder\real-time-stocks-mds\data\s3_downloads/TSLA_1772076318.json
[2026-03-01T06:20:24.538+0000] {logging_mixin.py:188} INFO - Downloaded bronze/TSLA/1772076351.json -> D:\ADF_folder\real-time-stocks-mds\data\s3_downloads/TSLA_1772076351.json
[2026-03-01T06:20:24.942+0000] {logging_mixin.py:188} INFO - Downloaded bronze/TSLA/1772076384.json -> D:\ADF_folder\real-time-stocks-mds\data\s3_downloads/TSLA_1772076384.json
[2026-03-01T06:20:25.361+0000] {logging_mixin.py:188} INFO - Downloaded bronze/TSLA/1772076417.json -> D:\ADF_folder\real-time-stocks-mds\data\s3_downloads/TSLA_1772076417.json
[2026-03-01T06:20:25.809+0000] {logging_mixin.py:188} INFO - Downloaded bronze/TSLA/1772076451.json -> D:\ADF_folder\real-time-stocks-mds\data\s3_downloads/TSLA_1772076451.json
[2026-03-01T06:20:26.215+0000] {logging_mixin.py:188} INFO - Downloaded bronze/TSLA/1772076484.json -> D:\ADF_folder\real-time-stocks-mds\data\s3_downloads/TSLA_1772076484.json
[2026-03-01T06:20:26.612+0000] {logging_mixin.py:188} INFO - Downloaded bronze/TSLA/1772076516.json -> D:\ADF_folder\real-time-stocks-mds\data\s3_downloads/TSLA_1772076516.json
[2026-03-01T06:20:27.010+0000] {logging_mixin.py:188} INFO - Downloaded bronze/TSLA/1772076549.json -> D:\ADF_folder\real-time-stocks-mds\data\s3_downloads/TSLA_1772076549.json
[2026-03-01T06:20:27.407+0000] {logging_mixin.py:188} INFO - Downloaded bronze/TSLA/1772076582.json -> D:\ADF_folder\real-time-stocks-mds\data\s3_downloads/TSLA_1772076582.json
[2026-03-01T06:20:27.808+0000] {logging_mixin.py:188} INFO - Downloaded bronze/TSLA/1772076615.json -> D:\ADF_folder\real-time-stocks-mds\data\s3_downloads/TSLA_1772076615.json
[2026-03-01T06:20:28.217+0000] {logging_mixin.py:188} INFO - Downloaded bronze/TSLA/1772076648.json -> D:\ADF_folder\real-time-stocks-mds\data\s3_downloads/TSLA_1772076648.json
[2026-03-01T06:20:28.624+0000] {logging_mixin.py:188} INFO - Downloaded bronze/TSLA/1772076681.json -> D:\ADF_folder\real-time-stocks-mds\data\s3_downloads/TSLA_1772076681.json
[2026-03-01T06:20:29.025+0000] {logging_mixin.py:188} INFO - Downloaded bronze/TSLA/1772076714.json -> D:\ADF_folder\real-time-stocks-mds\data\s3_downloads/TSLA_1772076714.json
[2026-03-01T06:20:29.581+0000] {logging_mixin.py:188} INFO - Downloaded bronze/TSLA/1772076747.json -> D:\ADF_folder\real-time-stocks-mds\data\s3_downloads/TSLA_1772076747.json
[2026-03-01T06:20:29.164+0000] {logging_mixin.py:188} INFO - Downloaded bronze/TSLA/1772076780.json -> D:\ADF_folder\real-time-stocks-mds\data\s3_downloads/TSLA_1772076780.json
[2026-03-01T06:20:29.568+0000] {logging_mixin.py:188} INFO - Downloaded bronze/TSLA/1772076813.json -> D:\ADF_folder\real-time-stocks-mds\data\s3_downloads/TSLA_1772076813.json
[2026-03-01T06:20:29.968+0000] {logging_mixin.py:188} INFO - Downloaded bronze/TSLA/1772076846.json -> D:\ADF_folder\real-time-stocks-mds\data\s3_downloads/TSLA_1772076846.json
[2026-03-01T06:20:30.372+0000] {logging_mixin.py:188} INFO - Downloaded bronze/TSLA/1772076879.json -> D:\ADF_folder\real-time-stocks-mds\data\s3_downloads/TSLA_1772076879.json
[2026-03-01T06:20:30.776+0000] {logging_mixin.py:188} INFO - Downloaded bronze/TSLA/1772076912.json -> D:\ADF_folder\real-time-stocks-mds\data\s3_downloads/TSLA_1772076912.json
[2026-03-01T06:20:31.160+0000] {logging_mixin.py:188} INFO - Downloaded bronze/TSLA/1772076945.json -> D:\ADF_folder\real-time-stocks-mds\data\s3_downloads/TSLA_1772076945.json
[2026-03-01T06:20:31.534+0000] {logging_mixin.py:188} INFO - Downloaded bronze/TSLA/1772076978.json -> D:\ADF_folder\real-time-stocks-mds\data\s3_downloads/TSLA_1772076978.json
[2026-03-01T06:20:31.909+0000] {logging_mixin.py:188} INFO - Downloaded bronze/TSLA/1772077011.json -> D:\ADF_folder\real-time-stocks-mds\data\s3_downloads/TSLA_1772077011.json
[2026-03-01T06:20:32.286+0000] {logging_mixin.py:188} INFO - Downloaded bronze/TSLA/1772077044.json -> D:\ADF_folder\real-time-stocks-mds\data\s3_downloads/TSLA_1772077044.json
[2026-03-01T06:20:32.660+0000] {logging_mixin.py:188} INFO - Downloaded bronze/TSLA/1772077077.json -> D:\ADF_folder\real-time-stocks-mds\data\s3_downloads/TSLA_1772077077.json
[2026-03-01T06:20:33.037+0000] {logging_mixin.py:188} INFO - Downloaded bronze/TSLA/1772077110.json -> D:\ADF_folder\real-time-stocks-mds\data\s3_downloads/TSLA_1772077110.json
[2026-03-01T06:20:33.410+0000] {logging_mixin.py:188} INFO - Downloaded bronze/TSLA/1772077143.json -> D:\ADF_folder\real-time-stocks-mds\data\s3_downloads/TSLA_1772077143.json
[2026-03-01T06:20:33.788+0000] {logging_mixin.py:188} INFO - Downloaded bronze/TSLA/1772077176.json -> D:\ADF_folder\real-time-stocks-mds\data\s3_downloads/TSLA_1772077176.json
[2026-03-01T06:20:34.168+0000] {logging_mixin.py:188} INFO - Downloaded bronze/TSLA/1772077210.json -> D:\ADF_folder\real-time-stocks-mds\data\s3_downloads/TSLA_1772077210.json
[2026-03-01T06:20:34.545+0000] {logging_mixin.py:188} INFO - Downloaded bronze/TSLA/1772077242.json -> D:\ADF_folder\real-time-stocks-mds\data\s3_downloads/TSLA_1772077242.json
[2026-03-01T06:20:34.921+0000] {logging_mixin.py:188} INFO - Downloaded bronze/TSLA/1772077275.json -> D:\ADF_folder\real-time-stocks-mds\data\s3_downloads/TSLA_1772077275.json
[2026-03-01T06:20:35.292+0000] {logging_mixin.py:188} INFO - Downloaded bronze/TSLA/1772077309.json -> D:\ADF_folder\real-time-stocks-mds\data\s3_downloads/TSLA_1772077309.json
[2026-03-01T06:20:35.661+0000] {logging_mixin.py:188} INFO - Downloaded bronze/TSLA/1772077341.json -> D:\ADF_folder\real-time-stocks-mds\data\s3_downloads/TSLA_1772077341.json
[2026-03-01T06:20:36.038+0000] {logging_mixin.py:188} INFO - Downloaded bronze/TSLA/1772077375.json -> D:\ADF_folder\real-time-stocks-mds\data\s3_downloads/TSLA_1772077375.json
[2026-03-01T06:20:36.408+0000] {logging_mixin.py:188} INFO - Downloaded bronze/TSLA/1772077408.json -> D:\ADF_folder\real-time-stocks-mds\data\s3_downloads/TSLA_1772077408.json
[2026-03-01T06:20:36.792+0000] {logging_mixin.py:188} INFO - Downloaded bronze/TSLA/1772077441.json -> D:\ADF_folder\real-time-stocks-mds\data\s3_downloads/TSLA_1772077441.json
[2026-03-01T06:20:37.200+0000] {logging_mixin.py:188} INFO - Downloaded bronze/TSLA/1772077474.json -> D:\ADF_folder\real-time-stocks-mds\data\s3_downloads/TSLA_1772077474.json
[2026-03-01T06:20:37.614+0000] {logging_mixin.py:188} INFO - Downloaded bronze/TSLA/1772077507.json -> D:\ADF_folder\real-time-stocks-mds\data\s3_downloads/TSLA_1772077507.json
[2026-03-01T06:20:38.014+0000] {logging_mixin.py:188} INFO - Downloaded bronze/TSLA/1772077539.json -> D:\ADF_folder\real-time-stocks-mds\data\s3_downloads/TSLA_1772077539.json
[2026-03-01T06:20:38.866+0000] {logging_mixin.py:188} INFO - Downloaded bronze/TSLA/1772077572.json -> D:\ADF_folder\real-time-stocks-mds\data\s3_downloads/TSLA_1772077572.json
[2026-03-01T06:20:39.260+0000] {logging_mixin.py:188} INFO - Downloaded bronze/TSLA/1772077605.json -> D:\ADF_folder\real-time-stocks-mds\data\s3_downloads/TSLA_1772077605.json
[2026-03-01T06:20:39.653+0000] {logging_mixin.py:188} INFO - Downloaded bronze/TSLA/1772077638.json -> D:\ADF_folder\real-time-stocks-mds\data\s3_downloads/TSLA_1772077638.json
[2026-03-01T06:20:40.074+0000] {logging_mixin.py:188} INFO - Downloaded bronze/TSLA/1772077671.json -> D:\ADF_folder\real-time-stocks-mds\data\s3_downloads/TSLA_1772077671.json
[2026-03-01T06:20:40.488+0000] {logging_mixin.py:188} INFO - Downloaded bronze/TSLA/1772077704.json -> D:\ADF_folder\real-time-stocks-mds\data\s3_downloads/TSLA_1772077704.json
[2026-03-01T06:20:40.927+0000] {logging_mixin.py:188} INFO - Downloaded bronze/TSLA/1772077737.json -> D:\ADF_folder\real-time-stocks-mds\data\s3_downloads/TSLA_1772077737.json
[2026-03-01T06:20:41.338+0000] {logging_mixin.py:188} INFO - Downloaded bronze/TSLA/1772077770.json -> D:\ADF_folder\real-time-stocks-mds\data\s3_downloads/TSLA_1772077770.json
[2026-03-01T06:20:41.735+0000] {logging_mixin.py:188} INFO - Downloaded bronze/TSLA/1772077803.json -> D:\ADF_folder\real-time-stocks-mds\data\s3_downloads/TSLA_1772077803.json
[2026-03-01T06:20:42.135+0000] {logging_mixin.py:188} INFO - Downloaded bronze/TSLA/1772077836.json -> D:\ADF_folder\real-time-stocks-mds\data\s3_downloads/TSLA_1772077836.json
[2026-03-01T06:20:42.532+0000] {logging_mixin.py:188} INFO - Downloaded bronze/TSLA/1772077869.json -> D:\ADF_folder\real-time-stocks-mds\data\s3_downloads/TSLA_1772077869.json
[2026-03-01T06:20:42.929+0000] {logging_mixin.py:188} INFO - Downloaded bronze/TSLA/1772077901.json -> D:\ADF_folder\real-time-stocks-mds\data\s3_downloads/TSLA_1772077901.json
[2026-03-01T06:20:43.333+0000] {logging_mixin.py:188} INFO - Downloaded bronze/TSLA/1772077934.json -> D:\ADF_folder\real-time-stocks-mds\data\s3_downloads/TSLA_1772077934.json
[2026-03-01T06:20:43.725+0000] {logging_mixin.py:188} INFO - Downloaded bronze/TSLA/1772077967.json -> D:\ADF_folder\real-time-stocks-mds\data\s3_downloads/TSLA_1772077967.json
[2026-03-01T06:20:44.115+0000] {logging_mixin.py:188} INFO - Downloaded bronze/TSLA/1772078000.json -> D:\ADF_folder\real-time-stocks-mds\data\s3_downloads/TSLA_1772078000.json
[2026-03-01T06:20:44.481+0000] {logging_mixin.py:188} INFO - Downloaded bronze/TSLA/1772078033.json -> D:\ADF_folder\real-time-stocks-mds\data\s3_downloads/TSLA_1772078033.json
[2026-03-01T06:20:44.856+0000] {logging_mixin.py:188} INFO - Downloaded bronze/TSLA/1772078065.json -> D:\ADF_folder\real-time-stocks-mds\data\s3_downloads/TSLA_1772078065.json
[2026-03-01T06:20:45.237+0000] {logging_mixin.py:188} INFO - Downloaded bronze/TSLA/1772078098.json -> D:\ADF_folder\real-time-stocks-mds\data\s3_downloads/TSLA_1772078098.json
[2026-03-01T06:20:45.612+0000] {logging_mixin.py:188} INFO - Downloaded bronze/TSLA/1772078132.json -> D:\ADF_folder\real-time-stocks-mds\data\s3_downloads/TSLA_1772078132.json
[2026-03-01T06:20:45.985+0000] {logging_mixin.py:188} INFO - Downloaded bronze/TSLA/1772078165.json -> D:\ADF_folder\real-time-stocks-mds\data\s3_downloads/TSLA_1772078165.json
[2026-03-01T06:20:46.361+0000] {logging_mixin.py:188} INFO - Downloaded bronze/TSLA/1772078198.json -> D:\ADF_folder\real-time-stocks-mds\data\s3_downloads/TSLA_1772078198.json
[2026-03-01T06:20:46.737+0000] {logging_mixin.py:188} INFO - Downloaded bronze/TSLA/1772078230.json -> D:\ADF_folder\real-time-stocks-mds\data\s3_downloads/TSLA_1772078230.json
[2026-03-01T06:20:47.112+0000] {logging_mixin.py:188} INFO - Downloaded bronze/TSLA/1772078264.json -> D:\ADF_folder\real-time-stocks-mds\data\s3_downloads/TSLA_1772078264.json
[2026-03-01T06:20:47.480+0000] {logging_mixin.py:188} INFO - Downloaded bronze/TSLA/1772078297.json -> D:\ADF_folder\real-time-stocks-mds\data\s3_downloads/TSLA_1772078297.json
[2026-03-01T06:20:47.856+0000] {logging_mixin.py:188} INFO - Downloaded bronze/TSLA/1772078329.json -> D:\ADF_folder\real-time-stocks-mds\data\s3_downloads/TSLA_1772078329.json
[2026-03-01T06:20:48.223+0000] {logging_mixin.py:188} INFO - Downloaded bronze/TSLA/1772078362.json -> D:\ADF_folder\real-time-stocks-mds\data\s3_downloads/TSLA_1772078362.json
[2026-03-01T06:20:48.591+0000] {logging_mixin.py:188} INFO - Downloaded bronze/TSLA/1772078395.json -> D:\ADF_folder\real-time-stocks-mds\data\s3_downloads/TSLA_1772078395.json
[2026-03-01T06:20:48.960+0000] {logging_mixin.py:188} INFO - Downloaded bronze/TSLA/1772078429.json -> D:\ADF_folder\real-time-stocks-mds\data\s3_downloads/TSLA_1772078429.json
[2026-03-01T06:20:49.328+0000] {logging_mixin.py:188} INFO - Downloaded bronze/TSLA/1772078462.json -> D:\ADF_folder\real-time-stocks-mds\data\s3_downloads/TSLA_1772078462.json
[2026-03-01T06:20:49.700+0000] {logging_mixin.py:188} INFO - Downloaded bronze/TSLA/1772078496.json -> D:\ADF_folder\real-time-stocks-mds\data\s3_downloads/TSLA_1772078496.json
[2026-03-01T06:20:50.079+0000] {logging_mixin.py:188} INFO - Downloaded bronze/TSLA/1772078529.json -> D:\ADF_folder\real-time-stocks-mds\data\s3_downloads/TSLA_1772078529.json
[2026-03-01T06:20:50.455+0000] {logging_mixin.py:188} INFO - Downloaded bronze/TSLA/1772078562.json -> D:\ADF_folder\real-time-stocks-mds\data\s3_downloads/TSLA_1772078562.json
[2026-03-01T06:20:50.824+0000] {logging_mixin.py:188} INFO - Downloaded bronze/TSLA/1772078595.json -> D:\ADF_folder\real-time-stocks-mds\data\s3_downloads/TSLA_1772078595.json
[2026-03-01T06:20:51.210+0000] {logging_mixin.py:188} INFO - Downloaded bronze/TSLA/1772078628.json -> D:\ADF_folder\real-time-stocks-mds\data\s3_downloads/TSLA_1772078628.json
[2026-03-01T06:20:51.590+0000] {logging_mixin.py:188} INFO - Downloaded bronze/TSLA/1772078661.json -> D:\ADF_folder\real-time-stocks-mds\data\s3_downloads/TSLA_1772078661.json
[2026-03-01T06:20:51.970+0000] {logging_mixin.py:188} INFO - Downloaded bronze/TSLA/1772078694.json -> D:\ADF_folder\real-time-stocks-mds\data\s3_downloads/TSLA_1772078694.json
[2026-03-01T06:20:52.352+0000] {logging_mixin.py:188} INFO - Downloaded bronze/TSLA/1772078727.json -> D:\ADF_folder\real-time-stocks-mds\data\s3_downloads/TSLA_1772078727.json
[2026-03-01T06:20:52.722+0000] {logging_mixin.py:188} INFO - Downloaded bronze/TSLA/1772078760.json -> D:\ADF_folder\real-time-stocks-mds\data\s3_downloads/TSLA_1772078760.json
[2026-03-01T06:20:53.093+0000] {logging_mixin.py:188} INFO - Downloaded bronze/TSLA/1772078793.json -> D:\ADF_folder\real-time-stocks-mds\data\s3_downloads/TSLA_1772078793.json
[2026-03-01T06:20:53.470+0000] {logging_mixin.py:188} INFO - Downloaded bronze/TSLA/1772078826.json -> D:\ADF_folder\real-time-stocks-mds\data\s3_downloads/TSLA_1772078826.json
[2026-03-01T06:20:53.842+0000] {logging_mixin.py:188} INFO - Downloaded bronze/TSLA/1772078859.json -> D:\ADF_folder\real-time-stocks-mds\data\s3_downloads/TSLA_1772078859.json
[2026-03-01T06:20:54.214+0000] {logging_mixin.py:188} INFO - Downloaded bronze/TSLA/1772078891.json -> D:\ADF_folder\real-time-stocks-mds\data\s3_downloads/TSLA_1772078891.json
[2026-03-01T06:20:54.587+0000] {logging_mixin.py:188} INFO - Downloaded bronze/TSLA/1772078924.json -> D:\ADF_folder\real-time-stocks-mds\data\s3_downloads/TSLA_1772078924.json
[2026-03-01T06:20:54.951+0000] {logging_mixin.py:188} INFO - Downloaded bronze/TSLA/1772078957.json -> D:\ADF_folder\real-time-stocks-mds\data\s3_downloads/TSLA_1772078957.json
[2026-03-01T06:20:55.323+0000] {logging_mixin.py:188} INFO - Downloaded bronze/TSLA/1772078990.json -> D:\ADF_folder\real-time-stocks-mds\data\s3_downloads/TSLA_1772078990.json
[2026-03-01T06:20:55.717+0000] {logging_mixin.py:188} INFO - Downloaded bronze/TSLA/1772079024.json -> D:\ADF_folder\real-time-stocks-mds\data\s3_downloads/TSLA_1772079024.json
[2026-03-01T06:20:56.087+0000] {logging_mixin.py:188} INFO - Downloaded bronze/TSLA/1772079057.json -> D:\ADF_folder\real-time-stocks-mds\data\s3_downloads/TSLA_1772079057.json
[2026-03-01T06:20:56.456+0000] {logging_mixin.py:188} INFO - Downloaded bronze/TSLA/1772079090.json -> D:\ADF_folder\real-time-stocks-mds\data\s3_downloads/TSLA_1772079090.json
[2026-03-01T06:20:56.819+0000] {logging_mixin.py:188} INFO - Downloaded bronze/TSLA/1772079123.json -> D:\ADF_folder\real-time-stocks-mds\data\s3_downloads/TSLA_1772079123.json
[2026-03-01T06:20:57.195+0000] {logging_mixin.py:188} INFO - Downloaded bronze/TSLA/1772079156.json -> D:\ADF_folder\real-time-stocks-mds\data\s3_downloads/TSLA_1772079156.json
[2026-03-01T06:20:57.567+0000] {logging_mixin.py:188} INFO - Downloaded bronze/TSLA/1772079189.json -> D:\ADF_folder\real-time-stocks-mds\data\s3_downloads/TSLA_1772079189.json
[2026-03-01T06:20:58.396+0000] {logging_mixin.py:188} INFO - Downloaded bronze/TSLA/1772079223.json -> D:\ADF_folder\real-time-stocks-mds\data\s3_downloads/TSLA_1772079223.json
[2026-03-01T06:20:58.683+0000] {logging_mixin.py:188} INFO - Downloaded bronze/TSLA/1772079255.json -> D:\ADF_folder\real-time-stocks-mds\data\s3_downloads/TSLA_1772079255.json
[2026-03-01T06:20:58.242+0000] {logging_mixin.py:188} INFO - Downloaded bronze/TSLA/1772079288.json -> D:\ADF_folder\real-time-stocks-mds\data\s3_downloads/TSLA_1772079288.json
[2026-03-01T06:20:58.247+0000] {python.py:201} INFO - Done. Returned value was: ['D:\\ADF_folder\\real-time-stocks-mds\\data\\s3_downloads/AAPL_1771463612.json', 'D:\\ADF_folder\\real-time-stocks-mds\\data\\s3_downloads/AAPL_1771463645.json', 'D:\\ADF_folder\\real-time-stocks-mds\\data\\s3_downloads/AAPL_1771463678.json', 'D:\\ADF_folder\\real-time-stocks-mds\\data\\s3_downloads/AAPL_1771463711.json', 'D:\\ADF_folder\\real-time-stocks-mds\\data\\s3_downloads/AAPL_1771463744.json', 'D:\\ADF_folder\\real-time-stocks-mds\\data\\s3_downloads/AAPL_1771463777.json', 'D:\\ADF_folder\\real-time-stocks-mds\\data\\s3_downloads/AAPL_1771463810.json', 'D:\\ADF_folder\\real-time-stocks-mds\\data\\s3_downloads/AAPL_1771463843.json', 'D:\\ADF_folder\\real-time-stocks-mds\\data\\s3_downloads/AAPL_1771463876.json', 'D:\\ADF_folder\\real-time-stocks-mds\\data\\s3_downloads/AAPL_1771463909.json', 'D:\\ADF_folder\\real-time-stocks-mds\\data\\s3_downloads/AAPL_1771463942.json', 'D:\\ADF_folder\\real-time-stocks-mds\\data\\s3_downloads/AAPL_1771463975.json', 'D:\\ADF_folder\\real-time-stocks-mds\\data\\s3_downloads/AAPL_1771464008.json', 'D:\\ADF_folder\\real-time-stocks-mds\\data\\s3_downloads/AAPL_1771464042.json', 'D:\\ADF_folder\\real-time-stocks-mds\\data\\s3_downloads/AAPL_1771464075.json', 'D:\\ADF_folder\\real-time-stocks-mds\\data\\s3_downloads/AAPL_1771464108.json', 'D:\\ADF_folder\\real-time-stocks-mds\\data\\s3_downloads/AAPL_1771464141.json', 'D:\\ADF_folder\\real-time-stocks-mds\\data\\s3_downloads/AAPL_1771464174.json', 'D:\\ADF_folder\\real-time-stocks-mds\\data\\s3_downloads/AAPL_1771464207.json', 'D:\\ADF_folder\\real-time-stocks-mds\\data\\s3_downloads/AAPL_1771464240.json', 'D:\\ADF_folder\\real-time-stocks-mds\\data\\s3_downloads/AAPL_1771464273.json', 'D:\\ADF_folder\\real-time-stocks-mds\\data\\s3_downloads/AAPL_1771464306.json', 'D:\\ADF_folder\\real-time-stocks-mds\\data\\s3_downloads/AAPL_1771465239.json', 'D:\\ADF_folder\\real-time-stocks-mds\\data\\s3_downloads/AAPL_1771465272.json', 'D:\\ADF_folder\\real-time-stocks-mds\\data\\s3_downloads/AAPL_1771465305.json', 'D:\\ADF_folder\\real-time-stocks-mds\\data\\s3_downloads/AAPL_1771465338.json', 'D:\\ADF_folder\\real-time-stocks-mds\\data\\s3_downloads/AAPL_1771465371.json', 'D:\\ADF_folder\\real-time-stocks-mds\\data\\s3_downloads/AAPL_1771465404.json', 'D:\\ADF_folder\\real-time-stocks-mds\\data\\s3_downloads/AAPL_1771465437.json', 'D:\\ADF_folder\\real-time-stocks-mds\\data\\s3_downloads/AAPL_1771465470.json', 'D:\\ADF_folder\\real-time-stocks-mds\\data\\s3_downloads/AAPL_1771465503.json', 'D:\\ADF_folder\\real-time-stocks-mds\\data\\s3_downloads/AAPL_1771465536.json', 'D:\\ADF_folder\\real-time-stocks-mds\\data\\s3_downloads/AAPL_1771465569.json', 'D:\\ADF_folder\\real-time-stocks-mds\\data\\s3_downloads/AAPL_1772074550.json', 'D:\\ADF_folder\\real-time-stocks-mds\\data\\s3_downloads/AAPL_1772074583.json', 'D:\\ADF_folder\\real-time-stocks-mds\\data\\s3_downloads/AAPL_1772074616.json', 'D:\\ADF_folder\\real-time-stocks-mds\\data\\s3_downloads/AAPL_1772074649.json', 'D:\\ADF_folder\\real-time-stocks-mds\\data\\s3_downloads/AAPL_1772074683.json', 'D:\\ADF_folder\\real-time-stocks-mds\\data\\s3_downloads/AAPL_1772074715.json', 'D:\\ADF_folder\\real-time-stocks-mds\\data\\s3_downloads/AAPL_1772074748.json', 'D:\\ADF_folder\\real-time-stocks-mds\\data\\s3_downloads/AAPL_1772074781.json', 'D:\\ADF_folder\\real-time-stocks-mds\\data\\s3_downloads/AAPL_1772074815.json', 'D:\\ADF_folder\\real-time-stocks-mds\\data\\s3_downloads/AAPL_1772074848.json', 'D:\\ADF_folder\\real-time-stocks-mds\\data\\s3_downloads/AAPL_1772074881.json', 'D:\\ADF_folder\\real-time-stocks-mds\\data\\s3_downloads/AAPL_1772074914.json', 'D:\\ADF_folder\\real-time-stocks-mds\\data\\s3_downloads/AAPL_1772074947.json', 'D:\\ADF_folder\\real-time-stocks-mds\\data\\s3_downloads/AAPL_1772074980.json', 'D:\\ADF_folder\\real-time-stocks-mds\\data\\s3_downloads/AAPL_1772075013.json', 'D:\\ADF_folder\\real-time-stocks-mds\\data\\s3_downloads/AAPL_1772075046.json', 'D:\\ADF_folder\\real-time-stocks-mds\\data\\s3_downloads/AAPL_1772075079.json', 'D:\\ADF_folder\\real-time-stocks-mds\\data\\s3_downloads/AAPL_1772075112.json', 'D:\\ADF_folder\\real-time-stocks-mds\\data\\s3_downloads/AAPL_1772075145.json', 'D:\\ADF_folder\\real-time-stocks-mds\\data\\s3_downloads/AAPL_1772075178.json', 'D:\\ADF_folder\\real-time-stocks-mds\\data\\s3_downloads/AAPL_1772075211.json', 'D:\\ADF_folder\\real-time-stocks-mds\\data\\s3_downloads/AAPL_1772075244.json', 'D:\\ADF_folder\\real-time-stocks-mds\\data\\s3_downloads/AAPL_1772075277.json', 'D:\\ADF_folder\\real-time-stocks-mds\\data\\s3_downloads/AAPL_1772075310.json', 'D:\\ADF_folder\\real-time-stocks-mds\\data\\s3_downloads/AAPL_1772075343.json', 'D:\\ADF_folder\\real-time-stocks-mds\\data\\s3_downloads/AAPL_1772075376.json', 'D:\\ADF_folder\\real-time-stocks-mds\\data\\s3_downloads/AAPL_1772075409.json', 'D:\\ADF_folder\\real-time-stocks-mds\\data\\s3_downloads/AAPL_1772075441.json', 'D:\\ADF_folder\\real-time-stocks-mds\\data\\s3_downloads/AAPL_1772075474.json', 'D:\\ADF_folder\\real-time-stocks-mds\\data\\s3_downloads/AAPL_1772075507.json', 'D:\\ADF_folder\\real-time-stocks-mds\\data\\s3_downloads/AAPL_1772075540.json', 'D:\\ADF_folder\\real-time-stocks-mds\\data\\s3_downloads/AAPL_1772075573.json', 'D:\\ADF_folder\\real-time-stocks-mds\\data\\s3_downloads/AAPL_1772075607.json', 'D:\\ADF_folder\\real-time-stocks-mds\\data\\s3_downloads/AAPL_1772075640.json', 'D:\\ADF_folder\\real-time-stocks-mds\\data\\s3_downloads/AAPL_1772075673.json', 'D:\\ADF_folder\\real-time-stocks-mds\\data\\s3_downloads/AAPL_1772075706.json', 'D:\\ADF_folder\\real-time-stocks-mds\\data\\s3_downloads/AAPL_1772075739.json', 'D:\\ADF_folder\\real-time-stocks-mds\\data\\s3_downloads/AAPL_1772075772.json', 'D:\\ADF_folder\\real-time-stocks-mds\\data\\s3_downloads/AAPL_1772075805.json', 'D:\\ADF_folder\\real-time-stocks-mds\\data\\s3_downloads/AAPL_1772075838.json', 'D:\\ADF_folder\\real-time-stocks-mds\\data\\s3_downloads/AAPL_1772075870.json', 'D:\\ADF_folder\\real-time-stocks-mds\\data\\s3_downloads/AAPL_1772075903.json', 'D:\\ADF_folder\\real-time-stocks-mds\\data\\s3_downloads/AAPL_1772075936.json', 'D:\\ADF_folder\\real-time-stocks-mds\\data\\s3_downloads/AAPL_1772075969.json', 'D:\\ADF_folder\\real-time-stocks-mds\\data\\s3_downloads/AAPL_1772076002.json', 'D:\\ADF_folder\\real-time-stocks-mds\\data\\s3_downloads/AAPL_1772076035.json', 'D:\\ADF_folder\\real-time-stocks-mds\\data\\s3_downloads/AAPL_1772076068.json', 'D:\\ADF_folder\\real-time-stocks-mds\\data\\s3_downloads/AAPL_1772076101.json', 'D:\\ADF_folder\\real-time-stocks-mds\\data\\s3_downloads/AAPL_1772076134.json', 'D:\\ADF_folder\\real-time-stocks-mds\\data\\s3_downloads/AAPL_1772076167.json', 'D:\\ADF_folder\\real-time-stocks-mds\\data\\s3_downloads/AAPL_1772076200.json', 'D:\\ADF_folder\\real-time-stocks-mds\\data\\s3_downloads/AAPL_1772076233.json', 'D:\\ADF_folder\\real-time-stocks-mds\\data\\s3_downloads/AAPL_1772076266.json', 'D:\\ADF_folder\\real-time-stocks-mds\\data\\s3_downloads/AAPL_1772076298.json', 'D:\\ADF_folder\\real-time-stocks-mds\\data\\s3_downloads/AAPL_1772076331.json', 'D:\\ADF_folder\\real-time-stocks-mds\\data\\s3_downloads/AAPL_1772076364.json', 'D:\\ADF_folder\\real-time-stocks-mds\\data\\s3_downloads/AAPL_1772076397.json', 'D:\\ADF_folder\\real-time-stocks-mds\\data\\s3_downloads/AAPL_1772076431.json', 'D:\\ADF_folder\\real-time-stocks-mds\\data\\s3_downloads/AAPL_1772076464.json', 'D:\\ADF_folder\\real-time-stocks-mds\\data\\s3_downloads/AAPL_1772076497.json', 'D:\\ADF_folder\\real-time-stocks-mds\\data\\s3_downloads/AAPL_1772076530.json', 'D:\\ADF_folder\\real-time-stocks-mds\\data\\s3_downloads/AAPL_1772076563.json', 'D:\\ADF_folder\\real-time-stocks-mds\\data\\s3_downloads/AAPL_1772076595.json', 'D:\\ADF_folder\\real-time-stocks-mds\\data\\s3_downloads/AAPL_1772076628.json', 'D:\\ADF_folder\\real-time-stocks-mds\\data\\s3_downloads/AAPL_1772076661.json', 'D:\\ADF_folder\\real-time-stocks-mds\\data\\s3_downloads/AAPL_1772076694.json', 'D:\\ADF_folder\\real-time-stocks-mds\\data\\s3_downloads/AAPL_1772076727.json', 'D:\\ADF_folder\\real-time-stocks-mds\\data\\s3_downloads/AAPL_1772076760.json', 'D:\\ADF_folder\\real-time-stocks-mds\\data\\s3_downloads/AAPL_1772076793.json', 'D:\\ADF_folder\\real-time-stocks-mds\\data\\s3_downloads/AAPL_1772076826.json', 'D:\\ADF_folder\\real-time-stocks-mds\\data\\s3_downloads/AAPL_1772076859.json', 'D:\\ADF_folder\\real-time-stocks-mds\\data\\s3_downloads/AAPL_1772076892.json', 'D:\\ADF_folder\\real-time-stocks-mds\\data\\s3_downloads/AAPL_1772076925.json', 'D:\\ADF_folder\\real-time-stocks-mds\\data\\s3_downloads/AAPL_1772076958.json', 'D:\\ADF_folder\\real-time-stocks-mds\\data\\s3_downloads/AAPL_1772076991.json', 'D:\\ADF_folder\\real-time-stocks-mds\\data\\s3_downloads/AAPL_1772077025.json', 'D:\\ADF_folder\\real-time-stocks-mds\\data\\s3_downloads/AAPL_1772077058.json', 'D:\\ADF_folder\\real-time-stocks-mds\\data\\s3_downloads/AAPL_1772077091.json', 'D:\\ADF_folder\\real-time-stocks-mds\\data\\s3_downloads/AAPL_1772077123.json', 'D:\\ADF_folder\\real-time-stocks-mds\\data\\s3_downloads/AAPL_1772077157.json', 'D:\\ADF_folder\\real-time-stocks-mds\\data\\s3_downloads/AAPL_1772077190.json', 'D:\\ADF_folder\\real-time-stocks-mds\\data\\s3_downloads/AAPL_1772077223.json', 'D:\\ADF_folder\\real-time-stocks-mds\\data\\s3_downloads/AAPL_1772077256.json', 'D:\\ADF_folder\\real-time-stocks-mds\\data\\s3_downloads/AAPL_1772077289.json', 'D:\\ADF_folder\\real-time-stocks-mds\\data\\s3_downloads/AAPL_1772077322.json', 'D:\\ADF_folder\\real-time-stocks-mds\\data\\s3_downloads/AAPL_1772077356.json', 'D:\\ADF_folder\\real-time-stocks-mds\\data\\s3_downloads/AAPL_1772077388.json', 'D:\\ADF_folder\\real-time-stocks-mds\\data\\s3_downloads/AAPL_1772077421.json', 'D:\\ADF_folder\\real-time-stocks-mds\\data\\s3_downloads/AAPL_1772077454.json', 'D:\\ADF_folder\\real-time-stocks-mds\\data\\s3_downloads/AAPL_1772077487.json', 'D:\\ADF_folder\\real-time-stocks-mds\\data\\s3_downloads/AAPL_1772077520.json', 'D:\\ADF_folder\\real-time-stocks-mds\\data\\s3_downloads/AAPL_1772077553.json', 'D:\\ADF_folder\\real-time-stocks-mds\\data\\s3_downloads/AAPL_1772077586.json', 'D:\\ADF_folder\\real-time-stocks-mds\\data\\s3_downloads/AAPL_1772077619.json', 'D:\\ADF_folder\\real-time-stocks-mds\\data\\s3_downloads/AAPL_1772077652.json', 'D:\\ADF_folder\\real-time-stocks-mds\\data\\s3_downloads/AAPL_1772077685.json', 'D:\\ADF_folder\\real-time-stocks-mds\\data\\s3_downloads/AAPL_1772077718.json', 'D:\\ADF_folder\\real-time-stocks-mds\\data\\s3_downloads/AAPL_1772077750.json', 'D:\\ADF_folder\\real-time-stocks-mds\\data\\s3_downloads/AAPL_1772077783.json', 'D:\\ADF_folder\\real-time-stocks-mds\\data\\s3_downloads/AAPL_1772077816.json', 'D:\\ADF_folder\\real-time-stocks-mds\\data\\s3_downloads/AAPL_1772077849.json', 'D:\\ADF_folder\\real-time-stocks-mds\\data\\s3_downloads/AAPL_1772077882.json', 'D:\\ADF_folder\\real-time-stocks-mds\\data\\s3_downloads/AAPL_1772077915.json', 'D:\\ADF_folder\\real-time-stocks-mds\\data\\s3_downloads/AAPL_1772077947.json', 'D:\\ADF_folder\\real-time-stocks-mds\\data\\s3_downloads/AAPL_1772077980.json', 'D:\\ADF_folder\\real-time-stocks-mds\\data\\s3_downloads/AAPL_1772078013.json', 'D:\\ADF_folder\\real-time-stocks-mds\\data\\s3_downloads/AAPL_1772078046.json', 'D:\\ADF_folder\\real-time-stocks-mds\\data\\s3_downloads/AAPL_1772078079.json', 'D:\\ADF_folder\\real-time-stocks-mds\\data\\s3_downloads/AAPL_1772078112.json', 'D:\\ADF_folder\\real-time-stocks-mds\\data\\s3_downloads/AAPL_1772078145.json', 'D:\\ADF_folder\\real-time-stocks-mds\\data\\s3_downloads/AAPL_1772078178.json', 'D:\\ADF_folder\\real-time-stocks-mds\\data\\s3_downloads/AAPL_1772078211.json', 'D:\\ADF_folder\\real-time-stocks-mds\\data\\s3_downloads/AAPL_1772078244.json', 'D:\\ADF_folder\\real-time-stocks-mds\\data\\s3_downloads/AAPL_1772078277.json', 'D:\\ADF_folder\\real-time-stocks-mds\\data\\s3_downloads/AAPL_1772078310.json', 'D:\\ADF_folder\\real-time-stocks-mds\\data\\s3_downloads/AAPL_1772078342.json', 'D:\\ADF_folder\\real-time-stocks-mds\\data\\s3_downloads/AAPL_1772078375.json', 'D:\\ADF_folder\\real-time-stocks-mds\\data\\s3_downloads/AAPL_1772078409.json', 'D:\\ADF_folder\\real-time-stocks-mds\\data\\s3_downloads/AAPL_1772078442.json', 'D:\\ADF_folder\\real-time-stocks-mds\\data\\s3_downloads/AAPL_1772078475.json', 'D:\\ADF_folder\\real-time-stocks-mds\\data\\s3_downloads/AAPL_1772078509.json', 'D:\\ADF_folder\\real-time-stocks-mds\\data\\s3_downloads/AAPL_1772078542.json', 'D:\\ADF_folder\\real-time-stocks-mds\\data\\s3_downloads/AAPL_1772078575.json', 'D:\\ADF_folder\\real-time-stocks-mds\\data\\s3_downloads/AAPL_1772078608.json', 'D:\\ADF_folder\\real-time-stocks-mds\\data\\s3_downloads/AAPL_1772078641.json', 'D:\\ADF_folder\\real-time-stocks-mds\\data\\s3_downloads/AAPL_1772078674.json', 'D:\\ADF_folder\\real-time-stocks-mds\\data\\s3_downloads/AAPL_1772078707.json', 'D:\\ADF_folder\\real-time-stocks-mds\\data\\s3_downloads/AAPL_1772078740.json', 'D:\\ADF_folder\\real-time-stocks-mds\\data\\s3_downloads/AAPL_1772078773.json', 'D:\\ADF_folder\\real-time-stocks-mds\\data\\s3_downloads/AAPL_1772078806.json', 'D:\\ADF_folder\\real-time-stocks-mds\\data\\s3_downloads/AAPL_1772078839.json', 'D:\\ADF_folder\\real-time-stocks-mds\\data\\s3_downloads/AAPL_1772078872.json', 'D:\\ADF_folder\\real-time-stocks-mds\\data\\s3_downloads/AAPL_1772078904.json', 'D:\\ADF_folder\\real-time-stocks-mds\\data\\s3_downloads/AAPL_1772078937.json', 'D:\\ADF_folder\\real-time-stocks-mds\\data\\s3_downloads/AAPL_1772078970.json', 'D:\\ADF_folder\\real-time-stocks-mds\\data\\s3_downloads/AAPL_1772079004.json', 'D:\\ADF_folder\\real-time-stocks-mds\\data\\s3_downloads/AAPL_1772079037.json', 'D:\\ADF_folder\\real-time-stocks-mds\\data\\s3_downloads/AAPL_1772079071.json', 'D:\\ADF_folder\\real-time-stocks-mds\\data\\s3_downloads/AAPL_1772079104.json', 'D:\\ADF_folder\\real-time-stocks-mds\\data\\s3_downloads/AAPL_1772079137.json', 'D:\\ADF_folder\\real-time-stocks-mds\\data\\s3_downloads/AAPL_1772079170.json', 'D:\\ADF_folder\\real-time-stocks-mds\\data\\s3_downloads/AAPL_1772079203.json', 'D:\\ADF_folder\\real-time-stocks-mds\\data\\s3_downloads/AAPL_1772079236.json', 'D:\\ADF_folder\\real-time-stocks-mds\\data\\s3_downloads/AAPL_1772079269.json', 'D:\\ADF_folder\\real-time-stocks-mds\\data\\s3_downloads/GOOGL_1771463605.json', 'D:\\ADF_folder\\real-time-stocks-mds\\data\\s3_downloads/GOOGL_1771463638.json', 'D:\\ADF_folder\\real-time-stocks-mds\\data\\s3_downloads/GOOGL_1771463671.json', 'D:\\ADF_folder\\real-time-stocks-mds\\data\\s3_downloads/GOOGL_1771463704.json', 'D:\\ADF_folder\\real-time-stocks-mds\\data\\s3_downloads/GOOGL_1771463737.json', 'D:\\ADF_folder\\real-time-stocks-mds\\data\\s3_downloads/GOOGL_1771463770.json', 'D:\\ADF_folder\\real-time-stocks-mds\\data\\s3_downloads/GOOGL_1771463803.json', 'D:\\ADF_folder\\real-time-stocks-mds\\data\\s3_downloads/GOOGL_1771463836.json', 'D:\\ADF_folder\\real-time-stocks-mds\\data\\s3_downloads/GOOGL_1771463869.json', 'D:\\ADF_folder\\real-time-stocks-mds\\data\\s3_downloads/GOOGL_1771463902.json', 'D:\\ADF_folder\\real-time-stocks-mds\\data\\s3_downloads/GOOGL_1771463936.json', 'D:\\ADF_folder\\real-time-stocks-mds\\data\\s3_downloads/GOOGL_1771463968.json', 'D:\\ADF_folder\\real-time-stocks-mds\\data\\s3_downloads/GOOGL_1771464002.json', 'D:\\ADF_folder\\real-time-stocks-mds\\data\\s3_downloads/GOOGL_1771464035.json', 'D:\\ADF_folder\\real-time-stocks-mds\\data\\s3_downloads/GOOGL_1771464068.json', 'D:\\ADF_folder\\real-time-stocks-mds\\data\\s3_downloads/GOOGL_1771464101.json', 'D:\\ADF_folder\\real-time-stocks-mds\\data\\s3_downloads/GOOGL_1771464134.json', 'D:\\ADF_folder\\real-time-stocks-mds\\data\\s3_downloads/GOOGL_1771464167.json', 'D:\\ADF_folder\\real-time-stocks-mds\\data\\s3_downloads/GOOGL_1771464200.json', 'D:\\ADF_folder\\real-time-stocks-mds\\data\\s3_downloads/GOOGL_1771464233.json', 'D:\\ADF_folder\\real-time-stocks-mds\\data\\s3_downloads/GOOGL_1771464266.json', 'D:\\ADF_folder\\real-time-stocks-mds\\data\\s3_downloads/GOOGL_1771464299.json', 'D:\\ADF_folder\\real-time-stocks-mds\\data\\s3_downloads/GOOGL_1771465232.json', 'D:\\ADF_folder\\real-time-stocks-mds\\data\\s3_downloads/GOOGL_1771465265.json', 'D:\\ADF_folder\\real-time-stocks-mds\\data\\s3_downloads/GOOGL_1771465298.json', 'D:\\ADF_folder\\real-time-stocks-mds\\data\\s3_downloads/GOOGL_1771465331.json', 'D:\\ADF_folder\\real-time-stocks-mds\\data\\s3_downloads/GOOGL_1771465364.json', 'D:\\ADF_folder\\real-time-stocks-mds\\data\\s3_downloads/GOOGL_1771465397.json', 'D:\\ADF_folder\\real-time-stocks-mds\\data\\s3_downloads/GOOGL_1771465430.json', 'D:\\ADF_folder\\real-time-stocks-mds\\data\\s3_downloads/GOOGL_1771465463.json', 'D:\\ADF_folder\\real-time-stocks-mds\\data\\s3_downloads/GOOGL_1771465496.json', 'D:\\ADF_folder\\real-time-stocks-mds\\data\\s3_downloads/GOOGL_1771465529.json', 'D:\\ADF_folder\\real-time-stocks-mds\\data\\s3_downloads/GOOGL_1771465562.json', 'D:\\ADF_folder\\real-time-stocks-mds\\data\\s3_downloads/GOOGL_1772074576.json', 'D:\\ADF_folder\\real-time-stocks-mds\\data\\s3_downloads/GOOGL_1772074609.json', 'D:\\ADF_folder\\real-time-stocks-mds\\data\\s3_downloads/GOOGL_1772074642.json', 'D:\\ADF_folder\\real-time-stocks-mds\\data\\s3_downloads/GOOGL_1772074676.json', 'D:\\ADF_folder\\real-time-stocks-mds\\data\\s3_downloads/GOOGL_1772074709.json', 'D:\\ADF_folder\\real-time-stocks-mds\\data\\s3_downloads/GOOGL_1772074742.json', 'D:\\ADF_folder\\real-time-stocks-mds\\data\\s3_downloads/GOOGL_1772074775.json', 'D:\\ADF_folder\\real-time-stocks-mds\\data\\s3_downloads/GOOGL_1772074808.json', 'D:\\ADF_folder\\real-time-stocks-mds\\data\\s3_downloads/GOOGL_1772074841.json', 'D:\\ADF_folder\\real-time-stocks-mds\\data\\s3_downloads/GOOGL_1772074874.json', 'D:\\ADF_folder\\real-time-stocks-mds\\data\\s3_downloads/GOOGL_1772074907.json', 'D:\\ADF_folder\\real-time-stocks-mds\\data\\s3_downloads/GOOGL_1772074940.json', 'D:\\ADF_folder\\real-time-stocks-mds\\data\\s3_downloads/GOOGL_1772074973.json', 'D:\\ADF_folder\\real-time-stocks-mds\\data\\s3_downloads/GOOGL_1772075006.json', 'D:\\ADF_folder\\real-time-stocks-mds\\data\\s3_downloads/GOOGL_1772075039.json', 'D:\\ADF_folder\\real-time-stocks-mds\\data\\s3_downloads/GOOGL_1772075072.json', 'D:\\ADF_folder\\real-time-stocks-mds\\data\\s3_downloads/GOOGL_1772075105.json', 'D:\\ADF_folder\\real-time-stocks-mds\\data\\s3_downloads/GOOGL_1772075138.json', 'D:\\ADF_folder\\real-time-stocks-mds\\data\\s3_downloads/GOOGL_1772075171.json', 'D:\\ADF_folder\\real-time-stocks-mds\\data\\s3_downloads/GOOGL_1772075204.json', 'D:\\ADF_folder\\real-time-stocks-mds\\data\\s3_downloads/GOOGL_1772075237.json', 'D:\\ADF_folder\\real-time-stocks-mds\\data\\s3_downloads/GOOGL_1772075270.json', 'D:\\ADF_folder\\real-time-stocks-mds\\data\\s3_downloads/GOOGL_1772075303.json', 'D:\\ADF_folder\\real-time-stocks-mds\\data\\s3_downloads/GOOGL_1772075336.json', 'D:\\ADF_folder\\real-time-stocks-mds\\data\\s3_downloads/GOOGL_1772075369.json', 'D:\\ADF_folder\\real-time-stocks-mds\\data\\s3_downloads/GOOGL_1772075402.json', 'D:\\ADF_folder\\real-time-stocks-mds\\data\\s3_downloads/GOOGL_1772075435.json', 'D:\\ADF_folder\\real-time-stocks-mds\\data\\s3_downloads/GOOGL_1772075468.json', 'D:\\ADF_folder\\real-time-stocks-mds\\data\\s3_downloads/GOOGL_1772075500.json', 'D:\\ADF_folder\\real-time-stocks-mds\\data\\s3_downloads/GOOGL_1772075533.json', 'D:\\ADF_folder\\real-time-stocks-mds\\data\\s3_downloads/GOOGL_1772075566.json', 'D:\\ADF_folder\\real-time-stocks-mds\\data\\s3_downloads/GOOGL_1772075600.json', 'D:\\ADF_folder\\real-time-stocks-mds\\data\\s3_downloads/GOOGL_1772075634.json', 'D:\\ADF_folder\\real-time-stocks-mds\\data\\s3_downloads/GOOGL_1772075666.json', 'D:\\ADF_folder\\real-time-stocks-mds\\data\\s3_downloads/GOOGL_1772075699.json', 'D:\\ADF_folder\\real-time-stocks-mds\\data\\s3_downloads/GOOGL_1772075732.json', 'D:\\ADF_folder\\real-time-stocks-mds\\data\\s3_downloads/GOOGL_1772075765.json', 'D:\\ADF_folder\\real-time-stocks-mds\\data\\s3_downloads/GOOGL_1772075798.json', 'D:\\ADF_folder\\real-time-stocks-mds\\data\\s3_downloads/GOOGL_1772075831.json', 'D:\\ADF_folder\\real-time-stocks-mds\\data\\s3_downloads/GOOGL_1772075864.json', 'D:\\ADF_folder\\real-time-stocks-mds\\data\\s3_downloads/GOOGL_1772075896.json', 'D:\\ADF_folder\\real-time-stocks-mds\\data\\s3_downloads/GOOGL_1772075930.json', 'D:\\ADF_folder\\real-time-stocks-mds\\data\\s3_downloads/GOOGL_1772075962.json', 'D:\\ADF_folder\\real-time-stocks-mds\\data\\s3_downloads/GOOGL_1772075995.json', 'D:\\ADF_folder\\real-time-stocks-mds\\data\\s3_downloads/GOOGL_1772076028.json', 'D:\\ADF_folder\\real-time-stocks-mds\\data\\s3_downloads/GOOGL_1772076062.json', 'D:\\ADF_folder\\real-time-stocks-mds\\data\\s3_downloads/GOOGL_1772076094.json', 'D:\\ADF_folder\\real-time-stocks-mds\\data\\s3_downloads/GOOGL_1772076127.json', 'D:\\ADF_folder\\real-time-stocks-mds\\data\\s3_downloads/GOOGL_1772076160.json', 'D:\\ADF_folder\\real-time-stocks-mds\\data\\s3_downloads/GOOGL_1772076193.json', 'D:\\ADF_folder\\real-time-stocks-mds\\data\\s3_downloads/GOOGL_1772076226.json', 'D:\\ADF_folder\\real-time-stocks-mds\\data\\s3_downloads/GOOGL_1772076259.json', 'D:\\ADF_folder\\real-time-stocks-mds\\data\\s3_downloads/GOOGL_1772076292.json', 'D:\\ADF_folder\\real-time-stocks-mds\\data\\s3_downloads/GOOGL_1772076325.json', 'D:\\ADF_folder\\real-time-stocks-mds\\data\\s3_downloads/GOOGL_1772076357.json', 'D:\\ADF_folder\\real-time-stocks-mds\\data\\s3_downloads/GOOGL_1772076390.json', 'D:\\ADF_folder\\real-time-stocks-mds\\data\\s3_downloads/GOOGL_1772076423.json', 'D:\\ADF_folder\\real-time-stocks-mds\\data\\s3_downloads/GOOGL_1772076457.json', 'D:\\ADF_folder\\real-time-stocks-mds\\data\\s3_downloads/GOOGL_1772076490.json', 'D:\\ADF_folder\\real-time-stocks-mds\\data\\s3_downloads/GOOGL_1772076523.json', 'D:\\ADF_folder\\real-time-stocks-mds\\data\\s3_downloads/GOOGL_1772076556.json', 'D:\\ADF_folder\\real-time-stocks-mds\\data\\s3_downloads/GOOGL_1772076589.json', 'D:\\ADF_folder\\real-time-stocks-mds\\data\\s3_downloads/GOOGL_1772076622.json', 'D:\\ADF_folder\\real-time-stocks-mds\\data\\s3_downloads/GOOGL_1772076655.json', 'D:\\ADF_folder\\real-time-stocks-mds\\data\\s3_downloads/GOOGL_1772076687.json', 'D:\\ADF_folder\\real-time-stocks-mds\\data\\s3_downloads/GOOGL_1772076720.json', 'D:\\ADF_folder\\real-time-stocks-mds\\data\\s3_downloads/GOOGL_1772076754.json', 'D:\\ADF_folder\\real-time-stocks-mds\\data\\s3_downloads/GOOGL_1772076787.json', 'D:\\ADF_folder\\real-time-stocks-mds\\data\\s3_downloads/GOOGL_1772076820.json', 'D:\\ADF_folder\\real-time-stocks-mds\\data\\s3_downloads/GOOGL_1772076853.json', 'D:\\ADF_folder\\real-time-stocks-mds\\data\\s3_downloads/GOOGL_1772076886.json', 'D:\\ADF_folder\\real-time-stocks-mds\\data\\s3_downloads/GOOGL_1772076919.json', 'D:\\ADF_folder\\real-time-stocks-mds\\data\\s3_downloads/GOOGL_1772076952.json', 'D:\\ADF_folder\\real-time-stocks-mds\\data\\s3_downloads/GOOGL_1772076985.json', 'D:\\ADF_folder\\real-time-stocks-mds\\data\\s3_downloads/GOOGL_1772077018.json', 'D:\\ADF_folder\\real-time-stocks-mds\\data\\s3_downloads/GOOGL_1772077051.json', 'D:\\ADF_folder\\real-time-stocks-mds\\data\\s3_downloads/GOOGL_1772077084.json', 'D:\\ADF_folder\\real-time-stocks-mds\\data\\s3_downloads/GOOGL_1772077117.json', 'D:\\ADF_folder\\real-time-stocks-mds\\data\\s3_downloads/GOOGL_1772077150.json', 'D:\\ADF_folder\\real-time-stocks-mds\\data\\s3_downloads/GOOGL_1772077183.json', 'D:\\ADF_folder\\real-time-stocks-mds\\data\\s3_downloads/GOOGL_1772077216.json', 'D:\\ADF_folder\\real-time-stocks-mds\\data\\s3_downloads/GOOGL_1772077249.json', 'D:\\ADF_folder\\real-time-stocks-mds\\data\\s3_downloads/GOOGL_1772077282.json', 'D:\\ADF_folder\\real-time-stocks-mds\\data\\s3_downloads/GOOGL_1772077315.json', 'D:\\ADF_folder\\real-time-stocks-mds\\data\\s3_downloads/GOOGL_1772077349.json', 'D:\\ADF_folder\\real-time-stocks-mds\\data\\s3_downloads/GOOGL_1772077382.json', 'D:\\ADF_folder\\real-time-stocks-mds\\data\\s3_downloads/GOOGL_1772077415.json', 'D:\\ADF_folder\\real-time-stocks-mds\\data\\s3_downloads/GOOGL_1772077448.json', 'D:\\ADF_folder\\real-time-stocks-mds\\data\\s3_downloads/GOOGL_1772077481.json', 'D:\\ADF_folder\\real-time-stocks-mds\\data\\s3_downloads/GOOGL_1772077513.json', 'D:\\ADF_folder\\real-time-stocks-mds\\data\\s3_downloads/GOOGL_1772077546.json', 'D:\\ADF_folder\\real-time-stocks-mds\\data\\s3_downloads/GOOGL_1772077579.json', 'D:\\ADF_folder\\real-time-stocks-mds\\data\\s3_downloads/GOOGL_1772077612.json', 'D:\\ADF_folder\\real-time-stocks-mds\\data\\s3_downloads/GOOGL_1772077645.json', 'D:\\ADF_folder\\real-time-stocks-mds\\data\\s3_downloads/GOOGL_1772077678.json', 'D:\\ADF_folder\\real-time-stocks-mds\\data\\s3_downloads/GOOGL_1772077711.json', 'D:\\ADF_folder\\real-time-stocks-mds\\data\\s3_downloads/GOOGL_1772077744.json', 'D:\\ADF_folder\\real-time-stocks-mds\\data\\s3_downloads/GOOGL_1772077777.json', 'D:\\ADF_folder\\real-time-stocks-mds\\data\\s3_downloads/GOOGL_1772077810.json', 'D:\\ADF_folder\\real-time-stocks-mds\\data\\s3_downloads/GOOGL_1772077842.json', 'D:\\ADF_folder\\real-time-stocks-mds\\data\\s3_downloads/GOOGL_1772077875.json', 'D:\\ADF_folder\\real-time-stocks-mds\\data\\s3_downloads/GOOGL_1772077908.json', 'D:\\ADF_folder\\real-time-stocks-mds\\data\\s3_downloads/GOOGL_1772077941.json', 'D:\\ADF_folder\\real-time-stocks-mds\\data\\s3_downloads/GOOGL_1772077974.json', 'D:\\ADF_folder\\real-time-stocks-mds\\data\\s3_downloads/GOOGL_1772078006.json', 'D:\\ADF_folder\\real-time-stocks-mds\\data\\s3_downloads/GOOGL_1772078039.json', 'D:\\ADF_folder\\real-time-stocks-mds\\data\\s3_downloads/GOOGL_1772078072.json', 'D:\\ADF_folder\\real-time-stocks-mds\\data\\s3_downloads/GOOGL_1772078105.json', 'D:\\ADF_folder\\real-time-stocks-mds\\data\\s3_downloads/GOOGL_1772078138.json', 'D:\\ADF_folder\\real-time-stocks-mds\\data\\s3_downloads/GOOGL_1772078171.json', 'D:\\ADF_folder\\real-time-stocks-mds\\data\\s3_downloads/GOOGL_1772078204.json', 'D:\\ADF_folder\\real-time-stocks-mds\\data\\s3_downloads/GOOGL_1772078237.json', 'D:\\ADF_folder\\real-time-stocks-mds\\data\\s3_downloads/GOOGL_1772078270.json', 'D:\\ADF_folder\\real-time-stocks-mds\\data\\s3_downloads/GOOGL_1772078303.json', 'D:\\ADF_folder\\real-time-stocks-mds\\data\\s3_downloads/GOOGL_1772078336.json', 'D:\\ADF_folder\\real-time-stocks-mds\\data\\s3_downloads/GOOGL_1772078369.json', 'D:\\ADF_folder\\real-time-stocks-mds\\data\\s3_downloads/GOOGL_1772078402.json', 'D:\\ADF_folder\\real-time-stocks-mds\\data\\s3_downloads/GOOGL_1772078435.json', 'D:\\ADF_folder\\real-time-stocks-mds\\data\\s3_downloads/GOOGL_1772078468.json', 'D:\\ADF_folder\\real-time-stocks-mds\\data\\s3_downloads/GOOGL_1772078502.json', 'D:\\ADF_folder\\real-time-stocks-mds\\data\\s3_downloads/GOOGL_1772078535.json', 'D:\\ADF_folder\\real-time-stocks-mds\\data\\s3_downloads/GOOGL_1772078568.json', 'D:\\ADF_folder\\real-time-stocks-mds\\data\\s3_downloads/GOOGL_1772078601.json', 'D:\\ADF_folder\\real-time-stocks-mds\\data\\s3_downloads/GOOGL_1772078635.json', 'D:\\ADF_folder\\real-time-stocks-mds\\data\\s3_downloads/GOOGL_1772078667.json', 'D:\\ADF_folder\\real-time-stocks-mds\\data\\s3_downloads/GOOGL_1772078700.json', 'D:\\ADF_folder\\real-time-stocks-mds\\data\\s3_downloads/GOOGL_1772078733.json', 'D:\\ADF_folder\\real-time-stocks-mds\\data\\s3_downloads/GOOGL_1772078766.json', 'D:\\ADF_folder\\real-time-stocks-mds\\data\\s3_downloads/GOOGL_1772078799.json', 'D:\\ADF_folder\\real-time-stocks-mds\\data\\s3_downloads/GOOGL_1772078832.json', 'D:\\ADF_folder\\real-time-stocks-mds\\data\\s3_downloads/GOOGL_1772078865.json', 'D:\\ADF_folder\\real-time-stocks-mds\\data\\s3_downloads/GOOGL_1772078898.json', 'D:\\ADF_folder\\real-time-stocks-mds\\data\\s3_downloads/GOOGL_1772078931.json', 'D:\\ADF_folder\\real-time-stocks-mds\\data\\s3_downloads/GOOGL_1772078964.json', 'D:\\ADF_folder\\real-time-stocks-mds\\data\\s3_downloads/GOOGL_1772078997.json', 'D:\\ADF_folder\\real-time-stocks-mds\\data\\s3_downloads/GOOGL_1772079030.json', 'D:\\ADF_folder\\real-time-stocks-mds\\data\\s3_downloads/GOOGL_1772079064.json', 'D:\\ADF_folder\\real-time-stocks-mds\\data\\s3_downloads/GOOGL_1772079097.json', 'D:\\ADF_folder\\real-time-stocks-mds\\data\\s3_downloads/GOOGL_1772079130.json', 'D:\\ADF_folder\\real-time-stocks-mds\\data\\s3_downloads/GOOGL_1772079163.json', 'D:\\ADF_folder\\real-time-stocks-mds\\data\\s3_downloads/GOOGL_1772079196.json', 'D:\\ADF_folder\\real-time-stocks-mds\\data\\s3_downloads/GOOGL_1772079229.json', 'D:\\ADF_folder\\real-time-stocks-mds\\data\\s3_downloads/GOOGL_1772079262.json', 'D:\\ADF_folder\\real-time-stocks-mds\\data\\s3_downloads/GOOGL_1772079295.json', 'D:\\ADF_folder\\real-time-stocks-mds\\data\\s3_downloads/AMZN_1771463619.json', 'D:\\ADF_folder\\real-time-stocks-mds\\data\\s3_downloads/AMZN_1771463651.json', 'D:\\ADF_folder\\real-time-stocks-mds\\data\\s3_downloads/AMZN_1771463684.json', 'D:\\ADF_folder\\real-time-stocks-mds\\data\\s3_downloads/AMZN_1771463718.json', 'D:\\ADF_folder\\real-time-stocks-mds\\data\\s3_downloads/AMZN_1771463750.json', 'D:\\ADF_folder\\real-time-stocks-mds\\data\\s3_downloads/AMZN_1771463783.json', 'D:\\ADF_folder\\real-time-stocks-mds\\data\\s3_downloads/AMZN_1771463816.json', 'D:\\ADF_folder\\real-time-stocks-mds\\data\\s3_downloads/AMZN_1771463849.json', 'D:\\ADF_folder\\real-time-stocks-mds\\data\\s3_downloads/AMZN_1771463882.json', 'D:\\ADF_folder\\real-time-stocks-mds\\data\\s3_downloads/AMZN_1771463916.json', 'D:\\ADF_folder\\real-time-stocks-mds\\data\\s3_downloads/AMZN_1771463949.json', 'D:\\ADF_folder\\real-time-stocks-mds\\data\\s3_downloads/AMZN_1771463982.json', 'D:\\ADF_folder\\real-time-stocks-mds\\data\\s3_downloads/AMZN_1771464015.json', 'D:\\ADF_folder\\real-time-stocks-mds\\data\\s3_downloads/AMZN_1771464048.json', 'D:\\ADF_folder\\real-time-stocks-mds\\data\\s3_downloads/AMZN_1771464082.json', 'D:\\ADF_folder\\real-time-stocks-mds\\data\\s3_downloads/AMZN_1771464115.json', 'D:\\ADF_folder\\real-time-stocks-mds\\data\\s3_downloads/AMZN_1771464148.json', 'D:\\ADF_folder\\real-time-stocks-mds\\data\\s3_downloads/AMZN_1771464181.json', 'D:\\ADF_folder\\real-time-stocks-mds\\data\\s3_downloads/AMZN_1771464213.json', 'D:\\ADF_folder\\real-time-stocks-mds\\data\\s3_downloads/AMZN_1771464247.json', 'D:\\ADF_folder\\real-time-stocks-mds\\data\\s3_downloads/AMZN_1771464280.json', 'D:\\ADF_folder\\real-time-stocks-mds\\data\\s3_downloads/AMZN_1771464313.json', 'D:\\ADF_folder\\real-time-stocks-mds\\data\\s3_downloads/AMZN_1771465245.json', 'D:\\ADF_folder\\real-time-stocks-mds\\data\\s3_downloads/AMZN_1771465279.json', 'D:\\ADF_folder\\real-time-stocks-mds\\data\\s3_downloads/AMZN_1771465312.json', 'D:\\ADF_folder\\real-time-stocks-mds\\data\\s3_downloads/AMZN_1771465344.json', 'D:\\ADF_folder\\real-time-stocks-mds\\data\\s3_downloads/AMZN_1771465378.json', 'D:\\ADF_folder\\real-time-stocks-mds\\data\\s3_downloads/AMZN_1771465411.json', 'D:\\ADF_folder\\real-time-stocks-mds\\data\\s3_downloads/AMZN_1771465443.json', 'D:\\ADF_folder\\real-time-stocks-mds\\data\\s3_downloads/AMZN_1771465477.json', 'D:\\ADF_folder\\real-time-stocks-mds\\data\\s3_downloads/AMZN_1771465510.json', 'D:\\ADF_folder\\real-time-stocks-mds\\data\\s3_downloads/AMZN_1771465543.json', 'D:\\ADF_folder\\real-time-stocks-mds\\data\\s3_downloads/AMZN_1771465576.json', 'D:\\ADF_folder\\real-time-stocks-mds\\data\\s3_downloads/AMZN_1772074557.json', 'D:\\ADF_folder\\real-time-stocks-mds\\data\\s3_downloads/AMZN_1772074590.json', 'D:\\ADF_folder\\real-time-stocks-mds\\data\\s3_downloads/AMZN_1772074622.json', 'D:\\ADF_folder\\real-time-stocks-mds\\data\\s3_downloads/AMZN_1772074655.json', 'D:\\ADF_folder\\real-time-stocks-mds\\data\\s3_downloads/AMZN_1772074689.json', 'D:\\ADF_folder\\real-time-stocks-mds\\data\\s3_downloads/AMZN_1772074722.json', 'D:\\ADF_folder\\real-time-stocks-mds\\data\\s3_downloads/AMZN_1772074755.json', 'D:\\ADF_folder\\real-time-stocks-mds\\data\\s3_downloads/AMZN_1772074788.json', 'D:\\ADF_folder\\real-time-stocks-mds\\data\\s3_downloads/AMZN_1772074822.json', 'D:\\ADF_folder\\real-time-stocks-mds\\data\\s3_downloads/AMZN_1772074855.json', 'D:\\ADF_folder\\real-time-stocks-mds\\data\\s3_downloads/AMZN_1772074887.json', 'D:\\ADF_folder\\real-time-stocks-mds\\data\\s3_downloads/AMZN_1772074921.json', 'D:\\ADF_folder\\real-time-stocks-mds\\data\\s3_downloads/AMZN_1772074954.json', 'D:\\ADF_folder\\real-time-stocks-mds\\data\\s3_downloads/AMZN_1772074986.json', 'D:\\ADF_folder\\real-time-stocks-mds\\data\\s3_downloads/AMZN_1772075020.json', 'D:\\ADF_folder\\real-time-stocks-mds\\data\\s3_downloads/AMZN_1772075052.json', 'D:\\ADF_folder\\real-time-stocks-mds\\data\\s3_downloads/AMZN_1772075086.json', 'D:\\ADF_folder\\real-time-stocks-mds\\data\\s3_downloads/AMZN_1772075119.json', 'D:\\ADF_folder\\real-time-stocks-mds\\data\\s3_downloads/AMZN_1772075152.json', 'D:\\ADF_folder\\real-time-stocks-mds\\data\\s3_downloads/AMZN_1772075184.json', 'D:\\ADF_folder\\real-time-stocks-mds\\data\\s3_downloads/AMZN_1772075217.json', 'D:\\ADF_folder\\real-time-stocks-mds\\data\\s3_downloads/AMZN_1772075250.json', 'D:\\ADF_folder\\real-time-stocks-mds\\data\\s3_downloads/AMZN_1772075283.json', 'D:\\ADF_folder\\real-time-stocks-mds\\data\\s3_downloads/AMZN_1772075316.json', 'D:\\ADF_folder\\real-time-stocks-mds\\data\\s3_downloads/AMZN_1772075349.json', 'D:\\ADF_folder\\real-time-stocks-mds\\data\\s3_downloads/AMZN_1772075382.json', 'D:\\ADF_folder\\real-time-stocks-mds\\data\\s3_downloads/AMZN_1772075415.json', 'D:\\ADF_folder\\real-time-stocks-mds\\data\\s3_downloads/AMZN_1772075448.json', 'D:\\ADF_folder\\real-time-stocks-mds\\data\\s3_downloads/AMZN_1772075481.json', 'D:\\ADF_folder\\real-time-stocks-mds\\data\\s3_downloads/AMZN_1772075513.json', 'D:\\ADF_folder\\real-time-stocks-mds\\data\\s3_downloads/AMZN_1772075546.json', 'D:\\ADF_folder\\real-time-stocks-mds\\data\\s3_downloads/AMZN_1772075579.json', 'D:\\ADF_folder\\real-time-stocks-mds\\data\\s3_downloads/AMZN_1772075614.json', 'D:\\ADF_folder\\real-time-stocks-mds\\data\\s3_downloads/AMZN_1772075647.json', 'D:\\ADF_folder\\real-time-stocks-mds\\data\\s3_downloads/AMZN_1772075680.json', 'D:\\ADF_folder\\real-time-stocks-mds\\data\\s3_downloads/AMZN_1772075712.json', 'D:\\ADF_folder\\real-time-stocks-mds\\data\\s3_downloads/AMZN_1772075745.json', 'D:\\ADF_folder\\real-time-stocks-mds\\data\\s3_downloads/AMZN_1772075778.json', 'D:\\ADF_folder\\real-time-stocks-mds\\data\\s3_downloads/AMZN_1772075811.json', 'D:\\ADF_folder\\real-time-stocks-mds\\data\\s3_downloads/AMZN_1772075844.json', 'D:\\ADF_folder\\real-time-stocks-mds\\data\\s3_downloads/AMZN_1772075877.json', 'D:\\ADF_folder\\real-time-stocks-mds\\data\\s3_downloads/AMZN_1772075910.json', 'D:\\ADF_folder\\real-time-stocks-mds\\data\\s3_downloads/AMZN_1772075943.json', 'D:\\ADF_folder\\real-time-stocks-mds\\data\\s3_downloads/AMZN_1772075975.json', 'D:\\ADF_folder\\real-time-stocks-mds\\data\\s3_downloads/AMZN_1772076008.json', 'D:\\ADF_folder\\real-time-stocks-mds\\data\\s3_downloads/AMZN_1772076041.json', 'D:\\ADF_folder\\real-time-stocks-mds\\data\\s3_downloads/AMZN_1772076075.json', 'D:\\ADF_folder\\real-time-stocks-mds\\data\\s3_downloads/AMZN_1772076108.json', 'D:\\ADF_folder\\real-time-stocks-mds\\data\\s3_downloads/AMZN_1772076140.json', 'D:\\ADF_folder\\real-time-stocks-mds\\data\\s3_downloads/AMZN_1772076173.json', 'D:\\ADF_folder\\real-time-stocks-mds\\data\\s3_downloads/AMZN_1772076207.json', 'D:\\ADF_folder\\real-time-stocks-mds\\data\\s3_downloads/AMZN_1772076239.json', 'D:\\ADF_folder\\real-time-stocks-mds\\data\\s3_downloads/AMZN_1772076272.json', 'D:\\ADF_folder\\real-time-stocks-mds\\data\\s3_downloads/AMZN_1772076305.json', 'D:\\ADF_folder\\real-time-stocks-mds\\data\\s3_downloads/AMZN_1772076338.json', 'D:\\ADF_folder\\real-time-stocks-mds\\data\\s3_downloads/AMZN_1772076371.json', 'D:\\ADF_folder\\real-time-stocks-mds\\data\\s3_downloads/AMZN_1772076403.json', 'D:\\ADF_folder\\real-time-stocks-mds\\data\\s3_downloads/AMZN_1772076437.json', 'D:\\ADF_folder\\real-time-stocks-mds\\data\\s3_downloads/AMZN_1772076470.json', 'D:\\ADF_folder\\real-time-stocks-mds\\data\\s3_downloads/AMZN_1772076503.json', 'D:\\ADF_folder\\real-time-stocks-mds\\data\\s3_downloads/AMZN_1772076536.json', 'D:\\ADF_folder\\real-time-stocks-mds\\data\\s3_downloads/AMZN_1772076569.json', 'D:\\ADF_folder\\real-time-stocks-mds\\data\\s3_downloads/AMZN_1772076602.json', 'D:\\ADF_folder\\real-time-stocks-mds\\data\\s3_downloads/AMZN_1772076635.json', 'D:\\ADF_folder\\real-time-stocks-mds\\data\\s3_downloads/AMZN_1772076668.json', 'D:\\ADF_folder\\real-time-stocks-mds\\data\\s3_downloads/AMZN_1772076701.json', 'D:\\ADF_folder\\real-time-stocks-mds\\data\\s3_downloads/AMZN_1772076734.json', 'D:\\ADF_folder\\real-time-stocks-mds\\data\\s3_downloads/AMZN_1772076767.json', 'D:\\ADF_folder\\real-time-stocks-mds\\data\\s3_downloads/AMZN_1772076800.json', 'D:\\ADF_folder\\real-time-stocks-mds\\data\\s3_downloads/AMZN_1772076833.json', 'D:\\ADF_folder\\real-time-stocks-mds\\data\\s3_downloads/AMZN_1772076866.json', 'D:\\ADF_folder\\real-time-stocks-mds\\data\\s3_downloads/AMZN_1772076899.json', 'D:\\ADF_folder\\real-time-stocks-mds\\data\\s3_downloads/AMZN_1772076932.json', 'D:\\ADF_folder\\real-time-stocks-mds\\data\\s3_downloads/AMZN_1772076965.json', 'D:\\ADF_folder\\real-time-stocks-mds\\data\\s3_downloads/AMZN_1772076998.json', 'D:\\ADF_folder\\real-time-stocks-mds\\data\\s3_downloads/AMZN_1772077031.json', 'D:\\ADF_folder\\real-time-stocks-mds\\data\\s3_downloads/AMZN_1772077064.json', 'D:\\ADF_folder\\real-time-stocks-mds\\data\\s3_downloads/AMZN_1772077097.json', 'D:\\ADF_folder\\real-time-stocks-mds\\data\\s3_downloads/AMZN_1772077130.json', 'D:\\ADF_folder\\real-time-stocks-mds\\data\\s3_downloads/AMZN_1772077163.json', 'D:\\ADF_folder\\real-time-stocks-mds\\data\\s3_downloads/AMZN_1772077196.json', 'D:\\ADF_folder\\real-time-stocks-mds\\data\\s3_downloads/AMZN_1772077229.json', 'D:\\ADF_folder\\real-time-stocks-mds\\data\\s3_downloads/AMZN_1772077262.json', 'D:\\ADF_folder\\real-time-stocks-mds\\data\\s3_downloads/AMZN_1772077295.json', 'D:\\ADF_folder\\real-time-stocks-mds\\data\\s3_downloads/AMZN_1772077328.json', 'D:\\ADF_folder\\real-time-stocks-mds\\data\\s3_downloads/AMZN_1772077362.json', 'D:\\ADF_folder\\real-time-stocks-mds\\data\\s3_downloads/AMZN_1772077395.json', 'D:\\ADF_folder\\real-time-stocks-mds\\data\\s3_downloads/AMZN_1772077428.json', 'D:\\ADF_folder\\real-time-stocks-mds\\data\\s3_downloads/AMZN_1772077461.json', 'D:\\ADF_folder\\real-time-stocks-mds\\data\\s3_downloads/AMZN_1772077494.json', 'D:\\ADF_folder\\real-time-stocks-mds\\data\\s3_downloads/AMZN_1772077526.json', 'D:\\ADF_folder\\real-time-stocks-mds\\data\\s3_downloads/AMZN_1772077559.json', 'D:\\ADF_folder\\real-time-stocks-mds\\data\\s3_downloads/AMZN_1772077592.json', 'D:\\ADF_folder\\real-time-stocks-mds\\data\\s3_downloads/AMZN_1772077625.json', 'D:\\ADF_folder\\real-time-stocks-mds\\data\\s3_downloads/AMZN_1772077658.json', 'D:\\ADF_folder\\real-time-stocks-mds\\data\\s3_downloads/AMZN_1772077691.json', 'D:\\ADF_folder\\real-time-stocks-mds\\data\\s3_downloads/AMZN_1772077724.json', 'D:\\ADF_folder\\real-time-stocks-mds\\data\\s3_downloads/AMZN_1772077757.json', 'D:\\ADF_folder\\real-time-stocks-mds\\data\\s3_downloads/AMZN_1772077790.json', 'D:\\ADF_folder\\real-time-stocks-mds\\data\\s3_downloads/AMZN_1772077823.json', 'D:\\ADF_folder\\real-time-stocks-mds\\data\\s3_downloads/AMZN_1772077856.json', 'D:\\ADF_folder\\real-time-stocks-mds\\data\\s3_downloads/AMZN_1772077888.json', 'D:\\ADF_folder\\real-time-stocks-mds\\data\\s3_downloads/AMZN_1772077921.json', 'D:\\ADF_folder\\real-time-stocks-mds\\data\\s3_downloads/AMZN_1772077954.json', 'D:\\ADF_folder\\real-time-stocks-mds\\data\\s3_downloads/AMZN_1772077987.json', 'D:\\ADF_folder\\real-time-stocks-mds\\data\\s3_downloads/AMZN_1772078019.json', 'D:\\ADF_folder\\real-time-stocks-mds\\data\\s3_downloads/AMZN_1772078052.json', 'D:\\ADF_folder\\real-time-stocks-mds\\data\\s3_downloads/AMZN_1772078085.json', 'D:\\ADF_folder\\real-time-stocks-mds\\data\\s3_downloads/AMZN_1772078118.json', 'D:\\ADF_folder\\real-time-stocks-mds\\data\\s3_downloads/AMZN_1772078152.json', 'D:\\ADF_folder\\real-time-stocks-mds\\data\\s3_downloads/AMZN_1772078184.json', 'D:\\ADF_folder\\real-time-stocks-mds\\data\\s3_downloads/AMZN_1772078217.json', 'D:\\ADF_folder\\real-time-stocks-mds\\data\\s3_downloads/AMZN_1772078250.json', 'D:\\ADF_folder\\real-time-stocks-mds\\data\\s3_downloads/AMZN_1772078283.json', 'D:\\ADF_folder\\real-time-stocks-mds\\data\\s3_downloads/AMZN_1772078316.json', 'D:\\ADF_folder\\real-time-stocks-mds\\data\\s3_downloads/AMZN_1772078349.json', 'D:\\ADF_folder\\real-time-stocks-mds\\data\\s3_downloads/AMZN_1772078382.json', 'D:\\ADF_folder\\real-time-stocks-mds\\data\\s3_downloads/AMZN_1772078415.json', 'D:\\ADF_folder\\real-time-stocks-mds\\data\\s3_downloads/AMZN_1772078448.json', 'D:\\ADF_folder\\real-time-stocks-mds\\data\\s3_downloads/AMZN_1772078482.json', 'D:\\ADF_folder\\real-time-stocks-mds\\data\\s3_downloads/AMZN_1772078516.json', 'D:\\ADF_folder\\real-time-stocks-mds\\data\\s3_downloads/AMZN_1772078549.json', 'D:\\ADF_folder\\real-time-stocks-mds\\data\\s3_downloads/AMZN_1772078582.json', 'D:\\ADF_folder\\real-time-stocks-mds\\data\\s3_downloads/AMZN_1772078615.json', 'D:\\ADF_folder\\real-time-stocks-mds\\data\\s3_downloads/AMZN_1772078648.json', 'D:\\ADF_folder\\real-time-stocks-mds\\data\\s3_downloads/AMZN_1772078680.json', 'D:\\ADF_folder\\real-time-stocks-mds\\data\\s3_downloads/AMZN_1772078714.json', 'D:\\ADF_folder\\real-time-stocks-mds\\data\\s3_downloads/AMZN_1772078747.json', 'D:\\ADF_folder\\real-time-stocks-mds\\data\\s3_downloads/AMZN_1772078779.json', 'D:\\ADF_folder\\real-time-stocks-mds\\data\\s3_downloads/AMZN_1772078812.json', 'D:\\ADF_folder\\real-time-stocks-mds\\data\\s3_downloads/AMZN_1772078845.json', 'D:\\ADF_folder\\real-time-stocks-mds\\data\\s3_downloads/AMZN_1772078878.json', 'D:\\ADF_folder\\real-time-stocks-mds\\data\\s3_downloads/AMZN_1772078911.json', 'D:\\ADF_folder\\real-time-stocks-mds\\data\\s3_downloads/AMZN_1772078944.json', 'D:\\ADF_folder\\real-time-stocks-mds\\data\\s3_downloads/AMZN_1772078977.json', 'D:\\ADF_folder\\real-time-stocks-mds\\data\\s3_downloads/AMZN_1772079010.json', 'D:\\ADF_folder\\real-time-stocks-mds\\data\\s3_downloads/AMZN_1772079043.json', 'D:\\ADF_folder\\real-time-stocks-mds\\data\\s3_downloads/AMZN_1772079077.json', 'D:\\ADF_folder\\real-time-stocks-mds\\data\\s3_downloads/AMZN_1772079110.json', 'D:\\ADF_folder\\real-time-stocks-mds\\data\\s3_downloads/AMZN_1772079143.json', 'D:\\ADF_folder\\real-time-stocks-mds\\data\\s3_downloads/AMZN_1772079176.json', 'D:\\ADF_folder\\real-time-stocks-mds\\data\\s3_downloads/AMZN_1772079209.json', 'D:\\ADF_folder\\real-time-stocks-mds\\data\\s3_downloads/AMZN_1772079242.json', 'D:\\ADF_folder\\real-time-stocks-mds\\data\\s3_downloads/AMZN_1772079275.json', 'D:\\ADF_folder\\real-time-stocks-mds\\data\\s3_downloads/MSFT_1771463592.json', 'D:\\ADF_folder\\real-time-stocks-mds\\data\\s3_downloads/MSFT_1771463625.json', 'D:\\ADF_folder\\real-time-stocks-mds\\data\\s3_downloads/MSFT_1771463658.json', 'D:\\ADF_folder\\real-time-stocks-mds\\data\\s3_downloads/MSFT_1771463691.json', 'D:\\ADF_folder\\real-time-stocks-mds\\data\\s3_downloads/MSFT_1771463724.json', 'D:\\ADF_folder\\real-time-stocks-mds\\data\\s3_downloads/MSFT_1771463757.json', 'D:\\ADF_folder\\real-time-stocks-mds\\data\\s3_downloads/MSFT_1771463790.json', 'D:\\ADF_folder\\real-time-stocks-mds\\data\\s3_downloads/MSFT_1771463823.json', 'D:\\ADF_folder\\real-time-stocks-mds\\data\\s3_downloads/MSFT_1771463856.json', 'D:\\ADF_folder\\real-time-stocks-mds\\data\\s3_downloads/MSFT_1771463889.json', 'D:\\ADF_folder\\real-time-stocks-mds\\data\\s3_downloads/MSFT_1771463922.json', 'D:\\ADF_folder\\real-time-stocks-mds\\data\\s3_downloads/MSFT_1771463955.json', 'D:\\ADF_folder\\real-time-stocks-mds\\data\\s3_downloads/MSFT_1771463988.json', 'D:\\ADF_folder\\real-time-stocks-mds\\data\\s3_downloads/MSFT_1771464022.json', 'D:\\ADF_folder\\real-time-stocks-mds\\data\\s3_downloads/MSFT_1771464055.json', 'D:\\ADF_folder\\real-time-stocks-mds\\data\\s3_downloads/MSFT_1771464088.json', 'D:\\ADF_folder\\real-time-stocks-mds\\data\\s3_downloads/MSFT_1771464121.json', 'D:\\ADF_folder\\real-time-stocks-mds\\data\\s3_downloads/MSFT_1771464154.json', 'D:\\ADF_folder\\real-time-stocks-mds\\data\\s3_downloads/MSFT_1771464187.json', 'D:\\ADF_folder\\real-time-stocks-mds\\data\\s3_downloads/MSFT_1771464220.json', 'D:\\ADF_folder\\real-time-stocks-mds\\data\\s3_downloads/MSFT_1771464253.json', 'D:\\ADF_folder\\real-time-stocks-mds\\data\\s3_downloads/MSFT_1771464286.json', 'D:\\ADF_folder\\real-time-stocks-mds\\data\\s3_downloads/MSFT_1771464319.json', 'D:\\ADF_folder\\real-time-stocks-mds\\data\\s3_downloads/MSFT_1771465252.json', 'D:\\ADF_folder\\real-time-stocks-mds\\data\\s3_downloads/MSFT_1771465285.json', 'D:\\ADF_folder\\real-time-stocks-mds\\data\\s3_downloads/MSFT_1771465318.json', 'D:\\ADF_folder\\real-time-stocks-mds\\data\\s3_downloads/MSFT_1771465351.json', 'D:\\ADF_folder\\real-time-stocks-mds\\data\\s3_downloads/MSFT_1771465384.json', 'D:\\ADF_folder\\real-time-stocks-mds\\data\\s3_downloads/MSFT_1771465417.json', 'D:\\ADF_folder\\real-time-stocks-mds\\data\\s3_downloads/MSFT_1771465450.json', 'D:\\ADF_folder\\real-time-stocks-mds\\data\\s3_downloads/MSFT_1771465483.json', 'D:\\ADF_folder\\real-time-stocks-mds\\data\\s3_downloads/MSFT_1771465516.json', 'D:\\ADF_folder\\real-time-stocks-mds\\data\\s3_downloads/MSFT_1771465549.json', 'D:\\ADF_folder\\real-time-stocks-mds\\data\\s3_downloads/MSFT_1771465582.json', 'D:\\ADF_folder\\real-time-stocks-mds\\data\\s3_downloads/MSFT_1772074563.json', 'D:\\ADF_folder\\real-time-stocks-mds\\data\\s3_downloads/MSFT_1772074596.json', 'D:\\ADF_folder\\real-time-stocks-mds\\data\\s3_downloads/MSFT_1772074629.json', 'D:\\ADF_folder\\real-time-stocks-mds\\data\\s3_downloads/MSFT_1772074662.json', 'D:\\ADF_folder\\real-time-stocks-mds\\data\\s3_downloads/MSFT_1772074696.json', 'D:\\ADF_folder\\real-time-stocks-mds\\data\\s3_downloads/MSFT_1772074729.json', 'D:\\ADF_folder\\real-time-stocks-mds\\data\\s3_downloads/MSFT_1772074762.json', 'D:\\ADF_folder\\real-time-stocks-mds\\data\\s3_downloads/MSFT_1772074795.json', 'D:\\ADF_folder\\real-time-stocks-mds\\data\\s3_downloads/MSFT_1772074828.json', 'D:\\ADF_folder\\real-time-stocks-mds\\data\\s3_downloads/MSFT_1772074861.json', 'D:\\ADF_folder\\real-time-stocks-mds\\data\\s3_downloads/MSFT_1772074894.json', 'D:\\ADF_folder\\real-time-stocks-mds\\data\\s3_downloads/MSFT_1772074927.json', 'D:\\ADF_folder\\real-time-stocks-mds\\data\\s3_downloads/MSFT_1772074960.json', 'D:\\ADF_folder\\real-time-stocks-mds\\data\\s3_downloads/MSFT_1772074993.json', 'D:\\ADF_folder\\real-time-stocks-mds\\data\\s3_downloads/MSFT_1772075026.json', 'D:\\ADF_folder\\real-time-stocks-mds\\data\\s3_downloads/MSFT_1772075059.json', 'D:\\ADF_folder\\real-time-stocks-mds\\data\\s3_downloads/MSFT_1772075092.json', 'D:\\ADF_folder\\real-time-stocks-mds\\data\\s3_downloads/MSFT_1772075125.json', 'D:\\ADF_folder\\real-time-stocks-mds\\data\\s3_downloads/MSFT_1772075158.json', 'D:\\ADF_folder\\real-time-stocks-mds\\data\\s3_downloads/MSFT_1772075191.json', 'D:\\ADF_folder\\real-time-stocks-mds\\data\\s3_downloads/MSFT_1772075224.json', 'D:\\ADF_folder\\real-time-stocks-mds\\data\\s3_downloads/MSFT_1772075257.json', 'D:\\ADF_folder\\real-time-stocks-mds\\data\\s3_downloads/MSFT_1772075290.json', 'D:\\ADF_folder\\real-time-stocks-mds\\data\\s3_downloads/MSFT_1772075323.json', 'D:\\ADF_folder\\real-time-stocks-mds\\data\\s3_downloads/MSFT_1772075356.json', 'D:\\ADF_folder\\real-time-stocks-mds\\data\\s3_downloads/MSFT_1772075389.json', 'D:\\ADF_folder\\real-time-stocks-mds\\data\\s3_downloads/MSFT_1772075422.json', 'D:\\ADF_folder\\real-time-stocks-mds\\data\\s3_downloads/MSFT_1772075455.json', 'D:\\ADF_folder\\real-time-stocks-mds\\data\\s3_downloads/MSFT_1772075487.json', 'D:\\ADF_folder\\real-time-stocks-mds\\data\\s3_downloads/MSFT_1772075520.json', 'D:\\ADF_folder\\real-time-stocks-mds\\data\\s3_downloads/MSFT_1772075553.json', 'D:\\ADF_folder\\real-time-stocks-mds\\data\\s3_downloads/MSFT_1772075586.json', 'D:\\ADF_folder\\real-time-stocks-mds\\data\\s3_downloads/MSFT_1772075620.json', 'D:\\ADF_folder\\real-time-stocks-mds\\data\\s3_downloads/MSFT_1772075653.json', 'D:\\ADF_folder\\real-time-stocks-mds\\data\\s3_downloads/MSFT_1772075686.json', 'D:\\ADF_folder\\real-time-stocks-mds\\data\\s3_downloads/MSFT_1772075719.json', 'D:\\ADF_folder\\real-time-stocks-mds\\data\\s3_downloads/MSFT_1772075752.json', 'D:\\ADF_folder\\real-time-stocks-mds\\data\\s3_downloads/MSFT_1772075785.json', 'D:\\ADF_folder\\real-time-stocks-mds\\data\\s3_downloads/MSFT_1772075818.json', 'D:\\ADF_folder\\real-time-stocks-mds\\data\\s3_downloads/MSFT_1772075851.json', 'D:\\ADF_folder\\real-time-stocks-mds\\data\\s3_downloads/MSFT_1772075883.json', 'D:\\ADF_folder\\real-time-stocks-mds\\data\\s3_downloads/MSFT_1772075916.json', 'D:\\ADF_folder\\real-time-stocks-mds\\data\\s3_downloads/MSFT_1772075949.json', 'D:\\ADF_folder\\real-time-stocks-mds\\data\\s3_downloads/MSFT_1772075982.json', 'D:\\ADF_folder\\real-time-stocks-mds\\data\\s3_downloads/MSFT_1772076015.json', 'D:\\ADF_folder\\real-time-stocks-mds\\data\\s3_downloads/MSFT_1772076048.json', 'D:\\ADF_folder\\real-time-stocks-mds\\data\\s3_downloads/MSFT_1772076081.json', 'D:\\ADF_folder\\real-time-stocks-mds\\data\\s3_downloads/MSFT_1772076114.json', 'D:\\ADF_folder\\real-time-stocks-mds\\data\\s3_downloads/MSFT_1772076147.json', 'D:\\ADF_folder\\real-time-stocks-mds\\data\\s3_downloads/MSFT_1772076180.json', 'D:\\ADF_folder\\real-time-stocks-mds\\data\\s3_downloads/MSFT_1772076213.json', 'D:\\ADF_folder\\real-time-stocks-mds\\data\\s3_downloads/MSFT_1772076246.json', 'D:\\ADF_folder\\real-time-stocks-mds\\data\\s3_downloads/MSFT_1772076279.json', 'D:\\ADF_folder\\real-time-stocks-mds\\data\\s3_downloads/MSFT_1772076312.json', 'D:\\ADF_folder\\real-time-stocks-mds\\data\\s3_downloads/MSFT_1772076344.json', 'D:\\ADF_folder\\real-time-stocks-mds\\data\\s3_downloads/MSFT_1772076377.json', 'D:\\ADF_folder\\real-time-stocks-mds\\data\\s3_downloads/MSFT_1772076410.json', 'D:\\ADF_folder\\real-time-stocks-mds\\data\\s3_downloads/MSFT_1772076444.json', 'D:\\ADF_folder\\real-time-stocks-mds\\data\\s3_downloads/MSFT_1772076477.json', 'D:\\ADF_folder\\real-time-stocks-mds\\data\\s3_downloads/MSFT_1772076510.json', 'D:\\ADF_folder\\real-time-stocks-mds\\data\\s3_downloads/MSFT_1772076543.json', 'D:\\ADF_folder\\real-time-stocks-mds\\data\\s3_downloads/MSFT_1772076576.json', 'D:\\ADF_folder\\real-time-stocks-mds\\data\\s3_downloads/MSFT_1772076609.json', 'D:\\ADF_folder\\real-time-stocks-mds\\data\\s3_downloads/MSFT_1772076642.json', 'D:\\ADF_folder\\real-time-stocks-mds\\data\\s3_downloads/MSFT_1772076674.json', 'D:\\ADF_folder\\real-time-stocks-mds\\data\\s3_downloads/MSFT_1772076707.json', 'D:\\ADF_folder\\real-time-stocks-mds\\data\\s3_downloads/MSFT_1772076740.json', 'D:\\ADF_folder\\real-time-stocks-mds\\data\\s3_downloads/MSFT_1772076773.json', 'D:\\ADF_folder\\real-time-stocks-mds\\data\\s3_downloads/MSFT_1772076807.json', 'D:\\ADF_folder\\real-time-stocks-mds\\data\\s3_downloads/MSFT_1772076840.json', 'D:\\ADF_folder\\real-time-stocks-mds\\data\\s3_downloads/MSFT_1772076873.json', 'D:\\ADF_folder\\real-time-stocks-mds\\data\\s3_downloads/MSFT_1772076905.json', 'D:\\ADF_folder\\real-time-stocks-mds\\data\\s3_downloads/MSFT_1772076939.json', 'D:\\ADF_folder\\real-time-stocks-mds\\data\\s3_downloads/MSFT_1772076972.json', 'D:\\ADF_folder\\real-time-stocks-mds\\data\\s3_downloads/MSFT_1772077005.json', 'D:\\ADF_folder\\real-time-stocks-mds\\data\\s3_downloads/MSFT_1772077038.json', 'D:\\ADF_folder\\real-time-stocks-mds\\data\\s3_downloads/MSFT_1772077071.json', 'D:\\ADF_folder\\real-time-stocks-mds\\data\\s3_downloads/MSFT_1772077104.json', 'D:\\ADF_folder\\real-time-stocks-mds\\data\\s3_downloads/MSFT_1772077137.json', 'D:\\ADF_folder\\real-time-stocks-mds\\data\\s3_downloads/MSFT_1772077170.json', 'D:\\ADF_folder\\real-time-stocks-mds\\data\\s3_downloads/MSFT_1772077203.json', 'D:\\ADF_folder\\real-time-stocks-mds\\data\\s3_downloads/MSFT_1772077236.json', 'D:\\ADF_folder\\real-time-stocks-mds\\data\\s3_downloads/MSFT_1772077269.json', 'D:\\ADF_folder\\real-time-stocks-mds\\data\\s3_downloads/MSFT_1772077302.json', 'D:\\ADF_folder\\real-time-stocks-mds\\data\\s3_downloads/MSFT_1772077335.json', 'D:\\ADF_folder\\real-time-stocks-mds\\data\\s3_downloads/MSFT_1772077369.json', 'D:\\ADF_folder\\real-time-stocks-mds\\data\\s3_downloads/MSFT_1772077402.json', 'D:\\ADF_folder\\real-time-stocks-mds\\data\\s3_downloads/MSFT_1772077434.json', 'D:\\ADF_folder\\real-time-stocks-mds\\data\\s3_downloads/MSFT_1772077467.json', 'D:\\ADF_folder\\real-time-stocks-mds\\data\\s3_downloads/MSFT_1772077500.json', 'D:\\ADF_folder\\real-time-stocks-mds\\data\\s3_downloads/MSFT_1772077533.json', 'D:\\ADF_folder\\real-time-stocks-mds\\data\\s3_downloads/MSFT_1772077566.json', 'D:\\ADF_folder\\real-time-stocks-mds\\data\\s3_downloads/MSFT_1772077599.json', 'D:\\ADF_folder\\real-time-stocks-mds\\data\\s3_downloads/MSFT_1772077632.json', 'D:\\ADF_folder\\real-time-stocks-mds\\data\\s3_downloads/MSFT_1772077665.json', 'D:\\ADF_folder\\real-time-stocks-mds\\data\\s3_downloads/MSFT_1772077698.json', 'D:\\ADF_folder\\real-time-stocks-mds\\data\\s3_downloads/MSFT_1772077731.json', 'D:\\ADF_folder\\real-time-stocks-mds\\data\\s3_downloads/MSFT_1772077764.json', 'D:\\ADF_folder\\real-time-stocks-mds\\data\\s3_downloads/MSFT_1772077796.json', 'D:\\ADF_folder\\real-time-stocks-mds\\data\\s3_downloads/MSFT_1772077829.json', 'D:\\ADF_folder\\real-time-stocks-mds\\data\\s3_downloads/MSFT_1772077862.json', 'D:\\ADF_folder\\real-time-stocks-mds\\data\\s3_downloads/MSFT_1772077895.json', 'D:\\ADF_folder\\real-time-stocks-mds\\data\\s3_downloads/MSFT_1772077928.json', 'D:\\ADF_folder\\real-time-stocks-mds\\data\\s3_downloads/MSFT_1772077960.json', 'D:\\ADF_folder\\real-time-stocks-mds\\data\\s3_downloads/MSFT_1772077993.json', 'D:\\ADF_folder\\real-time-stocks-mds\\data\\s3_downloads/MSFT_1772078026.json', 'D:\\ADF_folder\\real-time-stocks-mds\\data\\s3_downloads/MSFT_1772078059.json', 'D:\\ADF_folder\\real-time-stocks-mds\\data\\s3_downloads/MSFT_1772078092.json', 'D:\\ADF_folder\\real-time-stocks-mds\\data\\s3_downloads/MSFT_1772078125.json', 'D:\\ADF_folder\\real-time-stocks-mds\\data\\s3_downloads/MSFT_1772078158.json', 'D:\\ADF_folder\\real-time-stocks-mds\\data\\s3_downloads/MSFT_1772078191.json', 'D:\\ADF_folder\\real-time-stocks-mds\\data\\s3_downloads/MSFT_1772078224.json', 'D:\\ADF_folder\\real-time-stocks-mds\\data\\s3_downloads/MSFT_1772078257.json', 'D:\\ADF_folder\\real-time-stocks-mds\\data\\s3_downloads/MSFT_1772078290.json', 'D:\\ADF_folder\\real-time-stocks-mds\\data\\s3_downloads/MSFT_1772078323.json', 'D:\\ADF_folder\\real-time-stocks-mds\\data\\s3_downloads/MSFT_1772078356.json', 'D:\\ADF_folder\\real-time-stocks-mds\\data\\s3_downloads/MSFT_1772078388.json', 'D:\\ADF_folder\\real-time-stocks-mds\\data\\s3_downloads/MSFT_1772078422.json', 'D:\\ADF_folder\\real-time-stocks-mds\\data\\s3_downloads/MSFT_1772078455.json', 'D:\\ADF_folder\\real-time-stocks-mds\\data\\s3_downloads/MSFT_1772078489.json', 'D:\\ADF_folder\\real-time-stocks-mds\\data\\s3_downloads/MSFT_1772078522.json', 'D:\\ADF_folder\\real-time-stocks-mds\\data\\s3_downloads/MSFT_1772078555.json', 'D:\\ADF_folder\\real-time-stocks-mds\\data\\s3_downloads/MSFT_1772078588.json', 'D:\\ADF_folder\\real-time-stocks-mds\\data\\s3_downloads/MSFT_1772078621.json', 'D:\\ADF_folder\\real-time-stocks-mds\\data\\s3_downloads/MSFT_1772078654.json', 'D:\\ADF_folder\\real-time-stocks-mds\\data\\s3_downloads/MSFT_1772078687.json', 'D:\\ADF_folder\\real-time-stocks-mds\\data\\s3_downloads/MSFT_1772078720.json', 'D:\\ADF_folder\\real-time-stocks-mds\\data\\s3_downloads/MSFT_1772078753.json', 'D:\\ADF_folder\\real-time-stocks-mds\\data\\s3_downloads/MSFT_1772078786.json', 'D:\\ADF_folder\\real-time-stocks-mds\\data\\s3_downloads/MSFT_1772078819.json', 'D:\\ADF_folder\\real-time-stocks-mds\\data\\s3_downloads/MSFT_1772078852.json', 'D:\\ADF_folder\\real-time-stocks-mds\\data\\s3_downloads/MSFT_1772078885.json', 'D:\\ADF_folder\\real-time-stocks-mds\\data\\s3_downloads/MSFT_1772078918.json', 'D:\\ADF_folder\\real-time-stocks-mds\\data\\s3_downloads/MSFT_1772078951.json', 'D:\\ADF_folder\\real-time-stocks-mds\\data\\s3_downloads/MSFT_1772078984.json', 'D:\\ADF_folder\\real-time-stocks-mds\\data\\s3_downloads/MSFT_1772079017.json', 'D:\\ADF_folder\\real-time-stocks-mds\\data\\s3_downloads/MSFT_1772079050.json', 'D:\\ADF_folder\\real-time-stocks-mds\\data\\s3_downloads/MSFT_1772079084.json', 'D:\\ADF_folder\\real-time-stocks-mds\\data\\s3_downloads/MSFT_1772079117.json', 'D:\\ADF_folder\\real-time-stocks-mds\\data\\s3_downloads/MSFT_1772079150.json', 'D:\\ADF_folder\\real-time-stocks-mds\\data\\s3_downloads/MSFT_1772079183.json', 'D:\\ADF_folder\\real-time-stocks-mds\\data\\s3_downloads/MSFT_1772079216.json', 'D:\\ADF_folder\\real-time-stocks-mds\\data\\s3_downloads/MSFT_1772079249.json', 'D:\\ADF_folder\\real-time-stocks-mds\\data\\s3_downloads/MSFT_1772079282.json', 'D:\\ADF_folder\\real-time-stocks-mds\\data\\s3_downloads/TSLA_1771463599.json', 'D:\\ADF_folder\\real-time-stocks-mds\\data\\s3_downloads/TSLA_1771463632.json', 'D:\\ADF_folder\\real-time-stocks-mds\\data\\s3_downloads/TSLA_1771463665.json', 'D:\\ADF_folder\\real-time-stocks-mds\\data\\s3_downloads/TSLA_1771463698.json', 'D:\\ADF_folder\\real-time-stocks-mds\\data\\s3_downloads/TSLA_1771463731.json', 'D:\\ADF_folder\\real-time-stocks-mds\\data\\s3_downloads/TSLA_1771463764.json', 'D:\\ADF_folder\\real-time-stocks-mds\\data\\s3_downloads/TSLA_1771463797.json', 'D:\\ADF_folder\\real-time-stocks-mds\\data\\s3_downloads/TSLA_1771463830.json', 'D:\\ADF_folder\\real-time-stocks-mds\\data\\s3_downloads/TSLA_1771463862.json', 'D:\\ADF_folder\\real-time-stocks-mds\\data\\s3_downloads/TSLA_1771463895.json', 'D:\\ADF_folder\\real-time-stocks-mds\\data\\s3_downloads/TSLA_1771463929.json', 'D:\\ADF_folder\\real-time-stocks-mds\\data\\s3_downloads/TSLA_1771463962.json', 'D:\\ADF_folder\\real-time-stocks-mds\\data\\s3_downloads/TSLA_1771463995.json', 'D:\\ADF_folder\\real-time-stocks-mds\\data\\s3_downloads/TSLA_1771464029.json', 'D:\\ADF_folder\\real-time-stocks-mds\\data\\s3_downloads/TSLA_1771464062.json', 'D:\\ADF_folder\\real-time-stocks-mds\\data\\s3_downloads/TSLA_1771464095.json', 'D:\\ADF_folder\\real-time-stocks-mds\\data\\s3_downloads/TSLA_1771464128.json', 'D:\\ADF_folder\\real-time-stocks-mds\\data\\s3_downloads/TSLA_1771464161.json', 'D:\\ADF_folder\\real-time-stocks-mds\\data\\s3_downloads/TSLA_1771464194.json', 'D:\\ADF_folder\\real-time-stocks-mds\\data\\s3_downloads/TSLA_1771464227.json', 'D:\\ADF_folder\\real-time-stocks-mds\\data\\s3_downloads/TSLA_1771464260.json', 'D:\\ADF_folder\\real-time-stocks-mds\\data\\s3_downloads/TSLA_1771464293.json', 'D:\\ADF_folder\\real-time-stocks-mds\\data\\s3_downloads/TSLA_1771464326.json', 'D:\\ADF_folder\\real-time-stocks-mds\\data\\s3_downloads/TSLA_1771465259.json', 'D:\\ADF_folder\\real-time-stocks-mds\\data\\s3_downloads/TSLA_1771465292.json', 'D:\\ADF_folder\\real-time-stocks-mds\\data\\s3_downloads/TSLA_1771465325.json', 'D:\\ADF_folder\\real-time-stocks-mds\\data\\s3_downloads/TSLA_1771465358.json', 'D:\\ADF_folder\\real-time-stocks-mds\\data\\s3_downloads/TSLA_1771465391.json', 'D:\\ADF_folder\\real-time-stocks-mds\\data\\s3_downloads/TSLA_1771465424.json', 'D:\\ADF_folder\\real-time-stocks-mds\\data\\s3_downloads/TSLA_1771465457.json', 'D:\\ADF_folder\\real-time-stocks-mds\\data\\s3_downloads/TSLA_1771465490.json', 'D:\\ADF_folder\\real-time-stocks-mds\\data\\s3_downloads/TSLA_1771465523.json', 'D:\\ADF_folder\\real-time-stocks-mds\\data\\s3_downloads/TSLA_1771465556.json', 'D:\\ADF_folder\\real-time-stocks-mds\\data\\s3_downloads/TSLA_1772074570.json', 'D:\\ADF_folder\\real-time-stocks-mds\\data\\s3_downloads/TSLA_1772074603.json', 'D:\\ADF_folder\\real-time-stocks-mds\\data\\s3_downloads/TSLA_1772074635.json', 'D:\\ADF_folder\\real-time-stocks-mds\\data\\s3_downloads/TSLA_1772074669.json', 'D:\\ADF_folder\\real-time-stocks-mds\\data\\s3_downloads/TSLA_1772074702.json', 'D:\\ADF_folder\\real-time-stocks-mds\\data\\s3_downloads/TSLA_1772074735.json', 'D:\\ADF_folder\\real-time-stocks-mds\\data\\s3_downloads/TSLA_1772074768.json', 'D:\\ADF_folder\\real-time-stocks-mds\\data\\s3_downloads/TSLA_1772074801.json', 'D:\\ADF_folder\\real-time-stocks-mds\\data\\s3_downloads/TSLA_1772074835.json', 'D:\\ADF_folder\\real-time-stocks-mds\\data\\s3_downloads/TSLA_1772074868.json', 'D:\\ADF_folder\\real-time-stocks-mds\\data\\s3_downloads/TSLA_1772074901.json', 'D:\\ADF_folder\\real-time-stocks-mds\\data\\s3_downloads/TSLA_1772074934.json', 'D:\\ADF_folder\\real-time-stocks-mds\\data\\s3_downloads/TSLA_1772074967.json', 'D:\\ADF_folder\\real-time-stocks-mds\\data\\s3_downloads/TSLA_1772075000.json', 'D:\\ADF_folder\\real-time-stocks-mds\\data\\s3_downloads/TSLA_1772075033.json', 'D:\\ADF_folder\\real-time-stocks-mds\\data\\s3_downloads/TSLA_1772075066.json', 'D:\\ADF_folder\\real-time-stocks-mds\\data\\s3_downloads/TSLA_1772075099.json', 'D:\\ADF_folder\\real-time-stocks-mds\\data\\s3_downloads/TSLA_1772075132.json', 'D:\\ADF_folder\\real-time-stocks-mds\\data\\s3_downloads/TSLA_1772075165.json', 'D:\\ADF_folder\\real-time-stocks-mds\\data\\s3_downloads/TSLA_1772075198.json', 'D:\\ADF_folder\\real-time-stocks-mds\\data\\s3_downloads/TSLA_1772075231.json', 'D:\\ADF_folder\\real-time-stocks-mds\\data\\s3_downloads/TSLA_1772075297.json', 'D:\\ADF_folder\\real-time-stocks-mds\\data\\s3_downloads/TSLA_1772075330.json', 'D:\\ADF_folder\\real-time-stocks-mds\\data\\s3_downloads/TSLA_1772075362.json', 'D:\\ADF_folder\\real-time-stocks-mds\\data\\s3_downloads/TSLA_1772075395.json', 'D:\\ADF_folder\\real-time-stocks-mds\\data\\s3_downloads/TSLA_1772075428.json', 'D:\\ADF_folder\\real-time-stocks-mds\\data\\s3_downloads/TSLA_1772075461.json', 'D:\\ADF_folder\\real-time-stocks-mds\\data\\s3_downloads/TSLA_1772075494.json', 'D:\\ADF_folder\\real-time-stocks-mds\\data\\s3_downloads/TSLA_1772075527.json', 'D:\\ADF_folder\\real-time-stocks-mds\\data\\s3_downloads/TSLA_1772075560.json', 'D:\\ADF_folder\\real-time-stocks-mds\\data\\s3_downloads/TSLA_1772075594.json', 'D:\\ADF_folder\\real-time-stocks-mds\\data\\s3_downloads/TSLA_1772075627.json', 'D:\\ADF_folder\\real-time-stocks-mds\\data\\s3_downloads/TSLA_1772075660.json', 'D:\\ADF_folder\\real-time-stocks-mds\\data\\s3_downloads/TSLA_1772075693.json', 'D:\\ADF_folder\\real-time-stocks-mds\\data\\s3_downloads/TSLA_1772075726.json', 'D:\\ADF_folder\\real-time-stocks-mds\\data\\s3_downloads/TSLA_1772075759.json', 'D:\\ADF_folder\\real-time-stocks-mds\\data\\s3_downloads/TSLA_1772075792.json', 'D:\\ADF_folder\\real-time-stocks-mds\\data\\s3_downloads/TSLA_1772075824.json', 'D:\\ADF_folder\\real-time-stocks-mds\\data\\s3_downloads/TSLA_1772075857.json', 'D:\\ADF_folder\\real-time-stocks-mds\\data\\s3_downloads/TSLA_1772075890.json', 'D:\\ADF_folder\\real-time-stocks-mds\\data\\s3_downloads/TSLA_1772075923.json', 'D:\\ADF_folder\\real-time-stocks-mds\\data\\s3_downloads/TSLA_1772075956.json', 'D:\\ADF_folder\\real-time-stocks-mds\\data\\s3_downloads/TSLA_1772075989.json', 'D:\\ADF_folder\\real-time-stocks-mds\\data\\s3_downloads/TSLA_1772076021.json', 'D:\\ADF_folder\\real-time-stocks-mds\\data\\s3_downloads/TSLA_1772076055.json', 'D:\\ADF_folder\\real-time-stocks-mds\\data\\s3_downloads/TSLA_1772076088.json', 'D:\\ADF_folder\\real-time-stocks-mds\\data\\s3_downloads/TSLA_1772076121.json', 'D:\\ADF_folder\\real-time-stocks-mds\\data\\s3_downloads/TSLA_1772076154.json', 'D:\\ADF_folder\\real-time-stocks-mds\\data\\s3_downloads/TSLA_1772076187.json', 'D:\\ADF_folder\\real-time-stocks-mds\\data\\s3_downloads/TSLA_1772076220.json', 'D:\\ADF_folder\\real-time-stocks-mds\\data\\s3_downloads/TSLA_1772076253.json', 'D:\\ADF_folder\\real-time-stocks-mds\\data\\s3_downloads/TSLA_1772076285.json', 'D:\\ADF_folder\\real-time-stocks-mds\\data\\s3_downloads/TSLA_1772076318.json', 'D:\\ADF_folder\\real-time-stocks-mds\\data\\s3_downloads/TSLA_1772076351.json', 'D:\\ADF_folder\\real-time-stocks-mds\\data\\s3_downloads/TSLA_1772076384.json', 'D:\\ADF_folder\\real-time-stocks-mds\\data\\s3_downloads/TSLA_1772076417.json', 'D:\\ADF_folder\\real-time-stocks-mds\\data\\s3_downloads/TSLA_1772076451.json', 'D:\\ADF_folder\\real-time-stocks-mds\\data\\s3_downloads/TSLA_1772076484.json', 'D:\\ADF_folder\\real-time-stocks-mds\\data\\s3_downloads/TSLA_1772076516.json', 'D:\\ADF_folder\\real-time-stocks-mds\\data\\s3_downloads/TSLA_1772076549.json', 'D:\\ADF_folder\\real-time-stocks-mds\\data\\s3_downloads/TSLA_1772076582.json', 'D:\\ADF_folder\\real-time-stocks-mds\\data\\s3_downloads/TSLA_1772076615.json', 'D:\\ADF_folder\\real-time-stocks-mds\\data\\s3_downloads/TSLA_1772076648.json', 'D:\\ADF_folder\\real-time-stocks-mds\\data\\s3_downloads/TSLA_1772076681.json', 'D:\\ADF_folder\\real-time-stocks-mds\\data\\s3_downloads/TSLA_1772076714.json', 'D:\\ADF_folder\\real-time-stocks-mds\\data\\s3_downloads/TSLA_1772076747.json', 'D:\\ADF_folder\\real-time-stocks-mds\\data\\s3_downloads/TSLA_1772076780.json', 'D:\\ADF_folder\\real-time-stocks-mds\\data\\s3_downloads/TSLA_1772076813.json', 'D:\\ADF_folder\\real-time-stocks-mds\\data\\s3_downloads/TSLA_1772076846.json', 'D:\\ADF_folder\\real-time-stocks-mds\\data\\s3_downloads/TSLA_1772076879.json', 'D:\\ADF_folder\\real-time-stocks-mds\\data\\s3_downloads/TSLA_1772076912.json', 'D:\\ADF_folder\\real-time-stocks-mds\\data\\s3_downloads/TSLA_1772076945.json', 'D:\\ADF_folder\\real-time-stocks-mds\\data\\s3_downloads/TSLA_1772076978.json', 'D:\\ADF_folder\\real-time-stocks-mds\\data\\s3_downloads/TSLA_1772077011.json', 'D:\\ADF_folder\\real-time-stocks-mds\\data\\s3_downloads/TSLA_1772077044.json', 'D:\\ADF_folder\\real-time-stocks-mds\\data\\s3_downloads/TSLA_1772077077.json', 'D:\\ADF_folder\\real-time-stocks-mds\\data\\s3_downloads/TSLA_1772077110.json', 'D:\\ADF_folder\\real-time-stocks-mds\\data\\s3_downloads/TSLA_1772077143.json', 'D:\\ADF_folder\\real-time-stocks-mds\\data\\s3_downloads/TSLA_1772077176.json', 'D:\\ADF_folder\\real-time-stocks-mds\\data\\s3_downloads/TSLA_1772077210.json', 'D:\\ADF_folder\\real-time-stocks-mds\\data\\s3_downloads/TSLA_1772077242.json', 'D:\\ADF_folder\\real-time-stocks-mds\\data\\s3_downloads/TSLA_1772077275.json', 'D:\\ADF_folder\\real-time-stocks-mds\\data\\s3_downloads/TSLA_1772077309.json', 'D:\\ADF_folder\\real-time-stocks-mds\\data\\s3_downloads/TSLA_1772077341.json', 'D:\\ADF_folder\\real-time-stocks-mds\\data\\s3_downloads/TSLA_1772077375.json', 'D:\\ADF_folder\\real-time-stocks-mds\\data\\s3_downloads/TSLA_1772077408.json', 'D:\\ADF_folder\\real-time-stocks-mds\\data\\s3_downloads/TSLA_1772077441.json', 'D:\\ADF_folder\\real-time-stocks-mds\\data\\s3_downloads/TSLA_1772077474.json', 'D:\\ADF_folder\\real-time-stocks-mds\\data\\s3_downloads/TSLA_1772077507.json', 'D:\\ADF_folder\\real-time-stocks-mds\\data\\s3_downloads/TSLA_1772077539.json', 'D:\\ADF_folder\\real-time-stocks-mds\\data\\s3_downloads/TSLA_1772077572.json', 'D:\\ADF_folder\\real-time-stocks-mds\\data\\s3_downloads/TSLA_1772077605.json', 'D:\\ADF_folder\\real-time-stocks-mds\\data\\s3_downloads/TSLA_1772077638.json', 'D:\\ADF_folder\\real-time-stocks-mds\\data\\s3_downloads/TSLA_1772077671.json', 'D:\\ADF_folder\\real-time-stocks-mds\\data\\s3_downloads/TSLA_1772077704.json', 'D:\\ADF_folder\\real-time-stocks-mds\\data\\s3_downloads/TSLA_1772077737.json', 'D:\\ADF_folder\\real-time-stocks-mds\\data\\s3_downloads/TSLA_1772077770.json', 'D:\\ADF_folder\\real-time-stocks-mds\\data\\s3_downloads/TSLA_1772077803.json', 'D:\\ADF_folder\\real-time-stocks-mds\\data\\s3_downloads/TSLA_1772077836.json', 'D:\\ADF_folder\\real-time-stocks-mds\\data\\s3_downloads/TSLA_1772077869.json', 'D:\\ADF_folder\\real-time-stocks-mds\\data\\s3_downloads/TSLA_1772077901.json', 'D:\\ADF_folder\\real-time-stocks-mds\\data\\s3_downloads/TSLA_1772077934.json', 'D:\\ADF_folder\\real-time-stocks-mds\\data\\s3_downloads/TSLA_1772077967.json', 'D:\\ADF_folder\\real-time-stocks-mds\\data\\s3_downloads/TSLA_1772078000.json', 'D:\\ADF_folder\\real-time-stocks-mds\\data\\s3_downloads/TSLA_1772078033.json', 'D:\\ADF_folder\\real-time-stocks-mds\\data\\s3_downloads/TSLA_1772078065.json', 'D:\\ADF_folder\\real-time-stocks-mds\\data\\s3_downloads/TSLA_1772078098.json', 'D:\\ADF_folder\\real-time-stocks-mds\\data\\s3_downloads/TSLA_1772078132.json', 'D:\\ADF_folder\\real-time-stocks-mds\\data\\s3_downloads/TSLA_1772078165.json', 'D:\\ADF_folder\\real-time-stocks-mds\\data\\s3_downloads/TSLA_1772078198.json', 'D:\\ADF_folder\\real-time-stocks-mds\\data\\s3_downloads/TSLA_1772078230.json', 'D:\\ADF_folder\\real-time-stocks-mds\\data\\s3_downloads/TSLA_1772078264.json', 'D:\\ADF_folder\\real-time-stocks-mds\\data\\s3_downloads/TSLA_1772078297.json', 'D:\\ADF_folder\\real-time-stocks-mds\\data\\s3_downloads/TSLA_1772078329.json', 'D:\\ADF_folder\\real-time-stocks-mds\\data\\s3_downloads/TSLA_1772078362.json', 'D:\\ADF_folder\\real-time-stocks-mds\\data\\s3_downloads/TSLA_1772078395.json', 'D:\\ADF_folder\\real-time-stocks-mds\\data\\s3_downloads/TSLA_1772078429.json', 'D:\\ADF_folder\\real-time-stocks-mds\\data\\s3_downloads/TSLA_1772078462.json', 'D:\\ADF_folder\\real-time-stocks-mds\\data\\s3_downloads/TSLA_1772078496.json', 'D:\\ADF_folder\\real-time-stocks-mds\\data\\s3_downloads/TSLA_1772078529.json', 'D:\\ADF_folder\\real-time-stocks-mds\\data\\s3_downloads/TSLA_1772078562.json', 'D:\\ADF_folder\\real-time-stocks-mds\\data\\s3_downloads/TSLA_1772078595.json', 'D:\\ADF_folder\\real-time-stocks-mds\\data\\s3_downloads/TSLA_1772078628.json', 'D:\\ADF_folder\\real-time-stocks-mds\\data\\s3_downloads/TSLA_1772078661.json', 'D:\\ADF_folder\\real-time-stocks-mds\\data\\s3_downloads/TSLA_1772078694.json', 'D:\\ADF_folder\\real-time-stocks-mds\\data\\s3_downloads/TSLA_1772078727.json', 'D:\\ADF_folder\\real-time-stocks-mds\\data\\s3_downloads/TSLA_1772078760.json', 'D:\\ADF_folder\\real-time-stocks-mds\\data\\s3_downloads/TSLA_1772078793.json', 'D:\\ADF_folder\\real-time-stocks-mds\\data\\s3_downloads/TSLA_1772078826.json', 'D:\\ADF_folder\\real-time-stocks-mds\\data\\s3_downloads/TSLA_1772078859.json', 'D:\\ADF_folder\\real-time-stocks-mds\\data\\s3_downloads/TSLA_1772078891.json', 'D:\\ADF_folder\\real-time-stocks-mds\\data\\s3_downloads/TSLA_1772078924.json', 'D:\\ADF_folder\\real-time-stocks-mds\\data\\s3_downloads/TSLA_1772078957.json', 'D:\\ADF_folder\\real-time-stocks-mds\\data\\s3_downloads/TSLA_1772078990.json', 'D:\\ADF_folder\\real-time-stocks-mds\\data\\s3_downloads/TSLA_1772079024.json', 'D:\\ADF_folder\\real-time-stocks-mds\\data\\s3_downloads/TSLA_1772079057.json', 'D:\\ADF_folder\\real-time-stocks-mds\\data\\s3_downloads/TSLA_1772079090.json', 'D:\\ADF_folder\\real-time-stocks-mds\\data\\s3_downloads/TSLA_1772079123.json', 'D:\\ADF_folder\\real-time-stocks-mds\\data\\s3_downloads/TSLA_1772079156.json', 'D:\\ADF_folder\\real-time-stocks-mds\\data\\s3_downloads/TSLA_1772079189.json', 'D:\\ADF_folder\\real-time-stocks-mds\\data\\s3_downloads/TSLA_1772079223.json', 'D:\\ADF_folder\\real-time-stocks-mds\\data\\s3_downloads/TSLA_1772079255.json', 'D:\\ADF_folder\\real-time-stocks-mds\\data\\s3_downloads/TSLA_1772079288.json']
[2026-03-01T06:20:58.316+0000] {taskinstance.py:1138} INFO - Marking task as SUCCESS. dag_id=s3_to_snowflake, task_id=download_s3, execution_date=20260301T061100, start_date=20260301T061203, end_date=20260301T062058
[2026-03-01T06:20:58.382+0000] {local_task_job_runner.py:234} INFO - Task exited with return code 0
[2026-03-01T06:20:58.437+0000] {taskinstance.py:3280} INFO - 1 downstream tasks scheduled from follow-on schedule check
