[2026-03-01T06:11:28.920+0000] {taskinstance.py:1956} INFO - Dependencies all met for dep_context=non-requeueable deps ti=<TaskInstance: s3_to_snowflake.download_s3 scheduled__2026-03-01T06:02:00+00:00 [queued]>
[2026-03-01T06:11:28.954+0000] {taskinstance.py:1956} INFO - Dependencies all met for dep_context=requeueable deps ti=<TaskInstance: s3_to_snowflake.download_s3 scheduled__2026-03-01T06:02:00+00:00 [queued]>
[2026-03-01T06:11:28.956+0000] {taskinstance.py:2170} INFO - Starting attempt 1 of 2
[2026-03-01T06:11:29.009+0000] {taskinstance.py:2191} INFO - Executing <Task(PythonOperator): download_s3> on 2026-03-01 06:02:00+00:00
[2026-03-01T06:11:29.028+0000] {standard_task_runner.py:60} INFO - Started process 57007 to run task
[2026-03-01T06:11:29.044+0000] {standard_task_runner.py:87} INFO - Running: ['***', 'tasks', 'run', 's3_to_snowflake', 'download_s3', 'scheduled__2026-03-01T06:02:00+00:00', '--job-id', '225', '--raw', '--subdir', 'DAGS_FOLDER/s3_to_snowflake.py', '--cfg-path', '/tmp/tmpjhprevy8']
[2026-03-01T06:11:29.059+0000] {standard_task_runner.py:88} INFO - Job 225: Subtask download_s3
[2026-03-01T06:11:29.247+0000] {task_command.py:423} INFO - Running <TaskInstance: s3_to_snowflake.download_s3 scheduled__2026-03-01T06:02:00+00:00 [running]> on host a9cf6eed2116
[2026-03-01T06:11:29.991+0000] {taskinstance.py:2480} INFO - Exporting env vars: AIRFLOW_CTX_DAG_OWNER='***' AIRFLOW_CTX_DAG_ID='s3_to_snowflake' AIRFLOW_CTX_TASK_ID='download_s3' AIRFLOW_CTX_EXECUTION_DATE='2026-03-01T06:02:00+00:00' AIRFLOW_CTX_TRY_NUMBER='1' AIRFLOW_CTX_DAG_RUN_ID='scheduled__2026-03-01T06:02:00+00:00'
[2026-03-01T06:11:30.031+0000] {credentials.py:1147} INFO - Found credentials in environment variables.
[2026-03-01T06:11:30.202+0000] {logging_mixin.py:188} INFO - in the function************************
[2026-03-01T06:11:30.216+0000] {logging_mixin.py:188} INFO - 
Processing prefix: bronze/AAPL/
[2026-03-01T06:11:32.028+0000] {logging_mixin.py:188} INFO - Downloaded bronze/AAPL/1771463612.json -> D:\ADF_folder\real-time-stocks-mds\data\s3_downloads/AAPL_1771463612.json
[2026-03-01T06:11:32.542+0000] {logging_mixin.py:188} INFO - Downloaded bronze/AAPL/1771463645.json -> D:\ADF_folder\real-time-stocks-mds\data\s3_downloads/AAPL_1771463645.json
[2026-03-01T06:11:33.058+0000] {logging_mixin.py:188} INFO - Downloaded bronze/AAPL/1771463678.json -> D:\ADF_folder\real-time-stocks-mds\data\s3_downloads/AAPL_1771463678.json
[2026-03-01T06:11:33.577+0000] {logging_mixin.py:188} INFO - Downloaded bronze/AAPL/1771463711.json -> D:\ADF_folder\real-time-stocks-mds\data\s3_downloads/AAPL_1771463711.json
[2026-03-01T06:11:34.108+0000] {logging_mixin.py:188} INFO - Downloaded bronze/AAPL/1771463744.json -> D:\ADF_folder\real-time-stocks-mds\data\s3_downloads/AAPL_1771463744.json
[2026-03-01T06:11:34.643+0000] {logging_mixin.py:188} INFO - Downloaded bronze/AAPL/1771463777.json -> D:\ADF_folder\real-time-stocks-mds\data\s3_downloads/AAPL_1771463777.json
[2026-03-01T06:11:35.181+0000] {logging_mixin.py:188} INFO - Downloaded bronze/AAPL/1771463810.json -> D:\ADF_folder\real-time-stocks-mds\data\s3_downloads/AAPL_1771463810.json
[2026-03-01T06:11:35.717+0000] {logging_mixin.py:188} INFO - Downloaded bronze/AAPL/1771463843.json -> D:\ADF_folder\real-time-stocks-mds\data\s3_downloads/AAPL_1771463843.json
[2026-03-01T06:11:36.228+0000] {logging_mixin.py:188} INFO - Downloaded bronze/AAPL/1771463876.json -> D:\ADF_folder\real-time-stocks-mds\data\s3_downloads/AAPL_1771463876.json
[2026-03-01T06:11:36.750+0000] {logging_mixin.py:188} INFO - Downloaded bronze/AAPL/1771463909.json -> D:\ADF_folder\real-time-stocks-mds\data\s3_downloads/AAPL_1771463909.json
[2026-03-01T06:11:37.262+0000] {logging_mixin.py:188} INFO - Downloaded bronze/AAPL/1771463942.json -> D:\ADF_folder\real-time-stocks-mds\data\s3_downloads/AAPL_1771463942.json
[2026-03-01T06:11:37.776+0000] {logging_mixin.py:188} INFO - Downloaded bronze/AAPL/1771463975.json -> D:\ADF_folder\real-time-stocks-mds\data\s3_downloads/AAPL_1771463975.json
[2026-03-01T06:11:38.281+0000] {logging_mixin.py:188} INFO - Downloaded bronze/AAPL/1771464008.json -> D:\ADF_folder\real-time-stocks-mds\data\s3_downloads/AAPL_1771464008.json
[2026-03-01T06:11:38.781+0000] {logging_mixin.py:188} INFO - Downloaded bronze/AAPL/1771464042.json -> D:\ADF_folder\real-time-stocks-mds\data\s3_downloads/AAPL_1771464042.json
[2026-03-01T06:11:39.285+0000] {logging_mixin.py:188} INFO - Downloaded bronze/AAPL/1771464075.json -> D:\ADF_folder\real-time-stocks-mds\data\s3_downloads/AAPL_1771464075.json
[2026-03-01T06:11:39.785+0000] {logging_mixin.py:188} INFO - Downloaded bronze/AAPL/1771464108.json -> D:\ADF_folder\real-time-stocks-mds\data\s3_downloads/AAPL_1771464108.json
[2026-03-01T06:11:40.277+0000] {logging_mixin.py:188} INFO - Downloaded bronze/AAPL/1771464141.json -> D:\ADF_folder\real-time-stocks-mds\data\s3_downloads/AAPL_1771464141.json
[2026-03-01T06:11:40.783+0000] {logging_mixin.py:188} INFO - Downloaded bronze/AAPL/1771464174.json -> D:\ADF_folder\real-time-stocks-mds\data\s3_downloads/AAPL_1771464174.json
[2026-03-01T06:11:41.290+0000] {logging_mixin.py:188} INFO - Downloaded bronze/AAPL/1771464207.json -> D:\ADF_folder\real-time-stocks-mds\data\s3_downloads/AAPL_1771464207.json
[2026-03-01T06:11:41.789+0000] {logging_mixin.py:188} INFO - Downloaded bronze/AAPL/1771464240.json -> D:\ADF_folder\real-time-stocks-mds\data\s3_downloads/AAPL_1771464240.json
[2026-03-01T06:11:42.290+0000] {logging_mixin.py:188} INFO - Downloaded bronze/AAPL/1771464273.json -> D:\ADF_folder\real-time-stocks-mds\data\s3_downloads/AAPL_1771464273.json
[2026-03-01T06:11:42.782+0000] {logging_mixin.py:188} INFO - Downloaded bronze/AAPL/1771464306.json -> D:\ADF_folder\real-time-stocks-mds\data\s3_downloads/AAPL_1771464306.json
[2026-03-01T06:11:43.277+0000] {logging_mixin.py:188} INFO - Downloaded bronze/AAPL/1771465239.json -> D:\ADF_folder\real-time-stocks-mds\data\s3_downloads/AAPL_1771465239.json
[2026-03-01T06:11:43.782+0000] {logging_mixin.py:188} INFO - Downloaded bronze/AAPL/1771465272.json -> D:\ADF_folder\real-time-stocks-mds\data\s3_downloads/AAPL_1771465272.json
[2026-03-01T06:11:44.281+0000] {logging_mixin.py:188} INFO - Downloaded bronze/AAPL/1771465305.json -> D:\ADF_folder\real-time-stocks-mds\data\s3_downloads/AAPL_1771465305.json
[2026-03-01T06:11:44.796+0000] {logging_mixin.py:188} INFO - Downloaded bronze/AAPL/1771465338.json -> D:\ADF_folder\real-time-stocks-mds\data\s3_downloads/AAPL_1771465338.json
[2026-03-01T06:11:45.300+0000] {logging_mixin.py:188} INFO - Downloaded bronze/AAPL/1771465371.json -> D:\ADF_folder\real-time-stocks-mds\data\s3_downloads/AAPL_1771465371.json
[2026-03-01T06:11:45.795+0000] {logging_mixin.py:188} INFO - Downloaded bronze/AAPL/1771465404.json -> D:\ADF_folder\real-time-stocks-mds\data\s3_downloads/AAPL_1771465404.json
[2026-03-01T06:11:46.287+0000] {logging_mixin.py:188} INFO - Downloaded bronze/AAPL/1771465437.json -> D:\ADF_folder\real-time-stocks-mds\data\s3_downloads/AAPL_1771465437.json
[2026-03-01T06:11:46.779+0000] {logging_mixin.py:188} INFO - Downloaded bronze/AAPL/1771465470.json -> D:\ADF_folder\real-time-stocks-mds\data\s3_downloads/AAPL_1771465470.json
[2026-03-01T06:11:47.270+0000] {logging_mixin.py:188} INFO - Downloaded bronze/AAPL/1771465503.json -> D:\ADF_folder\real-time-stocks-mds\data\s3_downloads/AAPL_1771465503.json
[2026-03-01T06:11:47.713+0000] {logging_mixin.py:188} INFO - Downloaded bronze/AAPL/1771465536.json -> D:\ADF_folder\real-time-stocks-mds\data\s3_downloads/AAPL_1771465536.json
[2026-03-01T06:11:48.142+0000] {logging_mixin.py:188} INFO - Downloaded bronze/AAPL/1771465569.json -> D:\ADF_folder\real-time-stocks-mds\data\s3_downloads/AAPL_1771465569.json
[2026-03-01T06:11:48.578+0000] {logging_mixin.py:188} INFO - Downloaded bronze/AAPL/1772074550.json -> D:\ADF_folder\real-time-stocks-mds\data\s3_downloads/AAPL_1772074550.json
[2026-03-01T06:11:49.018+0000] {logging_mixin.py:188} INFO - Downloaded bronze/AAPL/1772074583.json -> D:\ADF_folder\real-time-stocks-mds\data\s3_downloads/AAPL_1772074583.json
[2026-03-01T06:11:49.456+0000] {logging_mixin.py:188} INFO - Downloaded bronze/AAPL/1772074616.json -> D:\ADF_folder\real-time-stocks-mds\data\s3_downloads/AAPL_1772074616.json
[2026-03-01T06:11:49.897+0000] {logging_mixin.py:188} INFO - Downloaded bronze/AAPL/1772074649.json -> D:\ADF_folder\real-time-stocks-mds\data\s3_downloads/AAPL_1772074649.json
[2026-03-01T06:11:50.336+0000] {logging_mixin.py:188} INFO - Downloaded bronze/AAPL/1772074683.json -> D:\ADF_folder\real-time-stocks-mds\data\s3_downloads/AAPL_1772074683.json
[2026-03-01T06:11:50.773+0000] {logging_mixin.py:188} INFO - Downloaded bronze/AAPL/1772074715.json -> D:\ADF_folder\real-time-stocks-mds\data\s3_downloads/AAPL_1772074715.json
[2026-03-01T06:11:51.207+0000] {logging_mixin.py:188} INFO - Downloaded bronze/AAPL/1772074748.json -> D:\ADF_folder\real-time-stocks-mds\data\s3_downloads/AAPL_1772074748.json
[2026-03-01T06:11:51.646+0000] {logging_mixin.py:188} INFO - Downloaded bronze/AAPL/1772074781.json -> D:\ADF_folder\real-time-stocks-mds\data\s3_downloads/AAPL_1772074781.json
[2026-03-01T06:11:52.108+0000] {logging_mixin.py:188} INFO - Downloaded bronze/AAPL/1772074815.json -> D:\ADF_folder\real-time-stocks-mds\data\s3_downloads/AAPL_1772074815.json
[2026-03-01T06:11:51.750+0000] {logging_mixin.py:188} INFO - Downloaded bronze/AAPL/1772074848.json -> D:\ADF_folder\real-time-stocks-mds\data\s3_downloads/AAPL_1772074848.json
[2026-03-01T06:11:52.211+0000] {logging_mixin.py:188} INFO - Downloaded bronze/AAPL/1772074881.json -> D:\ADF_folder\real-time-stocks-mds\data\s3_downloads/AAPL_1772074881.json
[2026-03-01T06:11:52.682+0000] {logging_mixin.py:188} INFO - Downloaded bronze/AAPL/1772074914.json -> D:\ADF_folder\real-time-stocks-mds\data\s3_downloads/AAPL_1772074914.json
[2026-03-01T06:11:53.154+0000] {logging_mixin.py:188} INFO - Downloaded bronze/AAPL/1772074947.json -> D:\ADF_folder\real-time-stocks-mds\data\s3_downloads/AAPL_1772074947.json
[2026-03-01T06:11:53.629+0000] {logging_mixin.py:188} INFO - Downloaded bronze/AAPL/1772074980.json -> D:\ADF_folder\real-time-stocks-mds\data\s3_downloads/AAPL_1772074980.json
[2026-03-01T06:11:54.096+0000] {logging_mixin.py:188} INFO - Downloaded bronze/AAPL/1772075013.json -> D:\ADF_folder\real-time-stocks-mds\data\s3_downloads/AAPL_1772075013.json
[2026-03-01T06:11:54.563+0000] {logging_mixin.py:188} INFO - Downloaded bronze/AAPL/1772075046.json -> D:\ADF_folder\real-time-stocks-mds\data\s3_downloads/AAPL_1772075046.json
[2026-03-01T06:11:55.693+0000] {logging_mixin.py:188} INFO - Downloaded bronze/AAPL/1772075079.json -> D:\ADF_folder\real-time-stocks-mds\data\s3_downloads/AAPL_1772075079.json
[2026-03-01T06:11:56.170+0000] {logging_mixin.py:188} INFO - Downloaded bronze/AAPL/1772075112.json -> D:\ADF_folder\real-time-stocks-mds\data\s3_downloads/AAPL_1772075112.json
[2026-03-01T06:11:56.655+0000] {logging_mixin.py:188} INFO - Downloaded bronze/AAPL/1772075145.json -> D:\ADF_folder\real-time-stocks-mds\data\s3_downloads/AAPL_1772075145.json
[2026-03-01T06:11:57.136+0000] {logging_mixin.py:188} INFO - Downloaded bronze/AAPL/1772075178.json -> D:\ADF_folder\real-time-stocks-mds\data\s3_downloads/AAPL_1772075178.json
[2026-03-01T06:11:57.619+0000] {logging_mixin.py:188} INFO - Downloaded bronze/AAPL/1772075211.json -> D:\ADF_folder\real-time-stocks-mds\data\s3_downloads/AAPL_1772075211.json
[2026-03-01T06:11:58.095+0000] {logging_mixin.py:188} INFO - Downloaded bronze/AAPL/1772075244.json -> D:\ADF_folder\real-time-stocks-mds\data\s3_downloads/AAPL_1772075244.json
[2026-03-01T06:11:58.557+0000] {logging_mixin.py:188} INFO - Downloaded bronze/AAPL/1772075277.json -> D:\ADF_folder\real-time-stocks-mds\data\s3_downloads/AAPL_1772075277.json
[2026-03-01T06:11:59.022+0000] {logging_mixin.py:188} INFO - Downloaded bronze/AAPL/1772075310.json -> D:\ADF_folder\real-time-stocks-mds\data\s3_downloads/AAPL_1772075310.json
[2026-03-01T06:11:59.483+0000] {logging_mixin.py:188} INFO - Downloaded bronze/AAPL/1772075343.json -> D:\ADF_folder\real-time-stocks-mds\data\s3_downloads/AAPL_1772075343.json
[2026-03-01T06:11:59.949+0000] {logging_mixin.py:188} INFO - Downloaded bronze/AAPL/1772075376.json -> D:\ADF_folder\real-time-stocks-mds\data\s3_downloads/AAPL_1772075376.json
[2026-03-01T06:12:00.419+0000] {logging_mixin.py:188} INFO - Downloaded bronze/AAPL/1772075409.json -> D:\ADF_folder\real-time-stocks-mds\data\s3_downloads/AAPL_1772075409.json
[2026-03-01T06:12:00.897+0000] {logging_mixin.py:188} INFO - Downloaded bronze/AAPL/1772075441.json -> D:\ADF_folder\real-time-stocks-mds\data\s3_downloads/AAPL_1772075441.json
[2026-03-01T06:12:01.381+0000] {logging_mixin.py:188} INFO - Downloaded bronze/AAPL/1772075474.json -> D:\ADF_folder\real-time-stocks-mds\data\s3_downloads/AAPL_1772075474.json
[2026-03-01T06:12:01.863+0000] {logging_mixin.py:188} INFO - Downloaded bronze/AAPL/1772075507.json -> D:\ADF_folder\real-time-stocks-mds\data\s3_downloads/AAPL_1772075507.json
[2026-03-01T06:12:02.310+0000] {logging_mixin.py:188} INFO - Downloaded bronze/AAPL/1772075540.json -> D:\ADF_folder\real-time-stocks-mds\data\s3_downloads/AAPL_1772075540.json
[2026-03-01T06:12:02.683+0000] {logging_mixin.py:188} INFO - Downloaded bronze/AAPL/1772075573.json -> D:\ADF_folder\real-time-stocks-mds\data\s3_downloads/AAPL_1772075573.json
[2026-03-01T06:12:03.050+0000] {logging_mixin.py:188} INFO - Downloaded bronze/AAPL/1772075607.json -> D:\ADF_folder\real-time-stocks-mds\data\s3_downloads/AAPL_1772075607.json
[2026-03-01T06:12:03.421+0000] {logging_mixin.py:188} INFO - Downloaded bronze/AAPL/1772075640.json -> D:\ADF_folder\real-time-stocks-mds\data\s3_downloads/AAPL_1772075640.json
[2026-03-01T06:12:03.810+0000] {logging_mixin.py:188} INFO - Downloaded bronze/AAPL/1772075673.json -> D:\ADF_folder\real-time-stocks-mds\data\s3_downloads/AAPL_1772075673.json
[2026-03-01T06:12:04.225+0000] {logging_mixin.py:188} INFO - Downloaded bronze/AAPL/1772075706.json -> D:\ADF_folder\real-time-stocks-mds\data\s3_downloads/AAPL_1772075706.json
[2026-03-01T06:12:04.631+0000] {logging_mixin.py:188} INFO - Downloaded bronze/AAPL/1772075739.json -> D:\ADF_folder\real-time-stocks-mds\data\s3_downloads/AAPL_1772075739.json
[2026-03-01T06:12:05.038+0000] {logging_mixin.py:188} INFO - Downloaded bronze/AAPL/1772075772.json -> D:\ADF_folder\real-time-stocks-mds\data\s3_downloads/AAPL_1772075772.json
[2026-03-01T06:12:05.444+0000] {logging_mixin.py:188} INFO - Downloaded bronze/AAPL/1772075805.json -> D:\ADF_folder\real-time-stocks-mds\data\s3_downloads/AAPL_1772075805.json
[2026-03-01T06:12:05.848+0000] {logging_mixin.py:188} INFO - Downloaded bronze/AAPL/1772075838.json -> D:\ADF_folder\real-time-stocks-mds\data\s3_downloads/AAPL_1772075838.json
[2026-03-01T06:12:06.257+0000] {logging_mixin.py:188} INFO - Downloaded bronze/AAPL/1772075870.json -> D:\ADF_folder\real-time-stocks-mds\data\s3_downloads/AAPL_1772075870.json
[2026-03-01T06:12:06.664+0000] {logging_mixin.py:188} INFO - Downloaded bronze/AAPL/1772075903.json -> D:\ADF_folder\real-time-stocks-mds\data\s3_downloads/AAPL_1772075903.json
[2026-03-01T06:12:07.055+0000] {logging_mixin.py:188} INFO - Downloaded bronze/AAPL/1772075936.json -> D:\ADF_folder\real-time-stocks-mds\data\s3_downloads/AAPL_1772075936.json
[2026-03-01T06:12:07.449+0000] {logging_mixin.py:188} INFO - Downloaded bronze/AAPL/1772075969.json -> D:\ADF_folder\real-time-stocks-mds\data\s3_downloads/AAPL_1772075969.json
[2026-03-01T06:12:07.850+0000] {logging_mixin.py:188} INFO - Downloaded bronze/AAPL/1772076002.json -> D:\ADF_folder\real-time-stocks-mds\data\s3_downloads/AAPL_1772076002.json
[2026-03-01T06:12:08.247+0000] {logging_mixin.py:188} INFO - Downloaded bronze/AAPL/1772076035.json -> D:\ADF_folder\real-time-stocks-mds\data\s3_downloads/AAPL_1772076035.json
[2026-03-01T06:12:08.644+0000] {logging_mixin.py:188} INFO - Downloaded bronze/AAPL/1772076068.json -> D:\ADF_folder\real-time-stocks-mds\data\s3_downloads/AAPL_1772076068.json
[2026-03-01T06:12:09.044+0000] {logging_mixin.py:188} INFO - Downloaded bronze/AAPL/1772076101.json -> D:\ADF_folder\real-time-stocks-mds\data\s3_downloads/AAPL_1772076101.json
[2026-03-01T06:12:09.447+0000] {logging_mixin.py:188} INFO - Downloaded bronze/AAPL/1772076134.json -> D:\ADF_folder\real-time-stocks-mds\data\s3_downloads/AAPL_1772076134.json
[2026-03-01T06:12:09.841+0000] {logging_mixin.py:188} INFO - Downloaded bronze/AAPL/1772076167.json -> D:\ADF_folder\real-time-stocks-mds\data\s3_downloads/AAPL_1772076167.json
[2026-03-01T06:12:10.243+0000] {logging_mixin.py:188} INFO - Downloaded bronze/AAPL/1772076200.json -> D:\ADF_folder\real-time-stocks-mds\data\s3_downloads/AAPL_1772076200.json
[2026-03-01T06:12:10.640+0000] {logging_mixin.py:188} INFO - Downloaded bronze/AAPL/1772076233.json -> D:\ADF_folder\real-time-stocks-mds\data\s3_downloads/AAPL_1772076233.json
[2026-03-01T06:12:11.041+0000] {logging_mixin.py:188} INFO - Downloaded bronze/AAPL/1772076266.json -> D:\ADF_folder\real-time-stocks-mds\data\s3_downloads/AAPL_1772076266.json
[2026-03-01T06:12:11.453+0000] {logging_mixin.py:188} INFO - Downloaded bronze/AAPL/1772076298.json -> D:\ADF_folder\real-time-stocks-mds\data\s3_downloads/AAPL_1772076298.json
[2026-03-01T06:12:11.863+0000] {logging_mixin.py:188} INFO - Downloaded bronze/AAPL/1772076331.json -> D:\ADF_folder\real-time-stocks-mds\data\s3_downloads/AAPL_1772076331.json
[2026-03-01T06:12:12.266+0000] {logging_mixin.py:188} INFO - Downloaded bronze/AAPL/1772076364.json -> D:\ADF_folder\real-time-stocks-mds\data\s3_downloads/AAPL_1772076364.json
[2026-03-01T06:12:12.724+0000] {logging_mixin.py:188} INFO - Downloaded bronze/AAPL/1772076397.json -> D:\ADF_folder\real-time-stocks-mds\data\s3_downloads/AAPL_1772076397.json
[2026-03-01T06:12:13.174+0000] {logging_mixin.py:188} INFO - Downloaded bronze/AAPL/1772076431.json -> D:\ADF_folder\real-time-stocks-mds\data\s3_downloads/AAPL_1772076431.json
[2026-03-01T06:12:13.586+0000] {logging_mixin.py:188} INFO - Downloaded bronze/AAPL/1772076464.json -> D:\ADF_folder\real-time-stocks-mds\data\s3_downloads/AAPL_1772076464.json
[2026-03-01T06:12:13.982+0000] {logging_mixin.py:188} INFO - Downloaded bronze/AAPL/1772076497.json -> D:\ADF_folder\real-time-stocks-mds\data\s3_downloads/AAPL_1772076497.json
[2026-03-01T06:12:14.376+0000] {logging_mixin.py:188} INFO - Downloaded bronze/AAPL/1772076530.json -> D:\ADF_folder\real-time-stocks-mds\data\s3_downloads/AAPL_1772076530.json
[2026-03-01T06:12:14.776+0000] {logging_mixin.py:188} INFO - Downloaded bronze/AAPL/1772076563.json -> D:\ADF_folder\real-time-stocks-mds\data\s3_downloads/AAPL_1772076563.json
[2026-03-01T06:12:15.173+0000] {logging_mixin.py:188} INFO - Downloaded bronze/AAPL/1772076595.json -> D:\ADF_folder\real-time-stocks-mds\data\s3_downloads/AAPL_1772076595.json
[2026-03-01T06:12:15.566+0000] {logging_mixin.py:188} INFO - Downloaded bronze/AAPL/1772076628.json -> D:\ADF_folder\real-time-stocks-mds\data\s3_downloads/AAPL_1772076628.json
[2026-03-01T06:12:15.961+0000] {logging_mixin.py:188} INFO - Downloaded bronze/AAPL/1772076661.json -> D:\ADF_folder\real-time-stocks-mds\data\s3_downloads/AAPL_1772076661.json
[2026-03-01T06:12:16.359+0000] {logging_mixin.py:188} INFO - Downloaded bronze/AAPL/1772076694.json -> D:\ADF_folder\real-time-stocks-mds\data\s3_downloads/AAPL_1772076694.json
[2026-03-01T06:12:17.159+0000] {logging_mixin.py:188} INFO - Downloaded bronze/AAPL/1772076727.json -> D:\ADF_folder\real-time-stocks-mds\data\s3_downloads/AAPL_1772076727.json
[2026-03-01T06:12:17.526+0000] {logging_mixin.py:188} INFO - Downloaded bronze/AAPL/1772076760.json -> D:\ADF_folder\real-time-stocks-mds\data\s3_downloads/AAPL_1772076760.json
[2026-03-01T06:12:17.891+0000] {logging_mixin.py:188} INFO - Downloaded bronze/AAPL/1772076793.json -> D:\ADF_folder\real-time-stocks-mds\data\s3_downloads/AAPL_1772076793.json
[2026-03-01T06:12:18.257+0000] {logging_mixin.py:188} INFO - Downloaded bronze/AAPL/1772076826.json -> D:\ADF_folder\real-time-stocks-mds\data\s3_downloads/AAPL_1772076826.json
[2026-03-01T06:12:18.619+0000] {logging_mixin.py:188} INFO - Downloaded bronze/AAPL/1772076859.json -> D:\ADF_folder\real-time-stocks-mds\data\s3_downloads/AAPL_1772076859.json
[2026-03-01T06:12:18.989+0000] {logging_mixin.py:188} INFO - Downloaded bronze/AAPL/1772076892.json -> D:\ADF_folder\real-time-stocks-mds\data\s3_downloads/AAPL_1772076892.json
[2026-03-01T06:12:19.362+0000] {logging_mixin.py:188} INFO - Downloaded bronze/AAPL/1772076925.json -> D:\ADF_folder\real-time-stocks-mds\data\s3_downloads/AAPL_1772076925.json
[2026-03-01T06:12:19.740+0000] {logging_mixin.py:188} INFO - Downloaded bronze/AAPL/1772076958.json -> D:\ADF_folder\real-time-stocks-mds\data\s3_downloads/AAPL_1772076958.json
[2026-03-01T06:12:20.108+0000] {logging_mixin.py:188} INFO - Downloaded bronze/AAPL/1772076991.json -> D:\ADF_folder\real-time-stocks-mds\data\s3_downloads/AAPL_1772076991.json
[2026-03-01T06:12:20.485+0000] {logging_mixin.py:188} INFO - Downloaded bronze/AAPL/1772077025.json -> D:\ADF_folder\real-time-stocks-mds\data\s3_downloads/AAPL_1772077025.json
[2026-03-01T06:12:20.869+0000] {logging_mixin.py:188} INFO - Downloaded bronze/AAPL/1772077058.json -> D:\ADF_folder\real-time-stocks-mds\data\s3_downloads/AAPL_1772077058.json
[2026-03-01T06:12:21.243+0000] {logging_mixin.py:188} INFO - Downloaded bronze/AAPL/1772077091.json -> D:\ADF_folder\real-time-stocks-mds\data\s3_downloads/AAPL_1772077091.json
[2026-03-01T06:12:21.614+0000] {logging_mixin.py:188} INFO - Downloaded bronze/AAPL/1772077123.json -> D:\ADF_folder\real-time-stocks-mds\data\s3_downloads/AAPL_1772077123.json
[2026-03-01T06:12:21.030+0000] {logging_mixin.py:188} INFO - Downloaded bronze/AAPL/1772077157.json -> D:\ADF_folder\real-time-stocks-mds\data\s3_downloads/AAPL_1772077157.json
[2026-03-01T06:12:21.402+0000] {logging_mixin.py:188} INFO - Downloaded bronze/AAPL/1772077190.json -> D:\ADF_folder\real-time-stocks-mds\data\s3_downloads/AAPL_1772077190.json
[2026-03-01T06:12:21.780+0000] {logging_mixin.py:188} INFO - Downloaded bronze/AAPL/1772077223.json -> D:\ADF_folder\real-time-stocks-mds\data\s3_downloads/AAPL_1772077223.json
[2026-03-01T06:12:22.160+0000] {logging_mixin.py:188} INFO - Downloaded bronze/AAPL/1772077256.json -> D:\ADF_folder\real-time-stocks-mds\data\s3_downloads/AAPL_1772077256.json
[2026-03-01T06:12:22.535+0000] {logging_mixin.py:188} INFO - Downloaded bronze/AAPL/1772077289.json -> D:\ADF_folder\real-time-stocks-mds\data\s3_downloads/AAPL_1772077289.json
[2026-03-01T06:12:22.914+0000] {logging_mixin.py:188} INFO - Downloaded bronze/AAPL/1772077322.json -> D:\ADF_folder\real-time-stocks-mds\data\s3_downloads/AAPL_1772077322.json
[2026-03-01T06:12:23.282+0000] {logging_mixin.py:188} INFO - Downloaded bronze/AAPL/1772077356.json -> D:\ADF_folder\real-time-stocks-mds\data\s3_downloads/AAPL_1772077356.json
[2026-03-01T06:12:23.651+0000] {logging_mixin.py:188} INFO - Downloaded bronze/AAPL/1772077388.json -> D:\ADF_folder\real-time-stocks-mds\data\s3_downloads/AAPL_1772077388.json
[2026-03-01T06:12:24.032+0000] {logging_mixin.py:188} INFO - Downloaded bronze/AAPL/1772077421.json -> D:\ADF_folder\real-time-stocks-mds\data\s3_downloads/AAPL_1772077421.json
[2026-03-01T06:12:24.405+0000] {logging_mixin.py:188} INFO - Downloaded bronze/AAPL/1772077454.json -> D:\ADF_folder\real-time-stocks-mds\data\s3_downloads/AAPL_1772077454.json
[2026-03-01T06:12:24.777+0000] {logging_mixin.py:188} INFO - Downloaded bronze/AAPL/1772077487.json -> D:\ADF_folder\real-time-stocks-mds\data\s3_downloads/AAPL_1772077487.json
[2026-03-01T06:12:25.156+0000] {logging_mixin.py:188} INFO - Downloaded bronze/AAPL/1772077520.json -> D:\ADF_folder\real-time-stocks-mds\data\s3_downloads/AAPL_1772077520.json
[2026-03-01T06:12:25.524+0000] {logging_mixin.py:188} INFO - Downloaded bronze/AAPL/1772077553.json -> D:\ADF_folder\real-time-stocks-mds\data\s3_downloads/AAPL_1772077553.json
[2026-03-01T06:12:25.891+0000] {logging_mixin.py:188} INFO - Downloaded bronze/AAPL/1772077586.json -> D:\ADF_folder\real-time-stocks-mds\data\s3_downloads/AAPL_1772077586.json
[2026-03-01T06:12:26.257+0000] {logging_mixin.py:188} INFO - Downloaded bronze/AAPL/1772077619.json -> D:\ADF_folder\real-time-stocks-mds\data\s3_downloads/AAPL_1772077619.json
[2026-03-01T06:12:26.628+0000] {logging_mixin.py:188} INFO - Downloaded bronze/AAPL/1772077652.json -> D:\ADF_folder\real-time-stocks-mds\data\s3_downloads/AAPL_1772077652.json
[2026-03-01T06:12:27.000+0000] {logging_mixin.py:188} INFO - Downloaded bronze/AAPL/1772077685.json -> D:\ADF_folder\real-time-stocks-mds\data\s3_downloads/AAPL_1772077685.json
[2026-03-01T06:12:27.371+0000] {logging_mixin.py:188} INFO - Downloaded bronze/AAPL/1772077718.json -> D:\ADF_folder\real-time-stocks-mds\data\s3_downloads/AAPL_1772077718.json
[2026-03-01T06:12:27.764+0000] {logging_mixin.py:188} INFO - Downloaded bronze/AAPL/1772077750.json -> D:\ADF_folder\real-time-stocks-mds\data\s3_downloads/AAPL_1772077750.json
[2026-03-01T06:12:28.142+0000] {logging_mixin.py:188} INFO - Downloaded bronze/AAPL/1772077783.json -> D:\ADF_folder\real-time-stocks-mds\data\s3_downloads/AAPL_1772077783.json
[2026-03-01T06:12:28.521+0000] {logging_mixin.py:188} INFO - Downloaded bronze/AAPL/1772077816.json -> D:\ADF_folder\real-time-stocks-mds\data\s3_downloads/AAPL_1772077816.json
[2026-03-01T06:12:28.911+0000] {logging_mixin.py:188} INFO - Downloaded bronze/AAPL/1772077849.json -> D:\ADF_folder\real-time-stocks-mds\data\s3_downloads/AAPL_1772077849.json
[2026-03-01T06:12:29.297+0000] {logging_mixin.py:188} INFO - Downloaded bronze/AAPL/1772077882.json -> D:\ADF_folder\real-time-stocks-mds\data\s3_downloads/AAPL_1772077882.json
[2026-03-01T06:12:29.678+0000] {logging_mixin.py:188} INFO - Downloaded bronze/AAPL/1772077915.json -> D:\ADF_folder\real-time-stocks-mds\data\s3_downloads/AAPL_1772077915.json
[2026-03-01T06:12:30.053+0000] {logging_mixin.py:188} INFO - Downloaded bronze/AAPL/1772077947.json -> D:\ADF_folder\real-time-stocks-mds\data\s3_downloads/AAPL_1772077947.json
[2026-03-01T06:12:30.428+0000] {logging_mixin.py:188} INFO - Downloaded bronze/AAPL/1772077980.json -> D:\ADF_folder\real-time-stocks-mds\data\s3_downloads/AAPL_1772077980.json
[2026-03-01T06:12:30.804+0000] {logging_mixin.py:188} INFO - Downloaded bronze/AAPL/1772078013.json -> D:\ADF_folder\real-time-stocks-mds\data\s3_downloads/AAPL_1772078013.json
[2026-03-01T06:12:31.178+0000] {logging_mixin.py:188} INFO - Downloaded bronze/AAPL/1772078046.json -> D:\ADF_folder\real-time-stocks-mds\data\s3_downloads/AAPL_1772078046.json
[2026-03-01T06:12:31.568+0000] {logging_mixin.py:188} INFO - Downloaded bronze/AAPL/1772078079.json -> D:\ADF_folder\real-time-stocks-mds\data\s3_downloads/AAPL_1772078079.json
[2026-03-01T06:12:31.946+0000] {logging_mixin.py:188} INFO - Downloaded bronze/AAPL/1772078112.json -> D:\ADF_folder\real-time-stocks-mds\data\s3_downloads/AAPL_1772078112.json
[2026-03-01T06:12:32.326+0000] {logging_mixin.py:188} INFO - Downloaded bronze/AAPL/1772078145.json -> D:\ADF_folder\real-time-stocks-mds\data\s3_downloads/AAPL_1772078145.json
[2026-03-01T06:12:32.706+0000] {logging_mixin.py:188} INFO - Downloaded bronze/AAPL/1772078178.json -> D:\ADF_folder\real-time-stocks-mds\data\s3_downloads/AAPL_1772078178.json
[2026-03-01T06:12:33.085+0000] {logging_mixin.py:188} INFO - Downloaded bronze/AAPL/1772078211.json -> D:\ADF_folder\real-time-stocks-mds\data\s3_downloads/AAPL_1772078211.json
[2026-03-01T06:12:33.468+0000] {logging_mixin.py:188} INFO - Downloaded bronze/AAPL/1772078244.json -> D:\ADF_folder\real-time-stocks-mds\data\s3_downloads/AAPL_1772078244.json
[2026-03-01T06:12:33.848+0000] {logging_mixin.py:188} INFO - Downloaded bronze/AAPL/1772078277.json -> D:\ADF_folder\real-time-stocks-mds\data\s3_downloads/AAPL_1772078277.json
[2026-03-01T06:12:34.226+0000] {logging_mixin.py:188} INFO - Downloaded bronze/AAPL/1772078310.json -> D:\ADF_folder\real-time-stocks-mds\data\s3_downloads/AAPL_1772078310.json
[2026-03-01T06:12:34.612+0000] {logging_mixin.py:188} INFO - Downloaded bronze/AAPL/1772078342.json -> D:\ADF_folder\real-time-stocks-mds\data\s3_downloads/AAPL_1772078342.json
[2026-03-01T06:12:35.447+0000] {logging_mixin.py:188} INFO - Downloaded bronze/AAPL/1772078375.json -> D:\ADF_folder\real-time-stocks-mds\data\s3_downloads/AAPL_1772078375.json
[2026-03-01T06:12:35.823+0000] {logging_mixin.py:188} INFO - Downloaded bronze/AAPL/1772078409.json -> D:\ADF_folder\real-time-stocks-mds\data\s3_downloads/AAPL_1772078409.json
[2026-03-01T06:12:36.231+0000] {logging_mixin.py:188} INFO - Downloaded bronze/AAPL/1772078442.json -> D:\ADF_folder\real-time-stocks-mds\data\s3_downloads/AAPL_1772078442.json
[2026-03-01T06:12:36.627+0000] {logging_mixin.py:188} INFO - Downloaded bronze/AAPL/1772078475.json -> D:\ADF_folder\real-time-stocks-mds\data\s3_downloads/AAPL_1772078475.json
[2026-03-01T06:12:37.025+0000] {logging_mixin.py:188} INFO - Downloaded bronze/AAPL/1772078509.json -> D:\ADF_folder\real-time-stocks-mds\data\s3_downloads/AAPL_1772078509.json
[2026-03-01T06:12:37.424+0000] {logging_mixin.py:188} INFO - Downloaded bronze/AAPL/1772078542.json -> D:\ADF_folder\real-time-stocks-mds\data\s3_downloads/AAPL_1772078542.json
[2026-03-01T06:12:37.819+0000] {logging_mixin.py:188} INFO - Downloaded bronze/AAPL/1772078575.json -> D:\ADF_folder\real-time-stocks-mds\data\s3_downloads/AAPL_1772078575.json
[2026-03-01T06:12:38.208+0000] {logging_mixin.py:188} INFO - Downloaded bronze/AAPL/1772078608.json -> D:\ADF_folder\real-time-stocks-mds\data\s3_downloads/AAPL_1772078608.json
[2026-03-01T06:12:38.594+0000] {logging_mixin.py:188} INFO - Downloaded bronze/AAPL/1772078641.json -> D:\ADF_folder\real-time-stocks-mds\data\s3_downloads/AAPL_1772078641.json
[2026-03-01T06:12:38.996+0000] {logging_mixin.py:188} INFO - Downloaded bronze/AAPL/1772078674.json -> D:\ADF_folder\real-time-stocks-mds\data\s3_downloads/AAPL_1772078674.json
[2026-03-01T06:12:39.387+0000] {logging_mixin.py:188} INFO - Downloaded bronze/AAPL/1772078707.json -> D:\ADF_folder\real-time-stocks-mds\data\s3_downloads/AAPL_1772078707.json
[2026-03-01T06:12:39.787+0000] {logging_mixin.py:188} INFO - Downloaded bronze/AAPL/1772078740.json -> D:\ADF_folder\real-time-stocks-mds\data\s3_downloads/AAPL_1772078740.json
[2026-03-01T06:12:40.182+0000] {logging_mixin.py:188} INFO - Downloaded bronze/AAPL/1772078773.json -> D:\ADF_folder\real-time-stocks-mds\data\s3_downloads/AAPL_1772078773.json
[2026-03-01T06:12:40.577+0000] {logging_mixin.py:188} INFO - Downloaded bronze/AAPL/1772078806.json -> D:\ADF_folder\real-time-stocks-mds\data\s3_downloads/AAPL_1772078806.json
[2026-03-01T06:12:40.946+0000] {logging_mixin.py:188} INFO - Downloaded bronze/AAPL/1772078839.json -> D:\ADF_folder\real-time-stocks-mds\data\s3_downloads/AAPL_1772078839.json
[2026-03-01T06:12:41.309+0000] {logging_mixin.py:188} INFO - Downloaded bronze/AAPL/1772078872.json -> D:\ADF_folder\real-time-stocks-mds\data\s3_downloads/AAPL_1772078872.json
[2026-03-01T06:12:41.676+0000] {logging_mixin.py:188} INFO - Downloaded bronze/AAPL/1772078904.json -> D:\ADF_folder\real-time-stocks-mds\data\s3_downloads/AAPL_1772078904.json
[2026-03-01T06:12:42.043+0000] {logging_mixin.py:188} INFO - Downloaded bronze/AAPL/1772078937.json -> D:\ADF_folder\real-time-stocks-mds\data\s3_downloads/AAPL_1772078937.json
[2026-03-01T06:12:42.406+0000] {logging_mixin.py:188} INFO - Downloaded bronze/AAPL/1772078970.json -> D:\ADF_folder\real-time-stocks-mds\data\s3_downloads/AAPL_1772078970.json
[2026-03-01T06:12:42.777+0000] {logging_mixin.py:188} INFO - Downloaded bronze/AAPL/1772079004.json -> D:\ADF_folder\real-time-stocks-mds\data\s3_downloads/AAPL_1772079004.json
[2026-03-01T06:12:43.146+0000] {logging_mixin.py:188} INFO - Downloaded bronze/AAPL/1772079037.json -> D:\ADF_folder\real-time-stocks-mds\data\s3_downloads/AAPL_1772079037.json
[2026-03-01T06:12:43.512+0000] {logging_mixin.py:188} INFO - Downloaded bronze/AAPL/1772079071.json -> D:\ADF_folder\real-time-stocks-mds\data\s3_downloads/AAPL_1772079071.json
[2026-03-01T06:12:43.885+0000] {logging_mixin.py:188} INFO - Downloaded bronze/AAPL/1772079104.json -> D:\ADF_folder\real-time-stocks-mds\data\s3_downloads/AAPL_1772079104.json
[2026-03-01T06:12:44.260+0000] {logging_mixin.py:188} INFO - Downloaded bronze/AAPL/1772079137.json -> D:\ADF_folder\real-time-stocks-mds\data\s3_downloads/AAPL_1772079137.json
[2026-03-01T06:12:44.644+0000] {logging_mixin.py:188} INFO - Downloaded bronze/AAPL/1772079170.json -> D:\ADF_folder\real-time-stocks-mds\data\s3_downloads/AAPL_1772079170.json
[2026-03-01T06:12:45.020+0000] {logging_mixin.py:188} INFO - Downloaded bronze/AAPL/1772079203.json -> D:\ADF_folder\real-time-stocks-mds\data\s3_downloads/AAPL_1772079203.json
[2026-03-01T06:12:45.390+0000] {logging_mixin.py:188} INFO - Downloaded bronze/AAPL/1772079236.json -> D:\ADF_folder\real-time-stocks-mds\data\s3_downloads/AAPL_1772079236.json
[2026-03-01T06:12:45.767+0000] {logging_mixin.py:188} INFO - Downloaded bronze/AAPL/1772079269.json -> D:\ADF_folder\real-time-stocks-mds\data\s3_downloads/AAPL_1772079269.json
[2026-03-01T06:12:45.769+0000] {logging_mixin.py:188} INFO - 
Processing prefix: bronze/GOOGL/
[2026-03-01T06:12:46.555+0000] {logging_mixin.py:188} INFO - Downloaded bronze/GOOGL/1771463605.json -> D:\ADF_folder\real-time-stocks-mds\data\s3_downloads/GOOGL_1771463605.json
[2026-03-01T06:12:46.932+0000] {logging_mixin.py:188} INFO - Downloaded bronze/GOOGL/1771463638.json -> D:\ADF_folder\real-time-stocks-mds\data\s3_downloads/GOOGL_1771463638.json
[2026-03-01T06:12:47.298+0000] {logging_mixin.py:188} INFO - Downloaded bronze/GOOGL/1771463671.json -> D:\ADF_folder\real-time-stocks-mds\data\s3_downloads/GOOGL_1771463671.json
[2026-03-01T06:12:47.668+0000] {logging_mixin.py:188} INFO - Downloaded bronze/GOOGL/1771463704.json -> D:\ADF_folder\real-time-stocks-mds\data\s3_downloads/GOOGL_1771463704.json
[2026-03-01T06:12:48.040+0000] {logging_mixin.py:188} INFO - Downloaded bronze/GOOGL/1771463737.json -> D:\ADF_folder\real-time-stocks-mds\data\s3_downloads/GOOGL_1771463737.json
[2026-03-01T06:12:48.413+0000] {logging_mixin.py:188} INFO - Downloaded bronze/GOOGL/1771463770.json -> D:\ADF_folder\real-time-stocks-mds\data\s3_downloads/GOOGL_1771463770.json
[2026-03-01T06:12:48.786+0000] {logging_mixin.py:188} INFO - Downloaded bronze/GOOGL/1771463803.json -> D:\ADF_folder\real-time-stocks-mds\data\s3_downloads/GOOGL_1771463803.json
[2026-03-01T06:12:49.151+0000] {logging_mixin.py:188} INFO - Downloaded bronze/GOOGL/1771463836.json -> D:\ADF_folder\real-time-stocks-mds\data\s3_downloads/GOOGL_1771463836.json
[2026-03-01T06:12:49.529+0000] {logging_mixin.py:188} INFO - Downloaded bronze/GOOGL/1771463869.json -> D:\ADF_folder\real-time-stocks-mds\data\s3_downloads/GOOGL_1771463869.json
[2026-03-01T06:12:49.908+0000] {logging_mixin.py:188} INFO - Downloaded bronze/GOOGL/1771463902.json -> D:\ADF_folder\real-time-stocks-mds\data\s3_downloads/GOOGL_1771463902.json
[2026-03-01T06:12:50.280+0000] {logging_mixin.py:188} INFO - Downloaded bronze/GOOGL/1771463936.json -> D:\ADF_folder\real-time-stocks-mds\data\s3_downloads/GOOGL_1771463936.json
[2026-03-01T06:12:50.651+0000] {logging_mixin.py:188} INFO - Downloaded bronze/GOOGL/1771463968.json -> D:\ADF_folder\real-time-stocks-mds\data\s3_downloads/GOOGL_1771463968.json
[2026-03-01T06:12:50.146+0000] {logging_mixin.py:188} INFO - Downloaded bronze/GOOGL/1771464002.json -> D:\ADF_folder\real-time-stocks-mds\data\s3_downloads/GOOGL_1771464002.json
[2026-03-01T06:12:50.514+0000] {logging_mixin.py:188} INFO - Downloaded bronze/GOOGL/1771464035.json -> D:\ADF_folder\real-time-stocks-mds\data\s3_downloads/GOOGL_1771464035.json
[2026-03-01T06:12:50.891+0000] {logging_mixin.py:188} INFO - Downloaded bronze/GOOGL/1771464068.json -> D:\ADF_folder\real-time-stocks-mds\data\s3_downloads/GOOGL_1771464068.json
[2026-03-01T06:12:51.270+0000] {logging_mixin.py:188} INFO - Downloaded bronze/GOOGL/1771464101.json -> D:\ADF_folder\real-time-stocks-mds\data\s3_downloads/GOOGL_1771464101.json
[2026-03-01T06:12:51.639+0000] {logging_mixin.py:188} INFO - Downloaded bronze/GOOGL/1771464134.json -> D:\ADF_folder\real-time-stocks-mds\data\s3_downloads/GOOGL_1771464134.json
[2026-03-01T06:12:52.003+0000] {logging_mixin.py:188} INFO - Downloaded bronze/GOOGL/1771464167.json -> D:\ADF_folder\real-time-stocks-mds\data\s3_downloads/GOOGL_1771464167.json
[2026-03-01T06:12:52.364+0000] {logging_mixin.py:188} INFO - Downloaded bronze/GOOGL/1771464200.json -> D:\ADF_folder\real-time-stocks-mds\data\s3_downloads/GOOGL_1771464200.json
[2026-03-01T06:12:52.730+0000] {logging_mixin.py:188} INFO - Downloaded bronze/GOOGL/1771464233.json -> D:\ADF_folder\real-time-stocks-mds\data\s3_downloads/GOOGL_1771464233.json
[2026-03-01T06:12:53.097+0000] {logging_mixin.py:188} INFO - Downloaded bronze/GOOGL/1771464266.json -> D:\ADF_folder\real-time-stocks-mds\data\s3_downloads/GOOGL_1771464266.json
[2026-03-01T06:12:53.463+0000] {logging_mixin.py:188} INFO - Downloaded bronze/GOOGL/1771464299.json -> D:\ADF_folder\real-time-stocks-mds\data\s3_downloads/GOOGL_1771464299.json
[2026-03-01T06:12:54.275+0000] {logging_mixin.py:188} INFO - Downloaded bronze/GOOGL/1771465232.json -> D:\ADF_folder\real-time-stocks-mds\data\s3_downloads/GOOGL_1771465232.json
[2026-03-01T06:12:54.645+0000] {logging_mixin.py:188} INFO - Downloaded bronze/GOOGL/1771465265.json -> D:\ADF_folder\real-time-stocks-mds\data\s3_downloads/GOOGL_1771465265.json
[2026-03-01T06:12:55.016+0000] {logging_mixin.py:188} INFO - Downloaded bronze/GOOGL/1771465298.json -> D:\ADF_folder\real-time-stocks-mds\data\s3_downloads/GOOGL_1771465298.json
[2026-03-01T06:12:55.388+0000] {logging_mixin.py:188} INFO - Downloaded bronze/GOOGL/1771465331.json -> D:\ADF_folder\real-time-stocks-mds\data\s3_downloads/GOOGL_1771465331.json
[2026-03-01T06:12:55.766+0000] {logging_mixin.py:188} INFO - Downloaded bronze/GOOGL/1771465364.json -> D:\ADF_folder\real-time-stocks-mds\data\s3_downloads/GOOGL_1771465364.json
[2026-03-01T06:12:56.138+0000] {logging_mixin.py:188} INFO - Downloaded bronze/GOOGL/1771465397.json -> D:\ADF_folder\real-time-stocks-mds\data\s3_downloads/GOOGL_1771465397.json
[2026-03-01T06:12:56.513+0000] {logging_mixin.py:188} INFO - Downloaded bronze/GOOGL/1771465430.json -> D:\ADF_folder\real-time-stocks-mds\data\s3_downloads/GOOGL_1771465430.json
[2026-03-01T06:12:56.886+0000] {logging_mixin.py:188} INFO - Downloaded bronze/GOOGL/1771465463.json -> D:\ADF_folder\real-time-stocks-mds\data\s3_downloads/GOOGL_1771465463.json
[2026-03-01T06:12:57.266+0000] {logging_mixin.py:188} INFO - Downloaded bronze/GOOGL/1771465496.json -> D:\ADF_folder\real-time-stocks-mds\data\s3_downloads/GOOGL_1771465496.json
[2026-03-01T06:12:57.654+0000] {logging_mixin.py:188} INFO - Downloaded bronze/GOOGL/1771465529.json -> D:\ADF_folder\real-time-stocks-mds\data\s3_downloads/GOOGL_1771465529.json
[2026-03-01T06:12:58.032+0000] {logging_mixin.py:188} INFO - Downloaded bronze/GOOGL/1771465562.json -> D:\ADF_folder\real-time-stocks-mds\data\s3_downloads/GOOGL_1771465562.json
[2026-03-01T06:12:58.408+0000] {logging_mixin.py:188} INFO - Downloaded bronze/GOOGL/1772074576.json -> D:\ADF_folder\real-time-stocks-mds\data\s3_downloads/GOOGL_1772074576.json
[2026-03-01T06:12:58.782+0000] {logging_mixin.py:188} INFO - Downloaded bronze/GOOGL/1772074609.json -> D:\ADF_folder\real-time-stocks-mds\data\s3_downloads/GOOGL_1772074609.json
[2026-03-01T06:12:59.152+0000] {logging_mixin.py:188} INFO - Downloaded bronze/GOOGL/1772074642.json -> D:\ADF_folder\real-time-stocks-mds\data\s3_downloads/GOOGL_1772074642.json
[2026-03-01T06:12:59.524+0000] {logging_mixin.py:188} INFO - Downloaded bronze/GOOGL/1772074676.json -> D:\ADF_folder\real-time-stocks-mds\data\s3_downloads/GOOGL_1772074676.json
[2026-03-01T06:12:59.913+0000] {logging_mixin.py:188} INFO - Downloaded bronze/GOOGL/1772074709.json -> D:\ADF_folder\real-time-stocks-mds\data\s3_downloads/GOOGL_1772074709.json
[2026-03-01T06:13:00.311+0000] {logging_mixin.py:188} INFO - Downloaded bronze/GOOGL/1772074742.json -> D:\ADF_folder\real-time-stocks-mds\data\s3_downloads/GOOGL_1772074742.json
[2026-03-01T06:13:00.710+0000] {logging_mixin.py:188} INFO - Downloaded bronze/GOOGL/1772074775.json -> D:\ADF_folder\real-time-stocks-mds\data\s3_downloads/GOOGL_1772074775.json
[2026-03-01T06:13:01.114+0000] {logging_mixin.py:188} INFO - Downloaded bronze/GOOGL/1772074808.json -> D:\ADF_folder\real-time-stocks-mds\data\s3_downloads/GOOGL_1772074808.json
[2026-03-01T06:13:01.528+0000] {logging_mixin.py:188} INFO - Downloaded bronze/GOOGL/1772074841.json -> D:\ADF_folder\real-time-stocks-mds\data\s3_downloads/GOOGL_1772074841.json
[2026-03-01T06:13:01.953+0000] {logging_mixin.py:188} INFO - Downloaded bronze/GOOGL/1772074874.json -> D:\ADF_folder\real-time-stocks-mds\data\s3_downloads/GOOGL_1772074874.json
[2026-03-01T06:13:02.362+0000] {logging_mixin.py:188} INFO - Downloaded bronze/GOOGL/1772074907.json -> D:\ADF_folder\real-time-stocks-mds\data\s3_downloads/GOOGL_1772074907.json
[2026-03-01T06:13:02.826+0000] {logging_mixin.py:188} INFO - Downloaded bronze/GOOGL/1772074940.json -> D:\ADF_folder\real-time-stocks-mds\data\s3_downloads/GOOGL_1772074940.json
[2026-03-01T06:13:03.283+0000] {logging_mixin.py:188} INFO - Downloaded bronze/GOOGL/1772074973.json -> D:\ADF_folder\real-time-stocks-mds\data\s3_downloads/GOOGL_1772074973.json
[2026-03-01T06:13:03.723+0000] {logging_mixin.py:188} INFO - Downloaded bronze/GOOGL/1772075006.json -> D:\ADF_folder\real-time-stocks-mds\data\s3_downloads/GOOGL_1772075006.json
[2026-03-01T06:13:04.153+0000] {logging_mixin.py:188} INFO - Downloaded bronze/GOOGL/1772075039.json -> D:\ADF_folder\real-time-stocks-mds\data\s3_downloads/GOOGL_1772075039.json
[2026-03-01T06:13:04.632+0000] {logging_mixin.py:188} INFO - Downloaded bronze/GOOGL/1772075072.json -> D:\ADF_folder\real-time-stocks-mds\data\s3_downloads/GOOGL_1772075072.json
[2026-03-01T06:13:05.078+0000] {logging_mixin.py:188} INFO - Downloaded bronze/GOOGL/1772075105.json -> D:\ADF_folder\real-time-stocks-mds\data\s3_downloads/GOOGL_1772075105.json
[2026-03-01T06:13:05.547+0000] {logging_mixin.py:188} INFO - Downloaded bronze/GOOGL/1772075138.json -> D:\ADF_folder\real-time-stocks-mds\data\s3_downloads/GOOGL_1772075138.json
[2026-03-01T06:13:05.986+0000] {logging_mixin.py:188} INFO - Downloaded bronze/GOOGL/1772075171.json -> D:\ADF_folder\real-time-stocks-mds\data\s3_downloads/GOOGL_1772075171.json
[2026-03-01T06:13:06.406+0000] {logging_mixin.py:188} INFO - Downloaded bronze/GOOGL/1772075204.json -> D:\ADF_folder\real-time-stocks-mds\data\s3_downloads/GOOGL_1772075204.json
[2026-03-01T06:13:06.835+0000] {logging_mixin.py:188} INFO - Downloaded bronze/GOOGL/1772075237.json -> D:\ADF_folder\real-time-stocks-mds\data\s3_downloads/GOOGL_1772075237.json
[2026-03-01T06:13:07.233+0000] {logging_mixin.py:188} INFO - Downloaded bronze/GOOGL/1772075270.json -> D:\ADF_folder\real-time-stocks-mds\data\s3_downloads/GOOGL_1772075270.json
[2026-03-01T06:13:07.610+0000] {logging_mixin.py:188} INFO - Downloaded bronze/GOOGL/1772075303.json -> D:\ADF_folder\real-time-stocks-mds\data\s3_downloads/GOOGL_1772075303.json
[2026-03-01T06:13:08.023+0000] {logging_mixin.py:188} INFO - Downloaded bronze/GOOGL/1772075336.json -> D:\ADF_folder\real-time-stocks-mds\data\s3_downloads/GOOGL_1772075336.json
[2026-03-01T06:13:08.418+0000] {logging_mixin.py:188} INFO - Downloaded bronze/GOOGL/1772075369.json -> D:\ADF_folder\real-time-stocks-mds\data\s3_downloads/GOOGL_1772075369.json
[2026-03-01T06:13:08.803+0000] {logging_mixin.py:188} INFO - Downloaded bronze/GOOGL/1772075402.json -> D:\ADF_folder\real-time-stocks-mds\data\s3_downloads/GOOGL_1772075402.json
[2026-03-01T06:13:09.186+0000] {logging_mixin.py:188} INFO - Downloaded bronze/GOOGL/1772075435.json -> D:\ADF_folder\real-time-stocks-mds\data\s3_downloads/GOOGL_1772075435.json
[2026-03-01T06:13:09.563+0000] {logging_mixin.py:188} INFO - Downloaded bronze/GOOGL/1772075468.json -> D:\ADF_folder\real-time-stocks-mds\data\s3_downloads/GOOGL_1772075468.json
[2026-03-01T06:13:09.948+0000] {logging_mixin.py:188} INFO - Downloaded bronze/GOOGL/1772075500.json -> D:\ADF_folder\real-time-stocks-mds\data\s3_downloads/GOOGL_1772075500.json
[2026-03-01T06:13:10.331+0000] {logging_mixin.py:188} INFO - Downloaded bronze/GOOGL/1772075533.json -> D:\ADF_folder\real-time-stocks-mds\data\s3_downloads/GOOGL_1772075533.json
[2026-03-01T06:13:10.710+0000] {logging_mixin.py:188} INFO - Downloaded bronze/GOOGL/1772075566.json -> D:\ADF_folder\real-time-stocks-mds\data\s3_downloads/GOOGL_1772075566.json
[2026-03-01T06:13:11.098+0000] {logging_mixin.py:188} INFO - Downloaded bronze/GOOGL/1772075600.json -> D:\ADF_folder\real-time-stocks-mds\data\s3_downloads/GOOGL_1772075600.json
[2026-03-01T06:13:11.485+0000] {logging_mixin.py:188} INFO - Downloaded bronze/GOOGL/1772075634.json -> D:\ADF_folder\real-time-stocks-mds\data\s3_downloads/GOOGL_1772075634.json
[2026-03-01T06:13:11.865+0000] {logging_mixin.py:188} INFO - Downloaded bronze/GOOGL/1772075666.json -> D:\ADF_folder\real-time-stocks-mds\data\s3_downloads/GOOGL_1772075666.json
[2026-03-01T06:13:12.248+0000] {logging_mixin.py:188} INFO - Downloaded bronze/GOOGL/1772075699.json -> D:\ADF_folder\real-time-stocks-mds\data\s3_downloads/GOOGL_1772075699.json
[2026-03-01T06:13:12.631+0000] {logging_mixin.py:188} INFO - Downloaded bronze/GOOGL/1772075732.json -> D:\ADF_folder\real-time-stocks-mds\data\s3_downloads/GOOGL_1772075732.json
[2026-03-01T06:13:13.014+0000] {logging_mixin.py:188} INFO - Downloaded bronze/GOOGL/1772075765.json -> D:\ADF_folder\real-time-stocks-mds\data\s3_downloads/GOOGL_1772075765.json
[2026-03-01T06:13:13.391+0000] {logging_mixin.py:188} INFO - Downloaded bronze/GOOGL/1772075798.json -> D:\ADF_folder\real-time-stocks-mds\data\s3_downloads/GOOGL_1772075798.json
[2026-03-01T06:13:13.763+0000] {logging_mixin.py:188} INFO - Downloaded bronze/GOOGL/1772075831.json -> D:\ADF_folder\real-time-stocks-mds\data\s3_downloads/GOOGL_1772075831.json
[2026-03-01T06:13:14.592+0000] {logging_mixin.py:188} INFO - Downloaded bronze/GOOGL/1772075864.json -> D:\ADF_folder\real-time-stocks-mds\data\s3_downloads/GOOGL_1772075864.json
[2026-03-01T06:13:14.957+0000] {logging_mixin.py:188} INFO - Downloaded bronze/GOOGL/1772075896.json -> D:\ADF_folder\real-time-stocks-mds\data\s3_downloads/GOOGL_1772075896.json
[2026-03-01T06:13:15.326+0000] {logging_mixin.py:188} INFO - Downloaded bronze/GOOGL/1772075930.json -> D:\ADF_folder\real-time-stocks-mds\data\s3_downloads/GOOGL_1772075930.json
[2026-03-01T06:13:15.697+0000] {logging_mixin.py:188} INFO - Downloaded bronze/GOOGL/1772075962.json -> D:\ADF_folder\real-time-stocks-mds\data\s3_downloads/GOOGL_1772075962.json
[2026-03-01T06:13:16.075+0000] {logging_mixin.py:188} INFO - Downloaded bronze/GOOGL/1772075995.json -> D:\ADF_folder\real-time-stocks-mds\data\s3_downloads/GOOGL_1772075995.json
[2026-03-01T06:13:16.452+0000] {logging_mixin.py:188} INFO - Downloaded bronze/GOOGL/1772076028.json -> D:\ADF_folder\real-time-stocks-mds\data\s3_downloads/GOOGL_1772076028.json
[2026-03-01T06:13:16.838+0000] {logging_mixin.py:188} INFO - Downloaded bronze/GOOGL/1772076062.json -> D:\ADF_folder\real-time-stocks-mds\data\s3_downloads/GOOGL_1772076062.json
[2026-03-01T06:13:17.221+0000] {logging_mixin.py:188} INFO - Downloaded bronze/GOOGL/1772076094.json -> D:\ADF_folder\real-time-stocks-mds\data\s3_downloads/GOOGL_1772076094.json
[2026-03-01T06:13:17.605+0000] {logging_mixin.py:188} INFO - Downloaded bronze/GOOGL/1772076127.json -> D:\ADF_folder\real-time-stocks-mds\data\s3_downloads/GOOGL_1772076127.json
[2026-03-01T06:13:17.988+0000] {logging_mixin.py:188} INFO - Downloaded bronze/GOOGL/1772076160.json -> D:\ADF_folder\real-time-stocks-mds\data\s3_downloads/GOOGL_1772076160.json
[2026-03-01T06:13:18.370+0000] {logging_mixin.py:188} INFO - Downloaded bronze/GOOGL/1772076193.json -> D:\ADF_folder\real-time-stocks-mds\data\s3_downloads/GOOGL_1772076193.json
[2026-03-01T06:13:18.752+0000] {logging_mixin.py:188} INFO - Downloaded bronze/GOOGL/1772076226.json -> D:\ADF_folder\real-time-stocks-mds\data\s3_downloads/GOOGL_1772076226.json
[2026-03-01T06:13:19.136+0000] {logging_mixin.py:188} INFO - Downloaded bronze/GOOGL/1772076259.json -> D:\ADF_folder\real-time-stocks-mds\data\s3_downloads/GOOGL_1772076259.json
[2026-03-01T06:13:19.516+0000] {logging_mixin.py:188} INFO - Downloaded bronze/GOOGL/1772076292.json -> D:\ADF_folder\real-time-stocks-mds\data\s3_downloads/GOOGL_1772076292.json
[2026-03-01T06:13:19.677+0000] {logging_mixin.py:188} INFO - Downloaded bronze/GOOGL/1772076325.json -> D:\ADF_folder\real-time-stocks-mds\data\s3_downloads/GOOGL_1772076325.json
[2026-03-01T06:13:19.258+0000] {logging_mixin.py:188} INFO - Downloaded bronze/GOOGL/1772076357.json -> D:\ADF_folder\real-time-stocks-mds\data\s3_downloads/GOOGL_1772076357.json
[2026-03-01T06:13:19.636+0000] {logging_mixin.py:188} INFO - Downloaded bronze/GOOGL/1772076390.json -> D:\ADF_folder\real-time-stocks-mds\data\s3_downloads/GOOGL_1772076390.json
[2026-03-01T06:13:20.025+0000] {logging_mixin.py:188} INFO - Downloaded bronze/GOOGL/1772076423.json -> D:\ADF_folder\real-time-stocks-mds\data\s3_downloads/GOOGL_1772076423.json
[2026-03-01T06:13:20.408+0000] {logging_mixin.py:188} INFO - Downloaded bronze/GOOGL/1772076457.json -> D:\ADF_folder\real-time-stocks-mds\data\s3_downloads/GOOGL_1772076457.json
[2026-03-01T06:13:20.786+0000] {logging_mixin.py:188} INFO - Downloaded bronze/GOOGL/1772076490.json -> D:\ADF_folder\real-time-stocks-mds\data\s3_downloads/GOOGL_1772076490.json
[2026-03-01T06:13:21.160+0000] {logging_mixin.py:188} INFO - Downloaded bronze/GOOGL/1772076523.json -> D:\ADF_folder\real-time-stocks-mds\data\s3_downloads/GOOGL_1772076523.json
[2026-03-01T06:13:21.535+0000] {logging_mixin.py:188} INFO - Downloaded bronze/GOOGL/1772076556.json -> D:\ADF_folder\real-time-stocks-mds\data\s3_downloads/GOOGL_1772076556.json
[2026-03-01T06:13:21.909+0000] {logging_mixin.py:188} INFO - Downloaded bronze/GOOGL/1772076589.json -> D:\ADF_folder\real-time-stocks-mds\data\s3_downloads/GOOGL_1772076589.json
[2026-03-01T06:13:22.288+0000] {logging_mixin.py:188} INFO - Downloaded bronze/GOOGL/1772076622.json -> D:\ADF_folder\real-time-stocks-mds\data\s3_downloads/GOOGL_1772076622.json
[2026-03-01T06:13:22.659+0000] {logging_mixin.py:188} INFO - Downloaded bronze/GOOGL/1772076655.json -> D:\ADF_folder\real-time-stocks-mds\data\s3_downloads/GOOGL_1772076655.json
[2026-03-01T06:13:23.032+0000] {logging_mixin.py:188} INFO - Downloaded bronze/GOOGL/1772076687.json -> D:\ADF_folder\real-time-stocks-mds\data\s3_downloads/GOOGL_1772076687.json
[2026-03-01T06:13:23.403+0000] {logging_mixin.py:188} INFO - Downloaded bronze/GOOGL/1772076720.json -> D:\ADF_folder\real-time-stocks-mds\data\s3_downloads/GOOGL_1772076720.json
[2026-03-01T06:13:23.781+0000] {logging_mixin.py:188} INFO - Downloaded bronze/GOOGL/1772076754.json -> D:\ADF_folder\real-time-stocks-mds\data\s3_downloads/GOOGL_1772076754.json
[2026-03-01T06:13:24.161+0000] {logging_mixin.py:188} INFO - Downloaded bronze/GOOGL/1772076787.json -> D:\ADF_folder\real-time-stocks-mds\data\s3_downloads/GOOGL_1772076787.json
[2026-03-01T06:13:24.556+0000] {logging_mixin.py:188} INFO - Downloaded bronze/GOOGL/1772076820.json -> D:\ADF_folder\real-time-stocks-mds\data\s3_downloads/GOOGL_1772076820.json
[2026-03-01T06:13:24.944+0000] {logging_mixin.py:188} INFO - Downloaded bronze/GOOGL/1772076853.json -> D:\ADF_folder\real-time-stocks-mds\data\s3_downloads/GOOGL_1772076853.json
[2026-03-01T06:13:25.335+0000] {logging_mixin.py:188} INFO - Downloaded bronze/GOOGL/1772076886.json -> D:\ADF_folder\real-time-stocks-mds\data\s3_downloads/GOOGL_1772076886.json
[2026-03-01T06:13:25.733+0000] {logging_mixin.py:188} INFO - Downloaded bronze/GOOGL/1772076919.json -> D:\ADF_folder\real-time-stocks-mds\data\s3_downloads/GOOGL_1772076919.json
[2026-03-01T06:13:26.118+0000] {logging_mixin.py:188} INFO - Downloaded bronze/GOOGL/1772076952.json -> D:\ADF_folder\real-time-stocks-mds\data\s3_downloads/GOOGL_1772076952.json
[2026-03-01T06:13:26.502+0000] {logging_mixin.py:188} INFO - Downloaded bronze/GOOGL/1772076985.json -> D:\ADF_folder\real-time-stocks-mds\data\s3_downloads/GOOGL_1772076985.json
[2026-03-01T06:13:26.891+0000] {logging_mixin.py:188} INFO - Downloaded bronze/GOOGL/1772077018.json -> D:\ADF_folder\real-time-stocks-mds\data\s3_downloads/GOOGL_1772077018.json
[2026-03-01T06:13:27.284+0000] {logging_mixin.py:188} INFO - Downloaded bronze/GOOGL/1772077051.json -> D:\ADF_folder\real-time-stocks-mds\data\s3_downloads/GOOGL_1772077051.json
[2026-03-01T06:13:27.679+0000] {logging_mixin.py:188} INFO - Downloaded bronze/GOOGL/1772077084.json -> D:\ADF_folder\real-time-stocks-mds\data\s3_downloads/GOOGL_1772077084.json
[2026-03-01T06:13:28.069+0000] {logging_mixin.py:188} INFO - Downloaded bronze/GOOGL/1772077117.json -> D:\ADF_folder\real-time-stocks-mds\data\s3_downloads/GOOGL_1772077117.json
[2026-03-01T06:13:28.472+0000] {logging_mixin.py:188} INFO - Downloaded bronze/GOOGL/1772077150.json -> D:\ADF_folder\real-time-stocks-mds\data\s3_downloads/GOOGL_1772077150.json
[2026-03-01T06:13:28.858+0000] {logging_mixin.py:188} INFO - Downloaded bronze/GOOGL/1772077183.json -> D:\ADF_folder\real-time-stocks-mds\data\s3_downloads/GOOGL_1772077183.json
[2026-03-01T06:13:29.251+0000] {logging_mixin.py:188} INFO - Downloaded bronze/GOOGL/1772077216.json -> D:\ADF_folder\real-time-stocks-mds\data\s3_downloads/GOOGL_1772077216.json
[2026-03-01T06:13:29.641+0000] {logging_mixin.py:188} INFO - Downloaded bronze/GOOGL/1772077249.json -> D:\ADF_folder\real-time-stocks-mds\data\s3_downloads/GOOGL_1772077249.json
[2026-03-01T06:13:30.013+0000] {logging_mixin.py:188} INFO - Downloaded bronze/GOOGL/1772077282.json -> D:\ADF_folder\real-time-stocks-mds\data\s3_downloads/GOOGL_1772077282.json
[2026-03-01T06:13:30.389+0000] {logging_mixin.py:188} INFO - Downloaded bronze/GOOGL/1772077315.json -> D:\ADF_folder\real-time-stocks-mds\data\s3_downloads/GOOGL_1772077315.json
[2026-03-01T06:13:30.756+0000] {logging_mixin.py:188} INFO - Downloaded bronze/GOOGL/1772077349.json -> D:\ADF_folder\real-time-stocks-mds\data\s3_downloads/GOOGL_1772077349.json
[2026-03-01T06:13:31.116+0000] {logging_mixin.py:188} INFO - Downloaded bronze/GOOGL/1772077382.json -> D:\ADF_folder\real-time-stocks-mds\data\s3_downloads/GOOGL_1772077382.json
[2026-03-01T06:13:31.483+0000] {logging_mixin.py:188} INFO - Downloaded bronze/GOOGL/1772077415.json -> D:\ADF_folder\real-time-stocks-mds\data\s3_downloads/GOOGL_1772077415.json
[2026-03-01T06:13:31.870+0000] {logging_mixin.py:188} INFO - Downloaded bronze/GOOGL/1772077448.json -> D:\ADF_folder\real-time-stocks-mds\data\s3_downloads/GOOGL_1772077448.json
[2026-03-01T06:13:32.265+0000] {logging_mixin.py:188} INFO - Downloaded bronze/GOOGL/1772077481.json -> D:\ADF_folder\real-time-stocks-mds\data\s3_downloads/GOOGL_1772077481.json
[2026-03-01T06:13:33.192+0000] {logging_mixin.py:188} INFO - Downloaded bronze/GOOGL/1772077513.json -> D:\ADF_folder\real-time-stocks-mds\data\s3_downloads/GOOGL_1772077513.json
[2026-03-01T06:13:33.582+0000] {logging_mixin.py:188} INFO - Downloaded bronze/GOOGL/1772077546.json -> D:\ADF_folder\real-time-stocks-mds\data\s3_downloads/GOOGL_1772077546.json
[2026-03-01T06:13:33.977+0000] {logging_mixin.py:188} INFO - Downloaded bronze/GOOGL/1772077579.json -> D:\ADF_folder\real-time-stocks-mds\data\s3_downloads/GOOGL_1772077579.json
[2026-03-01T06:13:34.367+0000] {logging_mixin.py:188} INFO - Downloaded bronze/GOOGL/1772077612.json -> D:\ADF_folder\real-time-stocks-mds\data\s3_downloads/GOOGL_1772077612.json
[2026-03-01T06:13:34.774+0000] {logging_mixin.py:188} INFO - Downloaded bronze/GOOGL/1772077645.json -> D:\ADF_folder\real-time-stocks-mds\data\s3_downloads/GOOGL_1772077645.json
[2026-03-01T06:13:35.175+0000] {logging_mixin.py:188} INFO - Downloaded bronze/GOOGL/1772077678.json -> D:\ADF_folder\real-time-stocks-mds\data\s3_downloads/GOOGL_1772077678.json
[2026-03-01T06:13:35.567+0000] {logging_mixin.py:188} INFO - Downloaded bronze/GOOGL/1772077711.json -> D:\ADF_folder\real-time-stocks-mds\data\s3_downloads/GOOGL_1772077711.json
[2026-03-01T06:13:35.957+0000] {logging_mixin.py:188} INFO - Downloaded bronze/GOOGL/1772077744.json -> D:\ADF_folder\real-time-stocks-mds\data\s3_downloads/GOOGL_1772077744.json
[2026-03-01T06:13:36.351+0000] {logging_mixin.py:188} INFO - Downloaded bronze/GOOGL/1772077777.json -> D:\ADF_folder\real-time-stocks-mds\data\s3_downloads/GOOGL_1772077777.json
[2026-03-01T06:13:36.740+0000] {logging_mixin.py:188} INFO - Downloaded bronze/GOOGL/1772077810.json -> D:\ADF_folder\real-time-stocks-mds\data\s3_downloads/GOOGL_1772077810.json
[2026-03-01T06:13:37.118+0000] {logging_mixin.py:188} INFO - Downloaded bronze/GOOGL/1772077842.json -> D:\ADF_folder\real-time-stocks-mds\data\s3_downloads/GOOGL_1772077842.json
[2026-03-01T06:13:37.499+0000] {logging_mixin.py:188} INFO - Downloaded bronze/GOOGL/1772077875.json -> D:\ADF_folder\real-time-stocks-mds\data\s3_downloads/GOOGL_1772077875.json
[2026-03-01T06:13:37.869+0000] {logging_mixin.py:188} INFO - Downloaded bronze/GOOGL/1772077908.json -> D:\ADF_folder\real-time-stocks-mds\data\s3_downloads/GOOGL_1772077908.json
[2026-03-01T06:13:38.239+0000] {logging_mixin.py:188} INFO - Downloaded bronze/GOOGL/1772077941.json -> D:\ADF_folder\real-time-stocks-mds\data\s3_downloads/GOOGL_1772077941.json
[2026-03-01T06:13:38.605+0000] {logging_mixin.py:188} INFO - Downloaded bronze/GOOGL/1772077974.json -> D:\ADF_folder\real-time-stocks-mds\data\s3_downloads/GOOGL_1772077974.json
[2026-03-01T06:13:38.975+0000] {logging_mixin.py:188} INFO - Downloaded bronze/GOOGL/1772078006.json -> D:\ADF_folder\real-time-stocks-mds\data\s3_downloads/GOOGL_1772078006.json
[2026-03-01T06:13:39.352+0000] {logging_mixin.py:188} INFO - Downloaded bronze/GOOGL/1772078039.json -> D:\ADF_folder\real-time-stocks-mds\data\s3_downloads/GOOGL_1772078039.json
[2026-03-01T06:13:39.723+0000] {logging_mixin.py:188} INFO - Downloaded bronze/GOOGL/1772078072.json -> D:\ADF_folder\real-time-stocks-mds\data\s3_downloads/GOOGL_1772078072.json
[2026-03-01T06:13:40.105+0000] {logging_mixin.py:188} INFO - Downloaded bronze/GOOGL/1772078105.json -> D:\ADF_folder\real-time-stocks-mds\data\s3_downloads/GOOGL_1772078105.json
[2026-03-01T06:13:40.493+0000] {logging_mixin.py:188} INFO - Downloaded bronze/GOOGL/1772078138.json -> D:\ADF_folder\real-time-stocks-mds\data\s3_downloads/GOOGL_1772078138.json
[2026-03-01T06:13:40.885+0000] {logging_mixin.py:188} INFO - Downloaded bronze/GOOGL/1772078171.json -> D:\ADF_folder\real-time-stocks-mds\data\s3_downloads/GOOGL_1772078171.json
[2026-03-01T06:13:41.325+0000] {logging_mixin.py:188} INFO - Downloaded bronze/GOOGL/1772078204.json -> D:\ADF_folder\real-time-stocks-mds\data\s3_downloads/GOOGL_1772078204.json
[2026-03-01T06:13:41.836+0000] {logging_mixin.py:188} INFO - Downloaded bronze/GOOGL/1772078237.json -> D:\ADF_folder\real-time-stocks-mds\data\s3_downloads/GOOGL_1772078237.json
[2026-03-01T06:13:42.383+0000] {logging_mixin.py:188} INFO - Downloaded bronze/GOOGL/1772078270.json -> D:\ADF_folder\real-time-stocks-mds\data\s3_downloads/GOOGL_1772078270.json
[2026-03-01T06:13:42.928+0000] {logging_mixin.py:188} INFO - Downloaded bronze/GOOGL/1772078303.json -> D:\ADF_folder\real-time-stocks-mds\data\s3_downloads/GOOGL_1772078303.json
[2026-03-01T06:13:43.464+0000] {logging_mixin.py:188} INFO - Downloaded bronze/GOOGL/1772078336.json -> D:\ADF_folder\real-time-stocks-mds\data\s3_downloads/GOOGL_1772078336.json
[2026-03-01T06:13:44.001+0000] {logging_mixin.py:188} INFO - Downloaded bronze/GOOGL/1772078369.json -> D:\ADF_folder\real-time-stocks-mds\data\s3_downloads/GOOGL_1772078369.json
[2026-03-01T06:13:44.534+0000] {logging_mixin.py:188} INFO - Downloaded bronze/GOOGL/1772078402.json -> D:\ADF_folder\real-time-stocks-mds\data\s3_downloads/GOOGL_1772078402.json
[2026-03-01T06:13:45.081+0000] {logging_mixin.py:188} INFO - Downloaded bronze/GOOGL/1772078435.json -> D:\ADF_folder\real-time-stocks-mds\data\s3_downloads/GOOGL_1772078435.json
[2026-03-01T06:13:45.599+0000] {logging_mixin.py:188} INFO - Downloaded bronze/GOOGL/1772078468.json -> D:\ADF_folder\real-time-stocks-mds\data\s3_downloads/GOOGL_1772078468.json
[2026-03-01T06:13:46.112+0000] {logging_mixin.py:188} INFO - Downloaded bronze/GOOGL/1772078502.json -> D:\ADF_folder\real-time-stocks-mds\data\s3_downloads/GOOGL_1772078502.json
[2026-03-01T06:13:46.637+0000] {logging_mixin.py:188} INFO - Downloaded bronze/GOOGL/1772078535.json -> D:\ADF_folder\real-time-stocks-mds\data\s3_downloads/GOOGL_1772078535.json
[2026-03-01T06:13:47.156+0000] {logging_mixin.py:188} INFO - Downloaded bronze/GOOGL/1772078568.json -> D:\ADF_folder\real-time-stocks-mds\data\s3_downloads/GOOGL_1772078568.json
[2026-03-01T06:13:47.670+0000] {logging_mixin.py:188} INFO - Downloaded bronze/GOOGL/1772078601.json -> D:\ADF_folder\real-time-stocks-mds\data\s3_downloads/GOOGL_1772078601.json
[2026-03-01T06:13:48.198+0000] {logging_mixin.py:188} INFO - Downloaded bronze/GOOGL/1772078635.json -> D:\ADF_folder\real-time-stocks-mds\data\s3_downloads/GOOGL_1772078635.json
[2026-03-01T06:13:48.732+0000] {logging_mixin.py:188} INFO - Downloaded bronze/GOOGL/1772078667.json -> D:\ADF_folder\real-time-stocks-mds\data\s3_downloads/GOOGL_1772078667.json
[2026-03-01T06:13:48.323+0000] {logging_mixin.py:188} INFO - Downloaded bronze/GOOGL/1772078700.json -> D:\ADF_folder\real-time-stocks-mds\data\s3_downloads/GOOGL_1772078700.json
[2026-03-01T06:13:48.859+0000] {logging_mixin.py:188} INFO - Downloaded bronze/GOOGL/1772078733.json -> D:\ADF_folder\real-time-stocks-mds\data\s3_downloads/GOOGL_1772078733.json
[2026-03-01T06:13:49.402+0000] {logging_mixin.py:188} INFO - Downloaded bronze/GOOGL/1772078766.json -> D:\ADF_folder\real-time-stocks-mds\data\s3_downloads/GOOGL_1772078766.json
[2026-03-01T06:13:49.939+0000] {logging_mixin.py:188} INFO - Downloaded bronze/GOOGL/1772078799.json -> D:\ADF_folder\real-time-stocks-mds\data\s3_downloads/GOOGL_1772078799.json
[2026-03-01T06:13:50.465+0000] {logging_mixin.py:188} INFO - Downloaded bronze/GOOGL/1772078832.json -> D:\ADF_folder\real-time-stocks-mds\data\s3_downloads/GOOGL_1772078832.json
[2026-03-01T06:13:51.000+0000] {logging_mixin.py:188} INFO - Downloaded bronze/GOOGL/1772078865.json -> D:\ADF_folder\real-time-stocks-mds\data\s3_downloads/GOOGL_1772078865.json
[2026-03-01T06:13:51.538+0000] {logging_mixin.py:188} INFO - Downloaded bronze/GOOGL/1772078898.json -> D:\ADF_folder\real-time-stocks-mds\data\s3_downloads/GOOGL_1772078898.json
[2026-03-01T06:13:52.069+0000] {logging_mixin.py:188} INFO - Downloaded bronze/GOOGL/1772078931.json -> D:\ADF_folder\real-time-stocks-mds\data\s3_downloads/GOOGL_1772078931.json
[2026-03-01T06:13:52.605+0000] {logging_mixin.py:188} INFO - Downloaded bronze/GOOGL/1772078964.json -> D:\ADF_folder\real-time-stocks-mds\data\s3_downloads/GOOGL_1772078964.json
[2026-03-01T06:13:53.134+0000] {logging_mixin.py:188} INFO - Downloaded bronze/GOOGL/1772078997.json -> D:\ADF_folder\real-time-stocks-mds\data\s3_downloads/GOOGL_1772078997.json
[2026-03-01T06:13:53.683+0000] {logging_mixin.py:188} INFO - Downloaded bronze/GOOGL/1772079030.json -> D:\ADF_folder\real-time-stocks-mds\data\s3_downloads/GOOGL_1772079030.json
[2026-03-01T06:13:54.219+0000] {logging_mixin.py:188} INFO - Downloaded bronze/GOOGL/1772079064.json -> D:\ADF_folder\real-time-stocks-mds\data\s3_downloads/GOOGL_1772079064.json
[2026-03-01T06:13:54.744+0000] {logging_mixin.py:188} INFO - Downloaded bronze/GOOGL/1772079097.json -> D:\ADF_folder\real-time-stocks-mds\data\s3_downloads/GOOGL_1772079097.json
[2026-03-01T06:13:55.265+0000] {logging_mixin.py:188} INFO - Downloaded bronze/GOOGL/1772079130.json -> D:\ADF_folder\real-time-stocks-mds\data\s3_downloads/GOOGL_1772079130.json
[2026-03-01T06:13:56.408+0000] {logging_mixin.py:188} INFO - Downloaded bronze/GOOGL/1772079163.json -> D:\ADF_folder\real-time-stocks-mds\data\s3_downloads/GOOGL_1772079163.json
[2026-03-01T06:13:56.932+0000] {logging_mixin.py:188} INFO - Downloaded bronze/GOOGL/1772079196.json -> D:\ADF_folder\real-time-stocks-mds\data\s3_downloads/GOOGL_1772079196.json
[2026-03-01T06:13:57.470+0000] {logging_mixin.py:188} INFO - Downloaded bronze/GOOGL/1772079229.json -> D:\ADF_folder\real-time-stocks-mds\data\s3_downloads/GOOGL_1772079229.json
[2026-03-01T06:13:58.005+0000] {logging_mixin.py:188} INFO - Downloaded bronze/GOOGL/1772079262.json -> D:\ADF_folder\real-time-stocks-mds\data\s3_downloads/GOOGL_1772079262.json
[2026-03-01T06:13:58.538+0000] {logging_mixin.py:188} INFO - Downloaded bronze/GOOGL/1772079295.json -> D:\ADF_folder\real-time-stocks-mds\data\s3_downloads/GOOGL_1772079295.json
[2026-03-01T06:13:58.539+0000] {logging_mixin.py:188} INFO - 
Processing prefix: bronze/AMZN/
[2026-03-01T06:13:59.662+0000] {logging_mixin.py:188} INFO - Downloaded bronze/AMZN/1771463619.json -> D:\ADF_folder\real-time-stocks-mds\data\s3_downloads/AMZN_1771463619.json
[2026-03-01T06:14:00.199+0000] {logging_mixin.py:188} INFO - Downloaded bronze/AMZN/1771463651.json -> D:\ADF_folder\real-time-stocks-mds\data\s3_downloads/AMZN_1771463651.json
[2026-03-01T06:14:00.735+0000] {logging_mixin.py:188} INFO - Downloaded bronze/AMZN/1771463684.json -> D:\ADF_folder\real-time-stocks-mds\data\s3_downloads/AMZN_1771463684.json
[2026-03-01T06:14:01.243+0000] {logging_mixin.py:188} INFO - Downloaded bronze/AMZN/1771463718.json -> D:\ADF_folder\real-time-stocks-mds\data\s3_downloads/AMZN_1771463718.json
[2026-03-01T06:14:01.751+0000] {logging_mixin.py:188} INFO - Downloaded bronze/AMZN/1771463750.json -> D:\ADF_folder\real-time-stocks-mds\data\s3_downloads/AMZN_1771463750.json
[2026-03-01T06:14:02.246+0000] {logging_mixin.py:188} INFO - Downloaded bronze/AMZN/1771463783.json -> D:\ADF_folder\real-time-stocks-mds\data\s3_downloads/AMZN_1771463783.json
[2026-03-01T06:14:02.747+0000] {logging_mixin.py:188} INFO - Downloaded bronze/AMZN/1771463816.json -> D:\ADF_folder\real-time-stocks-mds\data\s3_downloads/AMZN_1771463816.json
[2026-03-01T06:14:03.252+0000] {logging_mixin.py:188} INFO - Downloaded bronze/AMZN/1771463849.json -> D:\ADF_folder\real-time-stocks-mds\data\s3_downloads/AMZN_1771463849.json
[2026-03-01T06:14:03.759+0000] {logging_mixin.py:188} INFO - Downloaded bronze/AMZN/1771463882.json -> D:\ADF_folder\real-time-stocks-mds\data\s3_downloads/AMZN_1771463882.json
[2026-03-01T06:14:04.308+0000] {logging_mixin.py:188} INFO - Downloaded bronze/AMZN/1771463916.json -> D:\ADF_folder\real-time-stocks-mds\data\s3_downloads/AMZN_1771463916.json
[2026-03-01T06:14:04.853+0000] {logging_mixin.py:188} INFO - Downloaded bronze/AMZN/1771463949.json -> D:\ADF_folder\real-time-stocks-mds\data\s3_downloads/AMZN_1771463949.json
[2026-03-01T06:14:05.386+0000] {logging_mixin.py:188} INFO - Downloaded bronze/AMZN/1771463982.json -> D:\ADF_folder\real-time-stocks-mds\data\s3_downloads/AMZN_1771463982.json
[2026-03-01T06:14:05.922+0000] {logging_mixin.py:188} INFO - Downloaded bronze/AMZN/1771464015.json -> D:\ADF_folder\real-time-stocks-mds\data\s3_downloads/AMZN_1771464015.json
[2026-03-01T06:14:06.462+0000] {logging_mixin.py:188} INFO - Downloaded bronze/AMZN/1771464048.json -> D:\ADF_folder\real-time-stocks-mds\data\s3_downloads/AMZN_1771464048.json
[2026-03-01T06:14:07.010+0000] {logging_mixin.py:188} INFO - Downloaded bronze/AMZN/1771464082.json -> D:\ADF_folder\real-time-stocks-mds\data\s3_downloads/AMZN_1771464082.json
[2026-03-01T06:14:07.567+0000] {logging_mixin.py:188} INFO - Downloaded bronze/AMZN/1771464115.json -> D:\ADF_folder\real-time-stocks-mds\data\s3_downloads/AMZN_1771464115.json
[2026-03-01T06:14:08.083+0000] {logging_mixin.py:188} INFO - Downloaded bronze/AMZN/1771464148.json -> D:\ADF_folder\real-time-stocks-mds\data\s3_downloads/AMZN_1771464148.json
[2026-03-01T06:14:08.586+0000] {logging_mixin.py:188} INFO - Downloaded bronze/AMZN/1771464181.json -> D:\ADF_folder\real-time-stocks-mds\data\s3_downloads/AMZN_1771464181.json
[2026-03-01T06:14:09.094+0000] {logging_mixin.py:188} INFO - Downloaded bronze/AMZN/1771464213.json -> D:\ADF_folder\real-time-stocks-mds\data\s3_downloads/AMZN_1771464213.json
[2026-03-01T06:14:09.601+0000] {logging_mixin.py:188} INFO - Downloaded bronze/AMZN/1771464247.json -> D:\ADF_folder\real-time-stocks-mds\data\s3_downloads/AMZN_1771464247.json
[2026-03-01T06:14:10.111+0000] {logging_mixin.py:188} INFO - Downloaded bronze/AMZN/1771464280.json -> D:\ADF_folder\real-time-stocks-mds\data\s3_downloads/AMZN_1771464280.json
[2026-03-01T06:14:10.618+0000] {logging_mixin.py:188} INFO - Downloaded bronze/AMZN/1771464313.json -> D:\ADF_folder\real-time-stocks-mds\data\s3_downloads/AMZN_1771464313.json
[2026-03-01T06:14:11.124+0000] {logging_mixin.py:188} INFO - Downloaded bronze/AMZN/1771465245.json -> D:\ADF_folder\real-time-stocks-mds\data\s3_downloads/AMZN_1771465245.json
[2026-03-01T06:14:11.636+0000] {logging_mixin.py:188} INFO - Downloaded bronze/AMZN/1771465279.json -> D:\ADF_folder\real-time-stocks-mds\data\s3_downloads/AMZN_1771465279.json
[2026-03-01T06:14:12.150+0000] {logging_mixin.py:188} INFO - Downloaded bronze/AMZN/1771465312.json -> D:\ADF_folder\real-time-stocks-mds\data\s3_downloads/AMZN_1771465312.json
[2026-03-01T06:14:12.709+0000] {logging_mixin.py:188} INFO - Downloaded bronze/AMZN/1771465344.json -> D:\ADF_folder\real-time-stocks-mds\data\s3_downloads/AMZN_1771465344.json
[2026-03-01T06:14:13.239+0000] {logging_mixin.py:188} INFO - Downloaded bronze/AMZN/1771465378.json -> D:\ADF_folder\real-time-stocks-mds\data\s3_downloads/AMZN_1771465378.json
[2026-03-01T06:14:13.761+0000] {logging_mixin.py:188} INFO - Downloaded bronze/AMZN/1771465411.json -> D:\ADF_folder\real-time-stocks-mds\data\s3_downloads/AMZN_1771465411.json
[2026-03-01T06:14:14.284+0000] {logging_mixin.py:188} INFO - Downloaded bronze/AMZN/1771465443.json -> D:\ADF_folder\real-time-stocks-mds\data\s3_downloads/AMZN_1771465443.json
[2026-03-01T06:14:14.817+0000] {logging_mixin.py:188} INFO - Downloaded bronze/AMZN/1771465477.json -> D:\ADF_folder\real-time-stocks-mds\data\s3_downloads/AMZN_1771465477.json
[2026-03-01T06:14:15.337+0000] {logging_mixin.py:188} INFO - Downloaded bronze/AMZN/1771465510.json -> D:\ADF_folder\real-time-stocks-mds\data\s3_downloads/AMZN_1771465510.json
[2026-03-01T06:14:15.856+0000] {logging_mixin.py:188} INFO - Downloaded bronze/AMZN/1771465543.json -> D:\ADF_folder\real-time-stocks-mds\data\s3_downloads/AMZN_1771465543.json
[2026-03-01T06:14:16.376+0000] {logging_mixin.py:188} INFO - Downloaded bronze/AMZN/1771465576.json -> D:\ADF_folder\real-time-stocks-mds\data\s3_downloads/AMZN_1771465576.json
[2026-03-01T06:14:16.906+0000] {logging_mixin.py:188} INFO - Downloaded bronze/AMZN/1772074557.json -> D:\ADF_folder\real-time-stocks-mds\data\s3_downloads/AMZN_1772074557.json
[2026-03-01T06:14:17.413+0000] {logging_mixin.py:188} INFO - Downloaded bronze/AMZN/1772074590.json -> D:\ADF_folder\real-time-stocks-mds\data\s3_downloads/AMZN_1772074590.json
[2026-03-01T06:14:17.775+0000] {logging_mixin.py:188} INFO - Downloaded bronze/AMZN/1772074622.json -> D:\ADF_folder\real-time-stocks-mds\data\s3_downloads/AMZN_1772074622.json
[2026-03-01T06:14:17.473+0000] {logging_mixin.py:188} INFO - Downloaded bronze/AMZN/1772074655.json -> D:\ADF_folder\real-time-stocks-mds\data\s3_downloads/AMZN_1772074655.json
[2026-03-01T06:14:17.980+0000] {logging_mixin.py:188} INFO - Downloaded bronze/AMZN/1772074689.json -> D:\ADF_folder\real-time-stocks-mds\data\s3_downloads/AMZN_1772074689.json
[2026-03-01T06:14:18.475+0000] {logging_mixin.py:188} INFO - Downloaded bronze/AMZN/1772074722.json -> D:\ADF_folder\real-time-stocks-mds\data\s3_downloads/AMZN_1772074722.json
[2026-03-01T06:14:18.983+0000] {logging_mixin.py:188} INFO - Downloaded bronze/AMZN/1772074755.json -> D:\ADF_folder\real-time-stocks-mds\data\s3_downloads/AMZN_1772074755.json
[2026-03-01T06:14:19.491+0000] {logging_mixin.py:188} INFO - Downloaded bronze/AMZN/1772074788.json -> D:\ADF_folder\real-time-stocks-mds\data\s3_downloads/AMZN_1772074788.json
[2026-03-01T06:14:20.000+0000] {logging_mixin.py:188} INFO - Downloaded bronze/AMZN/1772074822.json -> D:\ADF_folder\real-time-stocks-mds\data\s3_downloads/AMZN_1772074822.json
[2026-03-01T06:14:20.520+0000] {logging_mixin.py:188} INFO - Downloaded bronze/AMZN/1772074855.json -> D:\ADF_folder\real-time-stocks-mds\data\s3_downloads/AMZN_1772074855.json
[2026-03-01T06:14:21.030+0000] {logging_mixin.py:188} INFO - Downloaded bronze/AMZN/1772074887.json -> D:\ADF_folder\real-time-stocks-mds\data\s3_downloads/AMZN_1772074887.json
[2026-03-01T06:14:22.169+0000] {logging_mixin.py:188} INFO - Downloaded bronze/AMZN/1772074921.json -> D:\ADF_folder\real-time-stocks-mds\data\s3_downloads/AMZN_1772074921.json
[2026-03-01T06:14:22.664+0000] {logging_mixin.py:188} INFO - Downloaded bronze/AMZN/1772074954.json -> D:\ADF_folder\real-time-stocks-mds\data\s3_downloads/AMZN_1772074954.json
[2026-03-01T06:14:23.167+0000] {logging_mixin.py:188} INFO - Downloaded bronze/AMZN/1772074986.json -> D:\ADF_folder\real-time-stocks-mds\data\s3_downloads/AMZN_1772074986.json
[2026-03-01T06:14:23.682+0000] {logging_mixin.py:188} INFO - Downloaded bronze/AMZN/1772075020.json -> D:\ADF_folder\real-time-stocks-mds\data\s3_downloads/AMZN_1772075020.json
[2026-03-01T06:14:24.210+0000] {logging_mixin.py:188} INFO - Downloaded bronze/AMZN/1772075052.json -> D:\ADF_folder\real-time-stocks-mds\data\s3_downloads/AMZN_1772075052.json
[2026-03-01T06:14:25.117+0000] {logging_mixin.py:188} INFO - Downloaded bronze/AMZN/1772075086.json -> D:\ADF_folder\real-time-stocks-mds\data\s3_downloads/AMZN_1772075086.json
[2026-03-01T06:14:25.592+0000] {logging_mixin.py:188} INFO - Downloaded bronze/AMZN/1772075119.json -> D:\ADF_folder\real-time-stocks-mds\data\s3_downloads/AMZN_1772075119.json
[2026-03-01T06:14:26.067+0000] {logging_mixin.py:188} INFO - Downloaded bronze/AMZN/1772075152.json -> D:\ADF_folder\real-time-stocks-mds\data\s3_downloads/AMZN_1772075152.json
[2026-03-01T06:14:26.549+0000] {logging_mixin.py:188} INFO - Downloaded bronze/AMZN/1772075184.json -> D:\ADF_folder\real-time-stocks-mds\data\s3_downloads/AMZN_1772075184.json
[2026-03-01T06:14:27.053+0000] {logging_mixin.py:188} INFO - Downloaded bronze/AMZN/1772075217.json -> D:\ADF_folder\real-time-stocks-mds\data\s3_downloads/AMZN_1772075217.json
[2026-03-01T06:14:27.565+0000] {logging_mixin.py:188} INFO - Downloaded bronze/AMZN/1772075250.json -> D:\ADF_folder\real-time-stocks-mds\data\s3_downloads/AMZN_1772075250.json
[2026-03-01T06:14:28.067+0000] {logging_mixin.py:188} INFO - Downloaded bronze/AMZN/1772075283.json -> D:\ADF_folder\real-time-stocks-mds\data\s3_downloads/AMZN_1772075283.json
[2026-03-01T06:14:28.576+0000] {logging_mixin.py:188} INFO - Downloaded bronze/AMZN/1772075316.json -> D:\ADF_folder\real-time-stocks-mds\data\s3_downloads/AMZN_1772075316.json
[2026-03-01T06:14:29.087+0000] {logging_mixin.py:188} INFO - Downloaded bronze/AMZN/1772075349.json -> D:\ADF_folder\real-time-stocks-mds\data\s3_downloads/AMZN_1772075349.json
[2026-03-01T06:14:29.601+0000] {logging_mixin.py:188} INFO - Downloaded bronze/AMZN/1772075382.json -> D:\ADF_folder\real-time-stocks-mds\data\s3_downloads/AMZN_1772075382.json
[2026-03-01T06:14:30.127+0000] {logging_mixin.py:188} INFO - Downloaded bronze/AMZN/1772075415.json -> D:\ADF_folder\real-time-stocks-mds\data\s3_downloads/AMZN_1772075415.json
[2026-03-01T06:14:30.666+0000] {logging_mixin.py:188} INFO - Downloaded bronze/AMZN/1772075448.json -> D:\ADF_folder\real-time-stocks-mds\data\s3_downloads/AMZN_1772075448.json
[2026-03-01T06:14:31.193+0000] {logging_mixin.py:188} INFO - Downloaded bronze/AMZN/1772075481.json -> D:\ADF_folder\real-time-stocks-mds\data\s3_downloads/AMZN_1772075481.json
[2026-03-01T06:14:31.677+0000] {logging_mixin.py:188} INFO - Downloaded bronze/AMZN/1772075513.json -> D:\ADF_folder\real-time-stocks-mds\data\s3_downloads/AMZN_1772075513.json
[2026-03-01T06:14:32.106+0000] {logging_mixin.py:188} INFO - Downloaded bronze/AMZN/1772075546.json -> D:\ADF_folder\real-time-stocks-mds\data\s3_downloads/AMZN_1772075546.json
[2026-03-01T06:14:32.512+0000] {logging_mixin.py:188} INFO - Downloaded bronze/AMZN/1772075579.json -> D:\ADF_folder\real-time-stocks-mds\data\s3_downloads/AMZN_1772075579.json
[2026-03-01T06:14:32.909+0000] {logging_mixin.py:188} INFO - Downloaded bronze/AMZN/1772075614.json -> D:\ADF_folder\real-time-stocks-mds\data\s3_downloads/AMZN_1772075614.json
[2026-03-01T06:14:33.303+0000] {logging_mixin.py:188} INFO - Downloaded bronze/AMZN/1772075647.json -> D:\ADF_folder\real-time-stocks-mds\data\s3_downloads/AMZN_1772075647.json
[2026-03-01T06:14:33.699+0000] {logging_mixin.py:188} INFO - Downloaded bronze/AMZN/1772075680.json -> D:\ADF_folder\real-time-stocks-mds\data\s3_downloads/AMZN_1772075680.json
[2026-03-01T06:14:34.115+0000] {logging_mixin.py:188} INFO - Downloaded bronze/AMZN/1772075712.json -> D:\ADF_folder\real-time-stocks-mds\data\s3_downloads/AMZN_1772075712.json
[2026-03-01T06:14:34.523+0000] {logging_mixin.py:188} INFO - Downloaded bronze/AMZN/1772075745.json -> D:\ADF_folder\real-time-stocks-mds\data\s3_downloads/AMZN_1772075745.json
[2026-03-01T06:14:34.920+0000] {logging_mixin.py:188} INFO - Downloaded bronze/AMZN/1772075778.json -> D:\ADF_folder\real-time-stocks-mds\data\s3_downloads/AMZN_1772075778.json
[2026-03-01T06:14:35.318+0000] {logging_mixin.py:188} INFO - Downloaded bronze/AMZN/1772075811.json -> D:\ADF_folder\real-time-stocks-mds\data\s3_downloads/AMZN_1772075811.json
[2026-03-01T06:14:35.711+0000] {logging_mixin.py:188} INFO - Downloaded bronze/AMZN/1772075844.json -> D:\ADF_folder\real-time-stocks-mds\data\s3_downloads/AMZN_1772075844.json
[2026-03-01T06:14:36.118+0000] {logging_mixin.py:188} INFO - Downloaded bronze/AMZN/1772075877.json -> D:\ADF_folder\real-time-stocks-mds\data\s3_downloads/AMZN_1772075877.json
[2026-03-01T06:14:36.533+0000] {logging_mixin.py:188} INFO - Downloaded bronze/AMZN/1772075910.json -> D:\ADF_folder\real-time-stocks-mds\data\s3_downloads/AMZN_1772075910.json
[2026-03-01T06:14:36.944+0000] {logging_mixin.py:188} INFO - Downloaded bronze/AMZN/1772075943.json -> D:\ADF_folder\real-time-stocks-mds\data\s3_downloads/AMZN_1772075943.json
[2026-03-01T06:14:37.355+0000] {logging_mixin.py:188} INFO - Downloaded bronze/AMZN/1772075975.json -> D:\ADF_folder\real-time-stocks-mds\data\s3_downloads/AMZN_1772075975.json
[2026-03-01T06:14:37.775+0000] {logging_mixin.py:188} INFO - Downloaded bronze/AMZN/1772076008.json -> D:\ADF_folder\real-time-stocks-mds\data\s3_downloads/AMZN_1772076008.json
[2026-03-01T06:14:38.199+0000] {logging_mixin.py:188} INFO - Downloaded bronze/AMZN/1772076041.json -> D:\ADF_folder\real-time-stocks-mds\data\s3_downloads/AMZN_1772076041.json
[2026-03-01T06:14:38.630+0000] {logging_mixin.py:188} INFO - Downloaded bronze/AMZN/1772076075.json -> D:\ADF_folder\real-time-stocks-mds\data\s3_downloads/AMZN_1772076075.json
[2026-03-01T06:14:39.067+0000] {logging_mixin.py:188} INFO - Downloaded bronze/AMZN/1772076108.json -> D:\ADF_folder\real-time-stocks-mds\data\s3_downloads/AMZN_1772076108.json
[2026-03-01T06:14:39.501+0000] {logging_mixin.py:188} INFO - Downloaded bronze/AMZN/1772076140.json -> D:\ADF_folder\real-time-stocks-mds\data\s3_downloads/AMZN_1772076140.json
[2026-03-01T06:14:39.934+0000] {logging_mixin.py:188} INFO - Downloaded bronze/AMZN/1772076173.json -> D:\ADF_folder\real-time-stocks-mds\data\s3_downloads/AMZN_1772076173.json
[2026-03-01T06:14:40.310+0000] {logging_mixin.py:188} INFO - Downloaded bronze/AMZN/1772076207.json -> D:\ADF_folder\real-time-stocks-mds\data\s3_downloads/AMZN_1772076207.json
[2026-03-01T06:14:40.683+0000] {logging_mixin.py:188} INFO - Downloaded bronze/AMZN/1772076239.json -> D:\ADF_folder\real-time-stocks-mds\data\s3_downloads/AMZN_1772076239.json
[2026-03-01T06:14:41.053+0000] {logging_mixin.py:188} INFO - Downloaded bronze/AMZN/1772076272.json -> D:\ADF_folder\real-time-stocks-mds\data\s3_downloads/AMZN_1772076272.json
[2026-03-01T06:14:41.420+0000] {logging_mixin.py:188} INFO - Downloaded bronze/AMZN/1772076305.json -> D:\ADF_folder\real-time-stocks-mds\data\s3_downloads/AMZN_1772076305.json
[2026-03-01T06:14:41.784+0000] {logging_mixin.py:188} INFO - Downloaded bronze/AMZN/1772076338.json -> D:\ADF_folder\real-time-stocks-mds\data\s3_downloads/AMZN_1772076338.json
[2026-03-01T06:14:42.150+0000] {logging_mixin.py:188} INFO - Downloaded bronze/AMZN/1772076371.json -> D:\ADF_folder\real-time-stocks-mds\data\s3_downloads/AMZN_1772076371.json
[2026-03-01T06:14:42.523+0000] {logging_mixin.py:188} INFO - Downloaded bronze/AMZN/1772076403.json -> D:\ADF_folder\real-time-stocks-mds\data\s3_downloads/AMZN_1772076403.json
[2026-03-01T06:14:42.885+0000] {logging_mixin.py:188} INFO - Downloaded bronze/AMZN/1772076437.json -> D:\ADF_folder\real-time-stocks-mds\data\s3_downloads/AMZN_1772076437.json
[2026-03-01T06:14:43.248+0000] {logging_mixin.py:188} INFO - Downloaded bronze/AMZN/1772076470.json -> D:\ADF_folder\real-time-stocks-mds\data\s3_downloads/AMZN_1772076470.json
[2026-03-01T06:14:43.623+0000] {logging_mixin.py:188} INFO - Downloaded bronze/AMZN/1772076503.json -> D:\ADF_folder\real-time-stocks-mds\data\s3_downloads/AMZN_1772076503.json
[2026-03-01T06:14:44.008+0000] {logging_mixin.py:188} INFO - Downloaded bronze/AMZN/1772076536.json -> D:\ADF_folder\real-time-stocks-mds\data\s3_downloads/AMZN_1772076536.json
[2026-03-01T06:14:44.865+0000] {logging_mixin.py:188} INFO - Downloaded bronze/AMZN/1772076569.json -> D:\ADF_folder\real-time-stocks-mds\data\s3_downloads/AMZN_1772076569.json
[2026-03-01T06:14:45.246+0000] {logging_mixin.py:188} INFO - Downloaded bronze/AMZN/1772076602.json -> D:\ADF_folder\real-time-stocks-mds\data\s3_downloads/AMZN_1772076602.json
[2026-03-01T06:14:45.630+0000] {logging_mixin.py:188} INFO - Downloaded bronze/AMZN/1772076635.json -> D:\ADF_folder\real-time-stocks-mds\data\s3_downloads/AMZN_1772076635.json
[2026-03-01T06:14:46.012+0000] {logging_mixin.py:188} INFO - Downloaded bronze/AMZN/1772076668.json -> D:\ADF_folder\real-time-stocks-mds\data\s3_downloads/AMZN_1772076668.json
[2026-03-01T06:14:46.400+0000] {logging_mixin.py:188} INFO - Downloaded bronze/AMZN/1772076701.json -> D:\ADF_folder\real-time-stocks-mds\data\s3_downloads/AMZN_1772076701.json
[2026-03-01T06:14:46.794+0000] {logging_mixin.py:188} INFO - Downloaded bronze/AMZN/1772076734.json -> D:\ADF_folder\real-time-stocks-mds\data\s3_downloads/AMZN_1772076734.json
[2026-03-01T06:14:46.238+0000] {logging_mixin.py:188} INFO - Downloaded bronze/AMZN/1772076767.json -> D:\ADF_folder\real-time-stocks-mds\data\s3_downloads/AMZN_1772076767.json
[2026-03-01T06:14:46.628+0000] {logging_mixin.py:188} INFO - Downloaded bronze/AMZN/1772076800.json -> D:\ADF_folder\real-time-stocks-mds\data\s3_downloads/AMZN_1772076800.json
[2026-03-01T06:14:47.015+0000] {logging_mixin.py:188} INFO - Downloaded bronze/AMZN/1772076833.json -> D:\ADF_folder\real-time-stocks-mds\data\s3_downloads/AMZN_1772076833.json
[2026-03-01T06:14:47.400+0000] {logging_mixin.py:188} INFO - Downloaded bronze/AMZN/1772076866.json -> D:\ADF_folder\real-time-stocks-mds\data\s3_downloads/AMZN_1772076866.json
[2026-03-01T06:14:47.793+0000] {logging_mixin.py:188} INFO - Downloaded bronze/AMZN/1772076899.json -> D:\ADF_folder\real-time-stocks-mds\data\s3_downloads/AMZN_1772076899.json
[2026-03-01T06:14:48.182+0000] {logging_mixin.py:188} INFO - Downloaded bronze/AMZN/1772076932.json -> D:\ADF_folder\real-time-stocks-mds\data\s3_downloads/AMZN_1772076932.json
[2026-03-01T06:14:48.565+0000] {logging_mixin.py:188} INFO - Downloaded bronze/AMZN/1772076965.json -> D:\ADF_folder\real-time-stocks-mds\data\s3_downloads/AMZN_1772076965.json
[2026-03-01T06:14:48.936+0000] {logging_mixin.py:188} INFO - Downloaded bronze/AMZN/1772076998.json -> D:\ADF_folder\real-time-stocks-mds\data\s3_downloads/AMZN_1772076998.json
[2026-03-01T06:14:49.303+0000] {logging_mixin.py:188} INFO - Downloaded bronze/AMZN/1772077031.json -> D:\ADF_folder\real-time-stocks-mds\data\s3_downloads/AMZN_1772077031.json
[2026-03-01T06:14:49.666+0000] {logging_mixin.py:188} INFO - Downloaded bronze/AMZN/1772077064.json -> D:\ADF_folder\real-time-stocks-mds\data\s3_downloads/AMZN_1772077064.json
[2026-03-01T06:14:50.035+0000] {logging_mixin.py:188} INFO - Downloaded bronze/AMZN/1772077097.json -> D:\ADF_folder\real-time-stocks-mds\data\s3_downloads/AMZN_1772077097.json
[2026-03-01T06:14:50.403+0000] {logging_mixin.py:188} INFO - Downloaded bronze/AMZN/1772077130.json -> D:\ADF_folder\real-time-stocks-mds\data\s3_downloads/AMZN_1772077130.json
[2026-03-01T06:14:50.766+0000] {logging_mixin.py:188} INFO - Downloaded bronze/AMZN/1772077163.json -> D:\ADF_folder\real-time-stocks-mds\data\s3_downloads/AMZN_1772077163.json
[2026-03-01T06:14:51.130+0000] {logging_mixin.py:188} INFO - Downloaded bronze/AMZN/1772077196.json -> D:\ADF_folder\real-time-stocks-mds\data\s3_downloads/AMZN_1772077196.json
[2026-03-01T06:14:51.503+0000] {logging_mixin.py:188} INFO - Downloaded bronze/AMZN/1772077229.json -> D:\ADF_folder\real-time-stocks-mds\data\s3_downloads/AMZN_1772077229.json
[2026-03-01T06:14:51.877+0000] {logging_mixin.py:188} INFO - Downloaded bronze/AMZN/1772077262.json -> D:\ADF_folder\real-time-stocks-mds\data\s3_downloads/AMZN_1772077262.json
[2026-03-01T06:14:52.294+0000] {logging_mixin.py:188} INFO - Downloaded bronze/AMZN/1772077295.json -> D:\ADF_folder\real-time-stocks-mds\data\s3_downloads/AMZN_1772077295.json
[2026-03-01T06:14:52.697+0000] {logging_mixin.py:188} INFO - Downloaded bronze/AMZN/1772077328.json -> D:\ADF_folder\real-time-stocks-mds\data\s3_downloads/AMZN_1772077328.json
[2026-03-01T06:14:53.096+0000] {logging_mixin.py:188} INFO - Downloaded bronze/AMZN/1772077362.json -> D:\ADF_folder\real-time-stocks-mds\data\s3_downloads/AMZN_1772077362.json
[2026-03-01T06:14:53.494+0000] {logging_mixin.py:188} INFO - Downloaded bronze/AMZN/1772077395.json -> D:\ADF_folder\real-time-stocks-mds\data\s3_downloads/AMZN_1772077395.json
[2026-03-01T06:14:53.888+0000] {logging_mixin.py:188} INFO - Downloaded bronze/AMZN/1772077428.json -> D:\ADF_folder\real-time-stocks-mds\data\s3_downloads/AMZN_1772077428.json
[2026-03-01T06:14:54.287+0000] {logging_mixin.py:188} INFO - Downloaded bronze/AMZN/1772077461.json -> D:\ADF_folder\real-time-stocks-mds\data\s3_downloads/AMZN_1772077461.json
[2026-03-01T06:14:54.684+0000] {logging_mixin.py:188} INFO - Downloaded bronze/AMZN/1772077494.json -> D:\ADF_folder\real-time-stocks-mds\data\s3_downloads/AMZN_1772077494.json
[2026-03-01T06:14:55.084+0000] {logging_mixin.py:188} INFO - Downloaded bronze/AMZN/1772077526.json -> D:\ADF_folder\real-time-stocks-mds\data\s3_downloads/AMZN_1772077526.json
[2026-03-01T06:14:55.480+0000] {logging_mixin.py:188} INFO - Downloaded bronze/AMZN/1772077559.json -> D:\ADF_folder\real-time-stocks-mds\data\s3_downloads/AMZN_1772077559.json
[2026-03-01T06:14:55.881+0000] {logging_mixin.py:188} INFO - Downloaded bronze/AMZN/1772077592.json -> D:\ADF_folder\real-time-stocks-mds\data\s3_downloads/AMZN_1772077592.json
[2026-03-01T06:14:56.266+0000] {logging_mixin.py:188} INFO - Downloaded bronze/AMZN/1772077625.json -> D:\ADF_folder\real-time-stocks-mds\data\s3_downloads/AMZN_1772077625.json
[2026-03-01T06:14:56.636+0000] {logging_mixin.py:188} INFO - Downloaded bronze/AMZN/1772077658.json -> D:\ADF_folder\real-time-stocks-mds\data\s3_downloads/AMZN_1772077658.json
[2026-03-01T06:14:57.005+0000] {logging_mixin.py:188} INFO - Downloaded bronze/AMZN/1772077691.json -> D:\ADF_folder\real-time-stocks-mds\data\s3_downloads/AMZN_1772077691.json
[2026-03-01T06:14:57.374+0000] {logging_mixin.py:188} INFO - Downloaded bronze/AMZN/1772077724.json -> D:\ADF_folder\real-time-stocks-mds\data\s3_downloads/AMZN_1772077724.json
[2026-03-01T06:14:57.751+0000] {logging_mixin.py:188} INFO - Downloaded bronze/AMZN/1772077757.json -> D:\ADF_folder\real-time-stocks-mds\data\s3_downloads/AMZN_1772077757.json
[2026-03-01T06:14:58.125+0000] {logging_mixin.py:188} INFO - Downloaded bronze/AMZN/1772077790.json -> D:\ADF_folder\real-time-stocks-mds\data\s3_downloads/AMZN_1772077790.json
[2026-03-01T06:14:58.494+0000] {logging_mixin.py:188} INFO - Downloaded bronze/AMZN/1772077823.json -> D:\ADF_folder\real-time-stocks-mds\data\s3_downloads/AMZN_1772077823.json
[2026-03-01T06:14:58.869+0000] {logging_mixin.py:188} INFO - Downloaded bronze/AMZN/1772077856.json -> D:\ADF_folder\real-time-stocks-mds\data\s3_downloads/AMZN_1772077856.json
[2026-03-01T06:14:59.238+0000] {logging_mixin.py:188} INFO - Downloaded bronze/AMZN/1772077888.json -> D:\ADF_folder\real-time-stocks-mds\data\s3_downloads/AMZN_1772077888.json
[2026-03-01T06:14:59.604+0000] {logging_mixin.py:188} INFO - Downloaded bronze/AMZN/1772077921.json -> D:\ADF_folder\real-time-stocks-mds\data\s3_downloads/AMZN_1772077921.json
[2026-03-01T06:14:59.984+0000] {logging_mixin.py:188} INFO - Downloaded bronze/AMZN/1772077954.json -> D:\ADF_folder\real-time-stocks-mds\data\s3_downloads/AMZN_1772077954.json
[2026-03-01T06:15:00.382+0000] {logging_mixin.py:188} INFO - Downloaded bronze/AMZN/1772077987.json -> D:\ADF_folder\real-time-stocks-mds\data\s3_downloads/AMZN_1772077987.json
[2026-03-01T06:15:00.786+0000] {logging_mixin.py:188} INFO - Downloaded bronze/AMZN/1772078019.json -> D:\ADF_folder\real-time-stocks-mds\data\s3_downloads/AMZN_1772078019.json
[2026-03-01T06:15:01.183+0000] {logging_mixin.py:188} INFO - Downloaded bronze/AMZN/1772078052.json -> D:\ADF_folder\real-time-stocks-mds\data\s3_downloads/AMZN_1772078052.json
[2026-03-01T06:15:01.576+0000] {logging_mixin.py:188} INFO - Downloaded bronze/AMZN/1772078085.json -> D:\ADF_folder\real-time-stocks-mds\data\s3_downloads/AMZN_1772078085.json
[2026-03-01T06:15:01.971+0000] {logging_mixin.py:188} INFO - Downloaded bronze/AMZN/1772078118.json -> D:\ADF_folder\real-time-stocks-mds\data\s3_downloads/AMZN_1772078118.json
[2026-03-01T06:15:02.367+0000] {logging_mixin.py:188} INFO - Downloaded bronze/AMZN/1772078152.json -> D:\ADF_folder\real-time-stocks-mds\data\s3_downloads/AMZN_1772078152.json
[2026-03-01T06:15:02.757+0000] {logging_mixin.py:188} INFO - Downloaded bronze/AMZN/1772078184.json -> D:\ADF_folder\real-time-stocks-mds\data\s3_downloads/AMZN_1772078184.json
[2026-03-01T06:15:03.652+0000] {logging_mixin.py:188} INFO - Downloaded bronze/AMZN/1772078217.json -> D:\ADF_folder\real-time-stocks-mds\data\s3_downloads/AMZN_1772078217.json
[2026-03-01T06:15:04.018+0000] {logging_mixin.py:188} INFO - Downloaded bronze/AMZN/1772078250.json -> D:\ADF_folder\real-time-stocks-mds\data\s3_downloads/AMZN_1772078250.json
[2026-03-01T06:15:04.388+0000] {logging_mixin.py:188} INFO - Downloaded bronze/AMZN/1772078283.json -> D:\ADF_folder\real-time-stocks-mds\data\s3_downloads/AMZN_1772078283.json
[2026-03-01T06:15:04.767+0000] {logging_mixin.py:188} INFO - Downloaded bronze/AMZN/1772078316.json -> D:\ADF_folder\real-time-stocks-mds\data\s3_downloads/AMZN_1772078316.json
[2026-03-01T06:15:05.129+0000] {logging_mixin.py:188} INFO - Downloaded bronze/AMZN/1772078349.json -> D:\ADF_folder\real-time-stocks-mds\data\s3_downloads/AMZN_1772078349.json
[2026-03-01T06:15:05.501+0000] {logging_mixin.py:188} INFO - Downloaded bronze/AMZN/1772078382.json -> D:\ADF_folder\real-time-stocks-mds\data\s3_downloads/AMZN_1772078382.json
[2026-03-01T06:15:05.878+0000] {logging_mixin.py:188} INFO - Downloaded bronze/AMZN/1772078415.json -> D:\ADF_folder\real-time-stocks-mds\data\s3_downloads/AMZN_1772078415.json
[2026-03-01T06:15:06.248+0000] {logging_mixin.py:188} INFO - Downloaded bronze/AMZN/1772078448.json -> D:\ADF_folder\real-time-stocks-mds\data\s3_downloads/AMZN_1772078448.json
[2026-03-01T06:15:06.618+0000] {logging_mixin.py:188} INFO - Downloaded bronze/AMZN/1772078482.json -> D:\ADF_folder\real-time-stocks-mds\data\s3_downloads/AMZN_1772078482.json
[2026-03-01T06:15:06.999+0000] {logging_mixin.py:188} INFO - Downloaded bronze/AMZN/1772078516.json -> D:\ADF_folder\real-time-stocks-mds\data\s3_downloads/AMZN_1772078516.json
[2026-03-01T06:15:07.373+0000] {logging_mixin.py:188} INFO - Downloaded bronze/AMZN/1772078549.json -> D:\ADF_folder\real-time-stocks-mds\data\s3_downloads/AMZN_1772078549.json
[2026-03-01T06:15:07.741+0000] {logging_mixin.py:188} INFO - Downloaded bronze/AMZN/1772078582.json -> D:\ADF_folder\real-time-stocks-mds\data\s3_downloads/AMZN_1772078582.json
[2026-03-01T06:15:08.124+0000] {logging_mixin.py:188} INFO - Downloaded bronze/AMZN/1772078615.json -> D:\ADF_folder\real-time-stocks-mds\data\s3_downloads/AMZN_1772078615.json
[2026-03-01T06:15:08.523+0000] {logging_mixin.py:188} INFO - Downloaded bronze/AMZN/1772078648.json -> D:\ADF_folder\real-time-stocks-mds\data\s3_downloads/AMZN_1772078648.json
[2026-03-01T06:15:08.913+0000] {logging_mixin.py:188} INFO - Downloaded bronze/AMZN/1772078680.json -> D:\ADF_folder\real-time-stocks-mds\data\s3_downloads/AMZN_1772078680.json
[2026-03-01T06:15:09.299+0000] {logging_mixin.py:188} INFO - Downloaded bronze/AMZN/1772078714.json -> D:\ADF_folder\real-time-stocks-mds\data\s3_downloads/AMZN_1772078714.json
[2026-03-01T06:15:09.691+0000] {logging_mixin.py:188} INFO - Downloaded bronze/AMZN/1772078747.json -> D:\ADF_folder\real-time-stocks-mds\data\s3_downloads/AMZN_1772078747.json
[2026-03-01T06:15:10.081+0000] {logging_mixin.py:188} INFO - Downloaded bronze/AMZN/1772078779.json -> D:\ADF_folder\real-time-stocks-mds\data\s3_downloads/AMZN_1772078779.json
[2026-03-01T06:15:10.485+0000] {logging_mixin.py:188} INFO - Downloaded bronze/AMZN/1772078812.json -> D:\ADF_folder\real-time-stocks-mds\data\s3_downloads/AMZN_1772078812.json
[2026-03-01T06:15:10.876+0000] {logging_mixin.py:188} INFO - Downloaded bronze/AMZN/1772078845.json -> D:\ADF_folder\real-time-stocks-mds\data\s3_downloads/AMZN_1772078845.json
[2026-03-01T06:15:11.265+0000] {logging_mixin.py:188} INFO - Downloaded bronze/AMZN/1772078878.json -> D:\ADF_folder\real-time-stocks-mds\data\s3_downloads/AMZN_1772078878.json
[2026-03-01T06:15:11.656+0000] {logging_mixin.py:188} INFO - Downloaded bronze/AMZN/1772078911.json -> D:\ADF_folder\real-time-stocks-mds\data\s3_downloads/AMZN_1772078911.json
[2026-03-01T06:15:12.037+0000] {logging_mixin.py:188} INFO - Downloaded bronze/AMZN/1772078944.json -> D:\ADF_folder\real-time-stocks-mds\data\s3_downloads/AMZN_1772078944.json
[2026-03-01T06:15:12.406+0000] {logging_mixin.py:188} INFO - Downloaded bronze/AMZN/1772078977.json -> D:\ADF_folder\real-time-stocks-mds\data\s3_downloads/AMZN_1772078977.json
[2026-03-01T06:15:12.772+0000] {logging_mixin.py:188} INFO - Downloaded bronze/AMZN/1772079010.json -> D:\ADF_folder\real-time-stocks-mds\data\s3_downloads/AMZN_1772079010.json
[2026-03-01T06:15:13.148+0000] {logging_mixin.py:188} INFO - Downloaded bronze/AMZN/1772079043.json -> D:\ADF_folder\real-time-stocks-mds\data\s3_downloads/AMZN_1772079043.json
[2026-03-01T06:15:13.517+0000] {logging_mixin.py:188} INFO - Downloaded bronze/AMZN/1772079077.json -> D:\ADF_folder\real-time-stocks-mds\data\s3_downloads/AMZN_1772079077.json
[2026-03-01T06:15:13.897+0000] {logging_mixin.py:188} INFO - Downloaded bronze/AMZN/1772079110.json -> D:\ADF_folder\real-time-stocks-mds\data\s3_downloads/AMZN_1772079110.json
[2026-03-01T06:15:14.268+0000] {logging_mixin.py:188} INFO - Downloaded bronze/AMZN/1772079143.json -> D:\ADF_folder\real-time-stocks-mds\data\s3_downloads/AMZN_1772079143.json
[2026-03-01T06:15:14.638+0000] {logging_mixin.py:188} INFO - Downloaded bronze/AMZN/1772079176.json -> D:\ADF_folder\real-time-stocks-mds\data\s3_downloads/AMZN_1772079176.json
[2026-03-01T06:15:15.009+0000] {logging_mixin.py:188} INFO - Downloaded bronze/AMZN/1772079209.json -> D:\ADF_folder\real-time-stocks-mds\data\s3_downloads/AMZN_1772079209.json
[2026-03-01T06:15:15.399+0000] {logging_mixin.py:188} INFO - Downloaded bronze/AMZN/1772079242.json -> D:\ADF_folder\real-time-stocks-mds\data\s3_downloads/AMZN_1772079242.json
[2026-03-01T06:15:15.770+0000] {logging_mixin.py:188} INFO - Downloaded bronze/AMZN/1772079275.json -> D:\ADF_folder\real-time-stocks-mds\data\s3_downloads/AMZN_1772079275.json
[2026-03-01T06:15:15.771+0000] {logging_mixin.py:188} INFO - 
Processing prefix: bronze/MSFT/
[2026-03-01T06:15:15.559+0000] {logging_mixin.py:188} INFO - Downloaded bronze/MSFT/1771463592.json -> D:\ADF_folder\real-time-stocks-mds\data\s3_downloads/MSFT_1771463592.json
[2026-03-01T06:15:15.928+0000] {logging_mixin.py:188} INFO - Downloaded bronze/MSFT/1771463625.json -> D:\ADF_folder\real-time-stocks-mds\data\s3_downloads/MSFT_1771463625.json
[2026-03-01T06:15:16.316+0000] {logging_mixin.py:188} INFO - Downloaded bronze/MSFT/1771463658.json -> D:\ADF_folder\real-time-stocks-mds\data\s3_downloads/MSFT_1771463658.json
[2026-03-01T06:15:16.695+0000] {logging_mixin.py:188} INFO - Downloaded bronze/MSFT/1771463691.json -> D:\ADF_folder\real-time-stocks-mds\data\s3_downloads/MSFT_1771463691.json
[2026-03-01T06:15:17.074+0000] {logging_mixin.py:188} INFO - Downloaded bronze/MSFT/1771463724.json -> D:\ADF_folder\real-time-stocks-mds\data\s3_downloads/MSFT_1771463724.json
[2026-03-01T06:15:17.459+0000] {logging_mixin.py:188} INFO - Downloaded bronze/MSFT/1771463757.json -> D:\ADF_folder\real-time-stocks-mds\data\s3_downloads/MSFT_1771463757.json
[2026-03-01T06:15:17.843+0000] {logging_mixin.py:188} INFO - Downloaded bronze/MSFT/1771463790.json -> D:\ADF_folder\real-time-stocks-mds\data\s3_downloads/MSFT_1771463790.json
[2026-03-01T06:15:18.225+0000] {logging_mixin.py:188} INFO - Downloaded bronze/MSFT/1771463823.json -> D:\ADF_folder\real-time-stocks-mds\data\s3_downloads/MSFT_1771463823.json
[2026-03-01T06:15:18.613+0000] {logging_mixin.py:188} INFO - Downloaded bronze/MSFT/1771463856.json -> D:\ADF_folder\real-time-stocks-mds\data\s3_downloads/MSFT_1771463856.json
[2026-03-01T06:15:18.991+0000] {logging_mixin.py:188} INFO - Downloaded bronze/MSFT/1771463889.json -> D:\ADF_folder\real-time-stocks-mds\data\s3_downloads/MSFT_1771463889.json
[2026-03-01T06:15:19.372+0000] {logging_mixin.py:188} INFO - Downloaded bronze/MSFT/1771463922.json -> D:\ADF_folder\real-time-stocks-mds\data\s3_downloads/MSFT_1771463922.json
[2026-03-01T06:15:19.750+0000] {logging_mixin.py:188} INFO - Downloaded bronze/MSFT/1771463955.json -> D:\ADF_folder\real-time-stocks-mds\data\s3_downloads/MSFT_1771463955.json
[2026-03-01T06:15:20.124+0000] {logging_mixin.py:188} INFO - Downloaded bronze/MSFT/1771463988.json -> D:\ADF_folder\real-time-stocks-mds\data\s3_downloads/MSFT_1771463988.json
[2026-03-01T06:15:20.505+0000] {logging_mixin.py:188} INFO - Downloaded bronze/MSFT/1771464022.json -> D:\ADF_folder\real-time-stocks-mds\data\s3_downloads/MSFT_1771464022.json
[2026-03-01T06:15:20.888+0000] {logging_mixin.py:188} INFO - Downloaded bronze/MSFT/1771464055.json -> D:\ADF_folder\real-time-stocks-mds\data\s3_downloads/MSFT_1771464055.json
[2026-03-01T06:15:21.265+0000] {logging_mixin.py:188} INFO - Downloaded bronze/MSFT/1771464088.json -> D:\ADF_folder\real-time-stocks-mds\data\s3_downloads/MSFT_1771464088.json
[2026-03-01T06:15:21.642+0000] {logging_mixin.py:188} INFO - Downloaded bronze/MSFT/1771464121.json -> D:\ADF_folder\real-time-stocks-mds\data\s3_downloads/MSFT_1771464121.json
[2026-03-01T06:15:22.508+0000] {logging_mixin.py:188} INFO - Downloaded bronze/MSFT/1771464154.json -> D:\ADF_folder\real-time-stocks-mds\data\s3_downloads/MSFT_1771464154.json
[2026-03-01T06:15:22.883+0000] {logging_mixin.py:188} INFO - Downloaded bronze/MSFT/1771464187.json -> D:\ADF_folder\real-time-stocks-mds\data\s3_downloads/MSFT_1771464187.json
[2026-03-01T06:15:23.256+0000] {logging_mixin.py:188} INFO - Downloaded bronze/MSFT/1771464220.json -> D:\ADF_folder\real-time-stocks-mds\data\s3_downloads/MSFT_1771464220.json
[2026-03-01T06:15:23.627+0000] {logging_mixin.py:188} INFO - Downloaded bronze/MSFT/1771464253.json -> D:\ADF_folder\real-time-stocks-mds\data\s3_downloads/MSFT_1771464253.json
[2026-03-01T06:15:24.005+0000] {logging_mixin.py:188} INFO - Downloaded bronze/MSFT/1771464286.json -> D:\ADF_folder\real-time-stocks-mds\data\s3_downloads/MSFT_1771464286.json
[2026-03-01T06:15:24.414+0000] {logging_mixin.py:188} INFO - Downloaded bronze/MSFT/1771464319.json -> D:\ADF_folder\real-time-stocks-mds\data\s3_downloads/MSFT_1771464319.json
[2026-03-01T06:15:24.814+0000] {logging_mixin.py:188} INFO - Downloaded bronze/MSFT/1771465252.json -> D:\ADF_folder\real-time-stocks-mds\data\s3_downloads/MSFT_1771465252.json
[2026-03-01T06:15:25.220+0000] {logging_mixin.py:188} INFO - Downloaded bronze/MSFT/1771465285.json -> D:\ADF_folder\real-time-stocks-mds\data\s3_downloads/MSFT_1771465285.json
[2026-03-01T06:15:25.626+0000] {logging_mixin.py:188} INFO - Downloaded bronze/MSFT/1771465318.json -> D:\ADF_folder\real-time-stocks-mds\data\s3_downloads/MSFT_1771465318.json
[2026-03-01T06:15:26.017+0000] {logging_mixin.py:188} INFO - Downloaded bronze/MSFT/1771465351.json -> D:\ADF_folder\real-time-stocks-mds\data\s3_downloads/MSFT_1771465351.json
[2026-03-01T06:15:26.419+0000] {logging_mixin.py:188} INFO - Downloaded bronze/MSFT/1771465384.json -> D:\ADF_folder\real-time-stocks-mds\data\s3_downloads/MSFT_1771465384.json
[2026-03-01T06:15:26.822+0000] {logging_mixin.py:188} INFO - Downloaded bronze/MSFT/1771465417.json -> D:\ADF_folder\real-time-stocks-mds\data\s3_downloads/MSFT_1771465417.json
[2026-03-01T06:15:27.221+0000] {logging_mixin.py:188} INFO - Downloaded bronze/MSFT/1771465450.json -> D:\ADF_folder\real-time-stocks-mds\data\s3_downloads/MSFT_1771465450.json
[2026-03-01T06:15:27.618+0000] {logging_mixin.py:188} INFO - Downloaded bronze/MSFT/1771465483.json -> D:\ADF_folder\real-time-stocks-mds\data\s3_downloads/MSFT_1771465483.json
[2026-03-01T06:15:28.011+0000] {logging_mixin.py:188} INFO - Downloaded bronze/MSFT/1771465516.json -> D:\ADF_folder\real-time-stocks-mds\data\s3_downloads/MSFT_1771465516.json
[2026-03-01T06:15:28.385+0000] {logging_mixin.py:188} INFO - Downloaded bronze/MSFT/1771465549.json -> D:\ADF_folder\real-time-stocks-mds\data\s3_downloads/MSFT_1771465549.json
[2026-03-01T06:15:28.758+0000] {logging_mixin.py:188} INFO - Downloaded bronze/MSFT/1771465582.json -> D:\ADF_folder\real-time-stocks-mds\data\s3_downloads/MSFT_1771465582.json
[2026-03-01T06:15:29.132+0000] {logging_mixin.py:188} INFO - Downloaded bronze/MSFT/1772074563.json -> D:\ADF_folder\real-time-stocks-mds\data\s3_downloads/MSFT_1772074563.json
[2026-03-01T06:15:29.506+0000] {logging_mixin.py:188} INFO - Downloaded bronze/MSFT/1772074596.json -> D:\ADF_folder\real-time-stocks-mds\data\s3_downloads/MSFT_1772074596.json
[2026-03-01T06:15:29.872+0000] {logging_mixin.py:188} INFO - Downloaded bronze/MSFT/1772074629.json -> D:\ADF_folder\real-time-stocks-mds\data\s3_downloads/MSFT_1772074629.json
[2026-03-01T06:15:30.244+0000] {logging_mixin.py:188} INFO - Downloaded bronze/MSFT/1772074662.json -> D:\ADF_folder\real-time-stocks-mds\data\s3_downloads/MSFT_1772074662.json
[2026-03-01T06:15:30.618+0000] {logging_mixin.py:188} INFO - Downloaded bronze/MSFT/1772074696.json -> D:\ADF_folder\real-time-stocks-mds\data\s3_downloads/MSFT_1772074696.json
[2026-03-01T06:15:30.995+0000] {logging_mixin.py:188} INFO - Downloaded bronze/MSFT/1772074729.json -> D:\ADF_folder\real-time-stocks-mds\data\s3_downloads/MSFT_1772074729.json
[2026-03-01T06:15:31.369+0000] {logging_mixin.py:188} INFO - Downloaded bronze/MSFT/1772074762.json -> D:\ADF_folder\real-time-stocks-mds\data\s3_downloads/MSFT_1772074762.json
[2026-03-01T06:15:31.739+0000] {logging_mixin.py:188} INFO - Downloaded bronze/MSFT/1772074795.json -> D:\ADF_folder\real-time-stocks-mds\data\s3_downloads/MSFT_1772074795.json
[2026-03-01T06:15:32.119+0000] {logging_mixin.py:188} INFO - Downloaded bronze/MSFT/1772074828.json -> D:\ADF_folder\real-time-stocks-mds\data\s3_downloads/MSFT_1772074828.json
[2026-03-01T06:15:32.527+0000] {logging_mixin.py:188} INFO - Downloaded bronze/MSFT/1772074861.json -> D:\ADF_folder\real-time-stocks-mds\data\s3_downloads/MSFT_1772074861.json
[2026-03-01T06:15:32.935+0000] {logging_mixin.py:188} INFO - Downloaded bronze/MSFT/1772074894.json -> D:\ADF_folder\real-time-stocks-mds\data\s3_downloads/MSFT_1772074894.json
[2026-03-01T06:15:33.339+0000] {logging_mixin.py:188} INFO - Downloaded bronze/MSFT/1772074927.json -> D:\ADF_folder\real-time-stocks-mds\data\s3_downloads/MSFT_1772074927.json
[2026-03-01T06:15:33.750+0000] {logging_mixin.py:188} INFO - Downloaded bronze/MSFT/1772074960.json -> D:\ADF_folder\real-time-stocks-mds\data\s3_downloads/MSFT_1772074960.json
[2026-03-01T06:15:34.151+0000] {logging_mixin.py:188} INFO - Downloaded bronze/MSFT/1772074993.json -> D:\ADF_folder\real-time-stocks-mds\data\s3_downloads/MSFT_1772074993.json
[2026-03-01T06:15:34.554+0000] {logging_mixin.py:188} INFO - Downloaded bronze/MSFT/1772075026.json -> D:\ADF_folder\real-time-stocks-mds\data\s3_downloads/MSFT_1772075026.json
[2026-03-01T06:15:34.961+0000] {logging_mixin.py:188} INFO - Downloaded bronze/MSFT/1772075059.json -> D:\ADF_folder\real-time-stocks-mds\data\s3_downloads/MSFT_1772075059.json
[2026-03-01T06:15:35.356+0000] {logging_mixin.py:188} INFO - Downloaded bronze/MSFT/1772075092.json -> D:\ADF_folder\real-time-stocks-mds\data\s3_downloads/MSFT_1772075092.json
[2026-03-01T06:15:35.751+0000] {logging_mixin.py:188} INFO - Downloaded bronze/MSFT/1772075125.json -> D:\ADF_folder\real-time-stocks-mds\data\s3_downloads/MSFT_1772075125.json
[2026-03-01T06:15:36.117+0000] {logging_mixin.py:188} INFO - Downloaded bronze/MSFT/1772075158.json -> D:\ADF_folder\real-time-stocks-mds\data\s3_downloads/MSFT_1772075158.json
[2026-03-01T06:15:36.491+0000] {logging_mixin.py:188} INFO - Downloaded bronze/MSFT/1772075191.json -> D:\ADF_folder\real-time-stocks-mds\data\s3_downloads/MSFT_1772075191.json
[2026-03-01T06:15:36.862+0000] {logging_mixin.py:188} INFO - Downloaded bronze/MSFT/1772075224.json -> D:\ADF_folder\real-time-stocks-mds\data\s3_downloads/MSFT_1772075224.json
[2026-03-01T06:15:37.237+0000] {logging_mixin.py:188} INFO - Downloaded bronze/MSFT/1772075257.json -> D:\ADF_folder\real-time-stocks-mds\data\s3_downloads/MSFT_1772075257.json
[2026-03-01T06:15:37.607+0000] {logging_mixin.py:188} INFO - Downloaded bronze/MSFT/1772075290.json -> D:\ADF_folder\real-time-stocks-mds\data\s3_downloads/MSFT_1772075290.json
[2026-03-01T06:15:37.981+0000] {logging_mixin.py:188} INFO - Downloaded bronze/MSFT/1772075323.json -> D:\ADF_folder\real-time-stocks-mds\data\s3_downloads/MSFT_1772075323.json
[2026-03-01T06:15:38.349+0000] {logging_mixin.py:188} INFO - Downloaded bronze/MSFT/1772075356.json -> D:\ADF_folder\real-time-stocks-mds\data\s3_downloads/MSFT_1772075356.json
[2026-03-01T06:15:38.724+0000] {logging_mixin.py:188} INFO - Downloaded bronze/MSFT/1772075389.json -> D:\ADF_folder\real-time-stocks-mds\data\s3_downloads/MSFT_1772075389.json
[2026-03-01T06:15:39.094+0000] {logging_mixin.py:188} INFO - Downloaded bronze/MSFT/1772075422.json -> D:\ADF_folder\real-time-stocks-mds\data\s3_downloads/MSFT_1772075422.json
[2026-03-01T06:15:39.468+0000] {logging_mixin.py:188} INFO - Downloaded bronze/MSFT/1772075455.json -> D:\ADF_folder\real-time-stocks-mds\data\s3_downloads/MSFT_1772075455.json
[2026-03-01T06:15:39.835+0000] {logging_mixin.py:188} INFO - Downloaded bronze/MSFT/1772075487.json -> D:\ADF_folder\real-time-stocks-mds\data\s3_downloads/MSFT_1772075487.json
[2026-03-01T06:15:40.222+0000] {logging_mixin.py:188} INFO - Downloaded bronze/MSFT/1772075520.json -> D:\ADF_folder\real-time-stocks-mds\data\s3_downloads/MSFT_1772075520.json
[2026-03-01T06:15:40.624+0000] {logging_mixin.py:188} INFO - Downloaded bronze/MSFT/1772075553.json -> D:\ADF_folder\real-time-stocks-mds\data\s3_downloads/MSFT_1772075553.json
[2026-03-01T06:15:41.012+0000] {logging_mixin.py:188} INFO - Downloaded bronze/MSFT/1772075586.json -> D:\ADF_folder\real-time-stocks-mds\data\s3_downloads/MSFT_1772075586.json
[2026-03-01T06:15:41.409+0000] {logging_mixin.py:188} INFO - Downloaded bronze/MSFT/1772075620.json -> D:\ADF_folder\real-time-stocks-mds\data\s3_downloads/MSFT_1772075620.json
[2026-03-01T06:15:42.207+0000] {logging_mixin.py:188} INFO - Downloaded bronze/MSFT/1772075653.json -> D:\ADF_folder\real-time-stocks-mds\data\s3_downloads/MSFT_1772075653.json
[2026-03-01T06:15:42.604+0000] {logging_mixin.py:188} INFO - Downloaded bronze/MSFT/1772075686.json -> D:\ADF_folder\real-time-stocks-mds\data\s3_downloads/MSFT_1772075686.json
[2026-03-01T06:15:43.000+0000] {logging_mixin.py:188} INFO - Downloaded bronze/MSFT/1772075719.json -> D:\ADF_folder\real-time-stocks-mds\data\s3_downloads/MSFT_1772075719.json
[2026-03-01T06:15:43.386+0000] {logging_mixin.py:188} INFO - Downloaded bronze/MSFT/1772075752.json -> D:\ADF_folder\real-time-stocks-mds\data\s3_downloads/MSFT_1772075752.json
[2026-03-01T06:15:43.782+0000] {logging_mixin.py:188} INFO - Downloaded bronze/MSFT/1772075785.json -> D:\ADF_folder\real-time-stocks-mds\data\s3_downloads/MSFT_1772075785.json
[2026-03-01T06:15:44.159+0000] {logging_mixin.py:188} INFO - Downloaded bronze/MSFT/1772075818.json -> D:\ADF_folder\real-time-stocks-mds\data\s3_downloads/MSFT_1772075818.json
[2026-03-01T06:15:44.522+0000] {logging_mixin.py:188} INFO - Downloaded bronze/MSFT/1772075851.json -> D:\ADF_folder\real-time-stocks-mds\data\s3_downloads/MSFT_1772075851.json
[2026-03-01T06:15:44.886+0000] {logging_mixin.py:188} INFO - Downloaded bronze/MSFT/1772075883.json -> D:\ADF_folder\real-time-stocks-mds\data\s3_downloads/MSFT_1772075883.json
[2026-03-01T06:15:44.250+0000] {logging_mixin.py:188} INFO - Downloaded bronze/MSFT/1772075916.json -> D:\ADF_folder\real-time-stocks-mds\data\s3_downloads/MSFT_1772075916.json
[2026-03-01T06:15:44.622+0000] {logging_mixin.py:188} INFO - Downloaded bronze/MSFT/1772075949.json -> D:\ADF_folder\real-time-stocks-mds\data\s3_downloads/MSFT_1772075949.json
[2026-03-01T06:15:44.990+0000] {logging_mixin.py:188} INFO - Downloaded bronze/MSFT/1772075982.json -> D:\ADF_folder\real-time-stocks-mds\data\s3_downloads/MSFT_1772075982.json
[2026-03-01T06:15:45.357+0000] {logging_mixin.py:188} INFO - Downloaded bronze/MSFT/1772076015.json -> D:\ADF_folder\real-time-stocks-mds\data\s3_downloads/MSFT_1772076015.json
[2026-03-01T06:15:45.732+0000] {logging_mixin.py:188} INFO - Downloaded bronze/MSFT/1772076048.json -> D:\ADF_folder\real-time-stocks-mds\data\s3_downloads/MSFT_1772076048.json
[2026-03-01T06:15:46.099+0000] {logging_mixin.py:188} INFO - Downloaded bronze/MSFT/1772076081.json -> D:\ADF_folder\real-time-stocks-mds\data\s3_downloads/MSFT_1772076081.json
[2026-03-01T06:15:46.469+0000] {logging_mixin.py:188} INFO - Downloaded bronze/MSFT/1772076114.json -> D:\ADF_folder\real-time-stocks-mds\data\s3_downloads/MSFT_1772076114.json
[2026-03-01T06:15:46.842+0000] {logging_mixin.py:188} INFO - Downloaded bronze/MSFT/1772076147.json -> D:\ADF_folder\real-time-stocks-mds\data\s3_downloads/MSFT_1772076147.json
[2026-03-01T06:15:47.209+0000] {logging_mixin.py:188} INFO - Downloaded bronze/MSFT/1772076180.json -> D:\ADF_folder\real-time-stocks-mds\data\s3_downloads/MSFT_1772076180.json
[2026-03-01T06:15:47.576+0000] {logging_mixin.py:188} INFO - Downloaded bronze/MSFT/1772076213.json -> D:\ADF_folder\real-time-stocks-mds\data\s3_downloads/MSFT_1772076213.json
[2026-03-01T06:15:47.941+0000] {logging_mixin.py:188} INFO - Downloaded bronze/MSFT/1772076246.json -> D:\ADF_folder\real-time-stocks-mds\data\s3_downloads/MSFT_1772076246.json
[2026-03-01T06:15:48.333+0000] {logging_mixin.py:188} INFO - Downloaded bronze/MSFT/1772076279.json -> D:\ADF_folder\real-time-stocks-mds\data\s3_downloads/MSFT_1772076279.json
[2026-03-01T06:15:48.726+0000] {logging_mixin.py:188} INFO - Downloaded bronze/MSFT/1772076312.json -> D:\ADF_folder\real-time-stocks-mds\data\s3_downloads/MSFT_1772076312.json
[2026-03-01T06:15:49.127+0000] {logging_mixin.py:188} INFO - Downloaded bronze/MSFT/1772076344.json -> D:\ADF_folder\real-time-stocks-mds\data\s3_downloads/MSFT_1772076344.json
[2026-03-01T06:15:49.521+0000] {logging_mixin.py:188} INFO - Downloaded bronze/MSFT/1772076377.json -> D:\ADF_folder\real-time-stocks-mds\data\s3_downloads/MSFT_1772076377.json
[2026-03-01T06:15:49.920+0000] {logging_mixin.py:188} INFO - Downloaded bronze/MSFT/1772076410.json -> D:\ADF_folder\real-time-stocks-mds\data\s3_downloads/MSFT_1772076410.json
[2026-03-01T06:15:50.316+0000] {logging_mixin.py:188} INFO - Downloaded bronze/MSFT/1772076444.json -> D:\ADF_folder\real-time-stocks-mds\data\s3_downloads/MSFT_1772076444.json
[2026-03-01T06:15:50.712+0000] {logging_mixin.py:188} INFO - Downloaded bronze/MSFT/1772076477.json -> D:\ADF_folder\real-time-stocks-mds\data\s3_downloads/MSFT_1772076477.json
[2026-03-01T06:15:51.111+0000] {logging_mixin.py:188} INFO - Downloaded bronze/MSFT/1772076510.json -> D:\ADF_folder\real-time-stocks-mds\data\s3_downloads/MSFT_1772076510.json
[2026-03-01T06:15:51.508+0000] {logging_mixin.py:188} INFO - Downloaded bronze/MSFT/1772076543.json -> D:\ADF_folder\real-time-stocks-mds\data\s3_downloads/MSFT_1772076543.json
[2026-03-01T06:15:51.904+0000] {logging_mixin.py:188} INFO - Downloaded bronze/MSFT/1772076576.json -> D:\ADF_folder\real-time-stocks-mds\data\s3_downloads/MSFT_1772076576.json
[2026-03-01T06:15:52.275+0000] {logging_mixin.py:188} INFO - Downloaded bronze/MSFT/1772076609.json -> D:\ADF_folder\real-time-stocks-mds\data\s3_downloads/MSFT_1772076609.json
[2026-03-01T06:15:52.649+0000] {logging_mixin.py:188} INFO - Downloaded bronze/MSFT/1772076642.json -> D:\ADF_folder\real-time-stocks-mds\data\s3_downloads/MSFT_1772076642.json
[2026-03-01T06:15:53.027+0000] {logging_mixin.py:188} INFO - Downloaded bronze/MSFT/1772076674.json -> D:\ADF_folder\real-time-stocks-mds\data\s3_downloads/MSFT_1772076674.json
[2026-03-01T06:15:53.397+0000] {logging_mixin.py:188} INFO - Downloaded bronze/MSFT/1772076707.json -> D:\ADF_folder\real-time-stocks-mds\data\s3_downloads/MSFT_1772076707.json
[2026-03-01T06:15:53.763+0000] {logging_mixin.py:188} INFO - Downloaded bronze/MSFT/1772076740.json -> D:\ADF_folder\real-time-stocks-mds\data\s3_downloads/MSFT_1772076740.json
[2026-03-01T06:15:54.131+0000] {logging_mixin.py:188} INFO - Downloaded bronze/MSFT/1772076773.json -> D:\ADF_folder\real-time-stocks-mds\data\s3_downloads/MSFT_1772076773.json
[2026-03-01T06:15:54.504+0000] {logging_mixin.py:188} INFO - Downloaded bronze/MSFT/1772076807.json -> D:\ADF_folder\real-time-stocks-mds\data\s3_downloads/MSFT_1772076807.json
[2026-03-01T06:15:54.878+0000] {logging_mixin.py:188} INFO - Downloaded bronze/MSFT/1772076840.json -> D:\ADF_folder\real-time-stocks-mds\data\s3_downloads/MSFT_1772076840.json
[2026-03-01T06:15:55.247+0000] {logging_mixin.py:188} INFO - Downloaded bronze/MSFT/1772076873.json -> D:\ADF_folder\real-time-stocks-mds\data\s3_downloads/MSFT_1772076873.json
[2026-03-01T06:15:55.611+0000] {logging_mixin.py:188} INFO - Downloaded bronze/MSFT/1772076905.json -> D:\ADF_folder\real-time-stocks-mds\data\s3_downloads/MSFT_1772076905.json
[2026-03-01T06:15:55.981+0000] {logging_mixin.py:188} INFO - Downloaded bronze/MSFT/1772076939.json -> D:\ADF_folder\real-time-stocks-mds\data\s3_downloads/MSFT_1772076939.json
[2026-03-01T06:15:56.384+0000] {logging_mixin.py:188} INFO - Downloaded bronze/MSFT/1772076972.json -> D:\ADF_folder\real-time-stocks-mds\data\s3_downloads/MSFT_1772076972.json
[2026-03-01T06:15:56.795+0000] {logging_mixin.py:188} INFO - Downloaded bronze/MSFT/1772077005.json -> D:\ADF_folder\real-time-stocks-mds\data\s3_downloads/MSFT_1772077005.json
[2026-03-01T06:15:57.196+0000] {logging_mixin.py:188} INFO - Downloaded bronze/MSFT/1772077038.json -> D:\ADF_folder\real-time-stocks-mds\data\s3_downloads/MSFT_1772077038.json
[2026-03-01T06:15:57.602+0000] {logging_mixin.py:188} INFO - Downloaded bronze/MSFT/1772077071.json -> D:\ADF_folder\real-time-stocks-mds\data\s3_downloads/MSFT_1772077071.json
[2026-03-01T06:15:58.004+0000] {logging_mixin.py:188} INFO - Downloaded bronze/MSFT/1772077104.json -> D:\ADF_folder\real-time-stocks-mds\data\s3_downloads/MSFT_1772077104.json
[2026-03-01T06:15:58.404+0000] {logging_mixin.py:188} INFO - Downloaded bronze/MSFT/1772077137.json -> D:\ADF_folder\real-time-stocks-mds\data\s3_downloads/MSFT_1772077137.json
[2026-03-01T06:15:58.812+0000] {logging_mixin.py:188} INFO - Downloaded bronze/MSFT/1772077170.json -> D:\ADF_folder\real-time-stocks-mds\data\s3_downloads/MSFT_1772077170.json
[2026-03-01T06:15:59.220+0000] {logging_mixin.py:188} INFO - Downloaded bronze/MSFT/1772077203.json -> D:\ADF_folder\real-time-stocks-mds\data\s3_downloads/MSFT_1772077203.json
[2026-03-01T06:15:59.606+0000] {logging_mixin.py:188} INFO - Downloaded bronze/MSFT/1772077236.json -> D:\ADF_folder\real-time-stocks-mds\data\s3_downloads/MSFT_1772077236.json
[2026-03-01T06:15:59.992+0000] {logging_mixin.py:188} INFO - Downloaded bronze/MSFT/1772077269.json -> D:\ADF_folder\real-time-stocks-mds\data\s3_downloads/MSFT_1772077269.json
[2026-03-01T06:16:00.822+0000] {logging_mixin.py:188} INFO - Downloaded bronze/MSFT/1772077302.json -> D:\ADF_folder\real-time-stocks-mds\data\s3_downloads/MSFT_1772077302.json
[2026-03-01T06:16:01.185+0000] {logging_mixin.py:188} INFO - Downloaded bronze/MSFT/1772077335.json -> D:\ADF_folder\real-time-stocks-mds\data\s3_downloads/MSFT_1772077335.json
[2026-03-01T06:16:01.559+0000] {logging_mixin.py:188} INFO - Downloaded bronze/MSFT/1772077369.json -> D:\ADF_folder\real-time-stocks-mds\data\s3_downloads/MSFT_1772077369.json
[2026-03-01T06:16:01.920+0000] {logging_mixin.py:188} INFO - Downloaded bronze/MSFT/1772077402.json -> D:\ADF_folder\real-time-stocks-mds\data\s3_downloads/MSFT_1772077402.json
[2026-03-01T06:16:02.289+0000] {logging_mixin.py:188} INFO - Downloaded bronze/MSFT/1772077434.json -> D:\ADF_folder\real-time-stocks-mds\data\s3_downloads/MSFT_1772077434.json
[2026-03-01T06:16:02.654+0000] {logging_mixin.py:188} INFO - Downloaded bronze/MSFT/1772077467.json -> D:\ADF_folder\real-time-stocks-mds\data\s3_downloads/MSFT_1772077467.json
[2026-03-01T06:16:03.024+0000] {logging_mixin.py:188} INFO - Downloaded bronze/MSFT/1772077500.json -> D:\ADF_folder\real-time-stocks-mds\data\s3_downloads/MSFT_1772077500.json
[2026-03-01T06:16:03.391+0000] {logging_mixin.py:188} INFO - Downloaded bronze/MSFT/1772077533.json -> D:\ADF_folder\real-time-stocks-mds\data\s3_downloads/MSFT_1772077533.json
[2026-03-01T06:16:03.757+0000] {logging_mixin.py:188} INFO - Downloaded bronze/MSFT/1772077566.json -> D:\ADF_folder\real-time-stocks-mds\data\s3_downloads/MSFT_1772077566.json
[2026-03-01T06:16:04.132+0000] {logging_mixin.py:188} INFO - Downloaded bronze/MSFT/1772077599.json -> D:\ADF_folder\real-time-stocks-mds\data\s3_downloads/MSFT_1772077599.json
[2026-03-01T06:16:04.537+0000] {logging_mixin.py:188} INFO - Downloaded bronze/MSFT/1772077632.json -> D:\ADF_folder\real-time-stocks-mds\data\s3_downloads/MSFT_1772077632.json
[2026-03-01T06:16:04.934+0000] {logging_mixin.py:188} INFO - Downloaded bronze/MSFT/1772077665.json -> D:\ADF_folder\real-time-stocks-mds\data\s3_downloads/MSFT_1772077665.json
[2026-03-01T06:16:05.337+0000] {logging_mixin.py:188} INFO - Downloaded bronze/MSFT/1772077698.json -> D:\ADF_folder\real-time-stocks-mds\data\s3_downloads/MSFT_1772077698.json
[2026-03-01T06:16:05.735+0000] {logging_mixin.py:188} INFO - Downloaded bronze/MSFT/1772077731.json -> D:\ADF_folder\real-time-stocks-mds\data\s3_downloads/MSFT_1772077731.json
[2026-03-01T06:16:06.138+0000] {logging_mixin.py:188} INFO - Downloaded bronze/MSFT/1772077764.json -> D:\ADF_folder\real-time-stocks-mds\data\s3_downloads/MSFT_1772077764.json
[2026-03-01T06:16:06.534+0000] {logging_mixin.py:188} INFO - Downloaded bronze/MSFT/1772077796.json -> D:\ADF_folder\real-time-stocks-mds\data\s3_downloads/MSFT_1772077796.json
[2026-03-01T06:16:06.930+0000] {logging_mixin.py:188} INFO - Downloaded bronze/MSFT/1772077829.json -> D:\ADF_folder\real-time-stocks-mds\data\s3_downloads/MSFT_1772077829.json
[2026-03-01T06:16:07.326+0000] {logging_mixin.py:188} INFO - Downloaded bronze/MSFT/1772077862.json -> D:\ADF_folder\real-time-stocks-mds\data\s3_downloads/MSFT_1772077862.json
[2026-03-01T06:16:07.711+0000] {logging_mixin.py:188} INFO - Downloaded bronze/MSFT/1772077895.json -> D:\ADF_folder\real-time-stocks-mds\data\s3_downloads/MSFT_1772077895.json
[2026-03-01T06:16:08.082+0000] {logging_mixin.py:188} INFO - Downloaded bronze/MSFT/1772077928.json -> D:\ADF_folder\real-time-stocks-mds\data\s3_downloads/MSFT_1772077928.json
[2026-03-01T06:16:08.447+0000] {logging_mixin.py:188} INFO - Downloaded bronze/MSFT/1772077960.json -> D:\ADF_folder\real-time-stocks-mds\data\s3_downloads/MSFT_1772077960.json
[2026-03-01T06:16:08.819+0000] {logging_mixin.py:188} INFO - Downloaded bronze/MSFT/1772077993.json -> D:\ADF_folder\real-time-stocks-mds\data\s3_downloads/MSFT_1772077993.json
[2026-03-01T06:16:09.191+0000] {logging_mixin.py:188} INFO - Downloaded bronze/MSFT/1772078026.json -> D:\ADF_folder\real-time-stocks-mds\data\s3_downloads/MSFT_1772078026.json
[2026-03-01T06:16:09.561+0000] {logging_mixin.py:188} INFO - Downloaded bronze/MSFT/1772078059.json -> D:\ADF_folder\real-time-stocks-mds\data\s3_downloads/MSFT_1772078059.json
[2026-03-01T06:16:09.933+0000] {logging_mixin.py:188} INFO - Downloaded bronze/MSFT/1772078092.json -> D:\ADF_folder\real-time-stocks-mds\data\s3_downloads/MSFT_1772078092.json
[2026-03-01T06:16:10.307+0000] {logging_mixin.py:188} INFO - Downloaded bronze/MSFT/1772078125.json -> D:\ADF_folder\real-time-stocks-mds\data\s3_downloads/MSFT_1772078125.json
[2026-03-01T06:16:10.678+0000] {logging_mixin.py:188} INFO - Downloaded bronze/MSFT/1772078158.json -> D:\ADF_folder\real-time-stocks-mds\data\s3_downloads/MSFT_1772078158.json
[2026-03-01T06:16:11.052+0000] {logging_mixin.py:188} INFO - Downloaded bronze/MSFT/1772078191.json -> D:\ADF_folder\real-time-stocks-mds\data\s3_downloads/MSFT_1772078191.json
[2026-03-01T06:16:11.418+0000] {logging_mixin.py:188} INFO - Downloaded bronze/MSFT/1772078224.json -> D:\ADF_folder\real-time-stocks-mds\data\s3_downloads/MSFT_1772078224.json
[2026-03-01T06:16:11.787+0000] {logging_mixin.py:188} INFO - Downloaded bronze/MSFT/1772078257.json -> D:\ADF_folder\real-time-stocks-mds\data\s3_downloads/MSFT_1772078257.json
[2026-03-01T06:16:12.170+0000] {logging_mixin.py:188} INFO - Downloaded bronze/MSFT/1772078290.json -> D:\ADF_folder\real-time-stocks-mds\data\s3_downloads/MSFT_1772078290.json
[2026-03-01T06:16:12.568+0000] {logging_mixin.py:188} INFO - Downloaded bronze/MSFT/1772078323.json -> D:\ADF_folder\real-time-stocks-mds\data\s3_downloads/MSFT_1772078323.json
[2026-03-01T06:16:12.960+0000] {logging_mixin.py:188} INFO - Downloaded bronze/MSFT/1772078356.json -> D:\ADF_folder\real-time-stocks-mds\data\s3_downloads/MSFT_1772078356.json
[2026-03-01T06:16:13.367+0000] {logging_mixin.py:188} INFO - Downloaded bronze/MSFT/1772078388.json -> D:\ADF_folder\real-time-stocks-mds\data\s3_downloads/MSFT_1772078388.json
[2026-03-01T06:16:13.759+0000] {logging_mixin.py:188} INFO - Downloaded bronze/MSFT/1772078422.json -> D:\ADF_folder\real-time-stocks-mds\data\s3_downloads/MSFT_1772078422.json
[2026-03-01T06:16:13.243+0000] {logging_mixin.py:188} INFO - Downloaded bronze/MSFT/1772078455.json -> D:\ADF_folder\real-time-stocks-mds\data\s3_downloads/MSFT_1772078455.json
[2026-03-01T06:16:13.632+0000] {logging_mixin.py:188} INFO - Downloaded bronze/MSFT/1772078489.json -> D:\ADF_folder\real-time-stocks-mds\data\s3_downloads/MSFT_1772078489.json
[2026-03-01T06:16:14.027+0000] {logging_mixin.py:188} INFO - Downloaded bronze/MSFT/1772078522.json -> D:\ADF_folder\real-time-stocks-mds\data\s3_downloads/MSFT_1772078522.json
[2026-03-01T06:16:14.424+0000] {logging_mixin.py:188} INFO - Downloaded bronze/MSFT/1772078555.json -> D:\ADF_folder\real-time-stocks-mds\data\s3_downloads/MSFT_1772078555.json
[2026-03-01T06:16:14.820+0000] {logging_mixin.py:188} INFO - Downloaded bronze/MSFT/1772078588.json -> D:\ADF_folder\real-time-stocks-mds\data\s3_downloads/MSFT_1772078588.json
[2026-03-01T06:16:15.216+0000] {logging_mixin.py:188} INFO - Downloaded bronze/MSFT/1772078621.json -> D:\ADF_folder\real-time-stocks-mds\data\s3_downloads/MSFT_1772078621.json
[2026-03-01T06:16:15.617+0000] {logging_mixin.py:188} INFO - Downloaded bronze/MSFT/1772078654.json -> D:\ADF_folder\real-time-stocks-mds\data\s3_downloads/MSFT_1772078654.json
[2026-03-01T06:16:16.004+0000] {logging_mixin.py:188} INFO - Downloaded bronze/MSFT/1772078687.json -> D:\ADF_folder\real-time-stocks-mds\data\s3_downloads/MSFT_1772078687.json
[2026-03-01T06:16:16.390+0000] {logging_mixin.py:188} INFO - Downloaded bronze/MSFT/1772078720.json -> D:\ADF_folder\real-time-stocks-mds\data\s3_downloads/MSFT_1772078720.json
[2026-03-01T06:16:16.781+0000] {logging_mixin.py:188} INFO - Downloaded bronze/MSFT/1772078753.json -> D:\ADF_folder\real-time-stocks-mds\data\s3_downloads/MSFT_1772078753.json
[2026-03-01T06:16:17.202+0000] {logging_mixin.py:188} INFO - Downloaded bronze/MSFT/1772078786.json -> D:\ADF_folder\real-time-stocks-mds\data\s3_downloads/MSFT_1772078786.json
[2026-03-01T06:16:17.623+0000] {logging_mixin.py:188} INFO - Downloaded bronze/MSFT/1772078819.json -> D:\ADF_folder\real-time-stocks-mds\data\s3_downloads/MSFT_1772078819.json
[2026-03-01T06:16:18.065+0000] {logging_mixin.py:188} INFO - Downloaded bronze/MSFT/1772078852.json -> D:\ADF_folder\real-time-stocks-mds\data\s3_downloads/MSFT_1772078852.json
[2026-03-01T06:16:18.541+0000] {logging_mixin.py:188} INFO - Downloaded bronze/MSFT/1772078885.json -> D:\ADF_folder\real-time-stocks-mds\data\s3_downloads/MSFT_1772078885.json
[2026-03-01T06:16:19.022+0000] {logging_mixin.py:188} INFO - Downloaded bronze/MSFT/1772078918.json -> D:\ADF_folder\real-time-stocks-mds\data\s3_downloads/MSFT_1772078918.json
[2026-03-01T06:16:20.063+0000] {logging_mixin.py:188} INFO - Downloaded bronze/MSFT/1772078951.json -> D:\ADF_folder\real-time-stocks-mds\data\s3_downloads/MSFT_1772078951.json
[2026-03-01T06:16:20.608+0000] {logging_mixin.py:188} INFO - Downloaded bronze/MSFT/1772078984.json -> D:\ADF_folder\real-time-stocks-mds\data\s3_downloads/MSFT_1772078984.json
[2026-03-01T06:16:21.148+0000] {logging_mixin.py:188} INFO - Downloaded bronze/MSFT/1772079017.json -> D:\ADF_folder\real-time-stocks-mds\data\s3_downloads/MSFT_1772079017.json
[2026-03-01T06:16:21.680+0000] {logging_mixin.py:188} INFO - Downloaded bronze/MSFT/1772079050.json -> D:\ADF_folder\real-time-stocks-mds\data\s3_downloads/MSFT_1772079050.json
[2026-03-01T06:16:22.198+0000] {logging_mixin.py:188} INFO - Downloaded bronze/MSFT/1772079084.json -> D:\ADF_folder\real-time-stocks-mds\data\s3_downloads/MSFT_1772079084.json
[2026-03-01T06:16:22.714+0000] {logging_mixin.py:188} INFO - Downloaded bronze/MSFT/1772079117.json -> D:\ADF_folder\real-time-stocks-mds\data\s3_downloads/MSFT_1772079117.json
[2026-03-01T06:16:23.239+0000] {logging_mixin.py:188} INFO - Downloaded bronze/MSFT/1772079150.json -> D:\ADF_folder\real-time-stocks-mds\data\s3_downloads/MSFT_1772079150.json
[2026-03-01T06:16:23.770+0000] {logging_mixin.py:188} INFO - Downloaded bronze/MSFT/1772079183.json -> D:\ADF_folder\real-time-stocks-mds\data\s3_downloads/MSFT_1772079183.json
[2026-03-01T06:16:24.273+0000] {logging_mixin.py:188} INFO - Downloaded bronze/MSFT/1772079216.json -> D:\ADF_folder\real-time-stocks-mds\data\s3_downloads/MSFT_1772079216.json
[2026-03-01T06:16:24.776+0000] {logging_mixin.py:188} INFO - Downloaded bronze/MSFT/1772079249.json -> D:\ADF_folder\real-time-stocks-mds\data\s3_downloads/MSFT_1772079249.json
[2026-03-01T06:16:25.278+0000] {logging_mixin.py:188} INFO - Downloaded bronze/MSFT/1772079282.json -> D:\ADF_folder\real-time-stocks-mds\data\s3_downloads/MSFT_1772079282.json
[2026-03-01T06:16:25.279+0000] {logging_mixin.py:188} INFO - 
Processing prefix: bronze/TSLA/
[2026-03-01T06:16:26.283+0000] {logging_mixin.py:188} INFO - Downloaded bronze/TSLA/1771463599.json -> D:\ADF_folder\real-time-stocks-mds\data\s3_downloads/TSLA_1771463599.json
[2026-03-01T06:16:26.758+0000] {logging_mixin.py:188} INFO - Downloaded bronze/TSLA/1771463632.json -> D:\ADF_folder\real-time-stocks-mds\data\s3_downloads/TSLA_1771463632.json
[2026-03-01T06:16:27.247+0000] {logging_mixin.py:188} INFO - Downloaded bronze/TSLA/1771463665.json -> D:\ADF_folder\real-time-stocks-mds\data\s3_downloads/TSLA_1771463665.json
[2026-03-01T06:16:27.734+0000] {logging_mixin.py:188} INFO - Downloaded bronze/TSLA/1771463698.json -> D:\ADF_folder\real-time-stocks-mds\data\s3_downloads/TSLA_1771463698.json
[2026-03-01T06:16:28.248+0000] {logging_mixin.py:188} INFO - Downloaded bronze/TSLA/1771463731.json -> D:\ADF_folder\real-time-stocks-mds\data\s3_downloads/TSLA_1771463731.json
[2026-03-01T06:16:28.782+0000] {logging_mixin.py:188} INFO - Downloaded bronze/TSLA/1771463764.json -> D:\ADF_folder\real-time-stocks-mds\data\s3_downloads/TSLA_1771463764.json
[2026-03-01T06:16:29.323+0000] {logging_mixin.py:188} INFO - Downloaded bronze/TSLA/1771463797.json -> D:\ADF_folder\real-time-stocks-mds\data\s3_downloads/TSLA_1771463797.json
[2026-03-01T06:16:29.861+0000] {logging_mixin.py:188} INFO - Downloaded bronze/TSLA/1771463830.json -> D:\ADF_folder\real-time-stocks-mds\data\s3_downloads/TSLA_1771463830.json
[2026-03-01T06:16:30.407+0000] {logging_mixin.py:188} INFO - Downloaded bronze/TSLA/1771463862.json -> D:\ADF_folder\real-time-stocks-mds\data\s3_downloads/TSLA_1771463862.json
[2026-03-01T06:16:30.962+0000] {logging_mixin.py:188} INFO - Downloaded bronze/TSLA/1771463895.json -> D:\ADF_folder\real-time-stocks-mds\data\s3_downloads/TSLA_1771463895.json
[2026-03-01T06:16:31.510+0000] {logging_mixin.py:188} INFO - Downloaded bronze/TSLA/1771463929.json -> D:\ADF_folder\real-time-stocks-mds\data\s3_downloads/TSLA_1771463929.json
[2026-03-01T06:16:32.058+0000] {logging_mixin.py:188} INFO - Downloaded bronze/TSLA/1771463962.json -> D:\ADF_folder\real-time-stocks-mds\data\s3_downloads/TSLA_1771463962.json
[2026-03-01T06:16:32.602+0000] {logging_mixin.py:188} INFO - Downloaded bronze/TSLA/1771463995.json -> D:\ADF_folder\real-time-stocks-mds\data\s3_downloads/TSLA_1771463995.json
[2026-03-01T06:16:33.189+0000] {logging_mixin.py:188} INFO - Downloaded bronze/TSLA/1771464029.json -> D:\ADF_folder\real-time-stocks-mds\data\s3_downloads/TSLA_1771464029.json
[2026-03-01T06:16:33.721+0000] {logging_mixin.py:188} INFO - Downloaded bronze/TSLA/1771464062.json -> D:\ADF_folder\real-time-stocks-mds\data\s3_downloads/TSLA_1771464062.json
[2026-03-01T06:16:34.271+0000] {logging_mixin.py:188} INFO - Downloaded bronze/TSLA/1771464095.json -> D:\ADF_folder\real-time-stocks-mds\data\s3_downloads/TSLA_1771464095.json
[2026-03-01T06:16:34.793+0000] {logging_mixin.py:188} INFO - Downloaded bronze/TSLA/1771464128.json -> D:\ADF_folder\real-time-stocks-mds\data\s3_downloads/TSLA_1771464128.json
[2026-03-01T06:16:35.285+0000] {logging_mixin.py:188} INFO - Downloaded bronze/TSLA/1771464161.json -> D:\ADF_folder\real-time-stocks-mds\data\s3_downloads/TSLA_1771464161.json
[2026-03-01T06:16:35.781+0000] {logging_mixin.py:188} INFO - Downloaded bronze/TSLA/1771464194.json -> D:\ADF_folder\real-time-stocks-mds\data\s3_downloads/TSLA_1771464194.json
[2026-03-01T06:16:36.302+0000] {logging_mixin.py:188} INFO - Downloaded bronze/TSLA/1771464227.json -> D:\ADF_folder\real-time-stocks-mds\data\s3_downloads/TSLA_1771464227.json
[2026-03-01T06:16:36.834+0000] {logging_mixin.py:188} INFO - Downloaded bronze/TSLA/1771464260.json -> D:\ADF_folder\real-time-stocks-mds\data\s3_downloads/TSLA_1771464260.json
[2026-03-01T06:16:37.363+0000] {logging_mixin.py:188} INFO - Downloaded bronze/TSLA/1771464293.json -> D:\ADF_folder\real-time-stocks-mds\data\s3_downloads/TSLA_1771464293.json
[2026-03-01T06:16:37.887+0000] {logging_mixin.py:188} INFO - Downloaded bronze/TSLA/1771464326.json -> D:\ADF_folder\real-time-stocks-mds\data\s3_downloads/TSLA_1771464326.json
[2026-03-01T06:16:38.446+0000] {logging_mixin.py:188} INFO - Downloaded bronze/TSLA/1771465259.json -> D:\ADF_folder\real-time-stocks-mds\data\s3_downloads/TSLA_1771465259.json
[2026-03-01T06:16:39.115+0000] {logging_mixin.py:188} INFO - Downloaded bronze/TSLA/1771465292.json -> D:\ADF_folder\real-time-stocks-mds\data\s3_downloads/TSLA_1771465292.json
[2026-03-01T06:16:39.741+0000] {logging_mixin.py:188} INFO - Downloaded bronze/TSLA/1771465325.json -> D:\ADF_folder\real-time-stocks-mds\data\s3_downloads/TSLA_1771465325.json
[2026-03-01T06:16:40.329+0000] {logging_mixin.py:188} INFO - Downloaded bronze/TSLA/1771465358.json -> D:\ADF_folder\real-time-stocks-mds\data\s3_downloads/TSLA_1771465358.json
[2026-03-01T06:16:40.826+0000] {logging_mixin.py:188} INFO - Downloaded bronze/TSLA/1771465391.json -> D:\ADF_folder\real-time-stocks-mds\data\s3_downloads/TSLA_1771465391.json
[2026-03-01T06:16:41.320+0000] {logging_mixin.py:188} INFO - Downloaded bronze/TSLA/1771465424.json -> D:\ADF_folder\real-time-stocks-mds\data\s3_downloads/TSLA_1771465424.json
[2026-03-01T06:16:41.813+0000] {logging_mixin.py:188} INFO - Downloaded bronze/TSLA/1771465457.json -> D:\ADF_folder\real-time-stocks-mds\data\s3_downloads/TSLA_1771465457.json
[2026-03-01T06:16:42.315+0000] {logging_mixin.py:188} INFO - Downloaded bronze/TSLA/1771465490.json -> D:\ADF_folder\real-time-stocks-mds\data\s3_downloads/TSLA_1771465490.json
[2026-03-01T06:16:42.836+0000] {logging_mixin.py:188} INFO - Downloaded bronze/TSLA/1771465523.json -> D:\ADF_folder\real-time-stocks-mds\data\s3_downloads/TSLA_1771465523.json
[2026-03-01T06:16:42.358+0000] {logging_mixin.py:188} INFO - Downloaded bronze/TSLA/1771465556.json -> D:\ADF_folder\real-time-stocks-mds\data\s3_downloads/TSLA_1771465556.json
[2026-03-01T06:16:42.846+0000] {logging_mixin.py:188} INFO - Downloaded bronze/TSLA/1772074570.json -> D:\ADF_folder\real-time-stocks-mds\data\s3_downloads/TSLA_1772074570.json
[2026-03-01T06:16:43.321+0000] {logging_mixin.py:188} INFO - Downloaded bronze/TSLA/1772074603.json -> D:\ADF_folder\real-time-stocks-mds\data\s3_downloads/TSLA_1772074603.json
[2026-03-01T06:16:43.793+0000] {logging_mixin.py:188} INFO - Downloaded bronze/TSLA/1772074635.json -> D:\ADF_folder\real-time-stocks-mds\data\s3_downloads/TSLA_1772074635.json
[2026-03-01T06:16:44.292+0000] {logging_mixin.py:188} INFO - Downloaded bronze/TSLA/1772074669.json -> D:\ADF_folder\real-time-stocks-mds\data\s3_downloads/TSLA_1772074669.json
[2026-03-01T06:16:44.815+0000] {logging_mixin.py:188} INFO - Downloaded bronze/TSLA/1772074702.json -> D:\ADF_folder\real-time-stocks-mds\data\s3_downloads/TSLA_1772074702.json
[2026-03-01T06:16:45.928+0000] {logging_mixin.py:188} INFO - Downloaded bronze/TSLA/1772074735.json -> D:\ADF_folder\real-time-stocks-mds\data\s3_downloads/TSLA_1772074735.json
[2026-03-01T06:16:46.457+0000] {logging_mixin.py:188} INFO - Downloaded bronze/TSLA/1772074768.json -> D:\ADF_folder\real-time-stocks-mds\data\s3_downloads/TSLA_1772074768.json
[2026-03-01T06:16:46.993+0000] {logging_mixin.py:188} INFO - Downloaded bronze/TSLA/1772074801.json -> D:\ADF_folder\real-time-stocks-mds\data\s3_downloads/TSLA_1772074801.json
[2026-03-01T06:16:47.527+0000] {logging_mixin.py:188} INFO - Downloaded bronze/TSLA/1772074835.json -> D:\ADF_folder\real-time-stocks-mds\data\s3_downloads/TSLA_1772074835.json
[2026-03-01T06:16:48.064+0000] {logging_mixin.py:188} INFO - Downloaded bronze/TSLA/1772074868.json -> D:\ADF_folder\real-time-stocks-mds\data\s3_downloads/TSLA_1772074868.json
[2026-03-01T06:16:48.571+0000] {logging_mixin.py:188} INFO - Downloaded bronze/TSLA/1772074901.json -> D:\ADF_folder\real-time-stocks-mds\data\s3_downloads/TSLA_1772074901.json
[2026-03-01T06:16:49.067+0000] {logging_mixin.py:188} INFO - Downloaded bronze/TSLA/1772074934.json -> D:\ADF_folder\real-time-stocks-mds\data\s3_downloads/TSLA_1772074934.json
[2026-03-01T06:16:49.563+0000] {logging_mixin.py:188} INFO - Downloaded bronze/TSLA/1772074967.json -> D:\ADF_folder\real-time-stocks-mds\data\s3_downloads/TSLA_1772074967.json
[2026-03-01T06:16:50.060+0000] {logging_mixin.py:188} INFO - Downloaded bronze/TSLA/1772075000.json -> D:\ADF_folder\real-time-stocks-mds\data\s3_downloads/TSLA_1772075000.json
[2026-03-01T06:16:50.560+0000] {logging_mixin.py:188} INFO - Downloaded bronze/TSLA/1772075033.json -> D:\ADF_folder\real-time-stocks-mds\data\s3_downloads/TSLA_1772075033.json
[2026-03-01T06:16:51.059+0000] {logging_mixin.py:188} INFO - Downloaded bronze/TSLA/1772075066.json -> D:\ADF_folder\real-time-stocks-mds\data\s3_downloads/TSLA_1772075066.json
[2026-03-01T06:16:51.560+0000] {logging_mixin.py:188} INFO - Downloaded bronze/TSLA/1772075099.json -> D:\ADF_folder\real-time-stocks-mds\data\s3_downloads/TSLA_1772075099.json
[2026-03-01T06:16:52.053+0000] {logging_mixin.py:188} INFO - Downloaded bronze/TSLA/1772075132.json -> D:\ADF_folder\real-time-stocks-mds\data\s3_downloads/TSLA_1772075132.json
[2026-03-01T06:16:52.593+0000] {logging_mixin.py:188} INFO - Downloaded bronze/TSLA/1772075165.json -> D:\ADF_folder\real-time-stocks-mds\data\s3_downloads/TSLA_1772075165.json
[2026-03-01T06:16:53.126+0000] {logging_mixin.py:188} INFO - Downloaded bronze/TSLA/1772075198.json -> D:\ADF_folder\real-time-stocks-mds\data\s3_downloads/TSLA_1772075198.json
[2026-03-01T06:16:53.650+0000] {logging_mixin.py:188} INFO - Downloaded bronze/TSLA/1772075231.json -> D:\ADF_folder\real-time-stocks-mds\data\s3_downloads/TSLA_1772075231.json
[2026-03-01T06:16:54.178+0000] {logging_mixin.py:188} INFO - Downloaded bronze/TSLA/1772075297.json -> D:\ADF_folder\real-time-stocks-mds\data\s3_downloads/TSLA_1772075297.json
[2026-03-01T06:16:54.693+0000] {logging_mixin.py:188} INFO - Downloaded bronze/TSLA/1772075330.json -> D:\ADF_folder\real-time-stocks-mds\data\s3_downloads/TSLA_1772075330.json
[2026-03-01T06:16:55.203+0000] {logging_mixin.py:188} INFO - Downloaded bronze/TSLA/1772075362.json -> D:\ADF_folder\real-time-stocks-mds\data\s3_downloads/TSLA_1772075362.json
[2026-03-01T06:16:55.701+0000] {logging_mixin.py:188} INFO - Downloaded bronze/TSLA/1772075395.json -> D:\ADF_folder\real-time-stocks-mds\data\s3_downloads/TSLA_1772075395.json
[2026-03-01T06:16:56.160+0000] {logging_mixin.py:188} INFO - Downloaded bronze/TSLA/1772075428.json -> D:\ADF_folder\real-time-stocks-mds\data\s3_downloads/TSLA_1772075428.json
[2026-03-01T06:16:56.627+0000] {logging_mixin.py:188} INFO - Downloaded bronze/TSLA/1772075461.json -> D:\ADF_folder\real-time-stocks-mds\data\s3_downloads/TSLA_1772075461.json
[2026-03-01T06:16:57.098+0000] {logging_mixin.py:188} INFO - Downloaded bronze/TSLA/1772075494.json -> D:\ADF_folder\real-time-stocks-mds\data\s3_downloads/TSLA_1772075494.json
[2026-03-01T06:16:57.562+0000] {logging_mixin.py:188} INFO - Downloaded bronze/TSLA/1772075527.json -> D:\ADF_folder\real-time-stocks-mds\data\s3_downloads/TSLA_1772075527.json
[2026-03-01T06:16:58.023+0000] {logging_mixin.py:188} INFO - Downloaded bronze/TSLA/1772075560.json -> D:\ADF_folder\real-time-stocks-mds\data\s3_downloads/TSLA_1772075560.json
[2026-03-01T06:16:58.479+0000] {logging_mixin.py:188} INFO - Downloaded bronze/TSLA/1772075594.json -> D:\ADF_folder\real-time-stocks-mds\data\s3_downloads/TSLA_1772075594.json
[2026-03-01T06:16:58.936+0000] {logging_mixin.py:188} INFO - Downloaded bronze/TSLA/1772075627.json -> D:\ADF_folder\real-time-stocks-mds\data\s3_downloads/TSLA_1772075627.json
[2026-03-01T06:16:59.396+0000] {logging_mixin.py:188} INFO - Downloaded bronze/TSLA/1772075660.json -> D:\ADF_folder\real-time-stocks-mds\data\s3_downloads/TSLA_1772075660.json
[2026-03-01T06:16:59.861+0000] {logging_mixin.py:188} INFO - Downloaded bronze/TSLA/1772075693.json -> D:\ADF_folder\real-time-stocks-mds\data\s3_downloads/TSLA_1772075693.json
[2026-03-01T06:17:00.353+0000] {logging_mixin.py:188} INFO - Downloaded bronze/TSLA/1772075726.json -> D:\ADF_folder\real-time-stocks-mds\data\s3_downloads/TSLA_1772075726.json
[2026-03-01T06:17:00.861+0000] {logging_mixin.py:188} INFO - Downloaded bronze/TSLA/1772075759.json -> D:\ADF_folder\real-time-stocks-mds\data\s3_downloads/TSLA_1772075759.json
[2026-03-01T06:17:01.380+0000] {logging_mixin.py:188} INFO - Downloaded bronze/TSLA/1772075792.json -> D:\ADF_folder\real-time-stocks-mds\data\s3_downloads/TSLA_1772075792.json
[2026-03-01T06:17:01.910+0000] {logging_mixin.py:188} INFO - Downloaded bronze/TSLA/1772075824.json -> D:\ADF_folder\real-time-stocks-mds\data\s3_downloads/TSLA_1772075824.json
[2026-03-01T06:17:02.440+0000] {logging_mixin.py:188} INFO - Downloaded bronze/TSLA/1772075857.json -> D:\ADF_folder\real-time-stocks-mds\data\s3_downloads/TSLA_1772075857.json
[2026-03-01T06:17:02.972+0000] {logging_mixin.py:188} INFO - Downloaded bronze/TSLA/1772075890.json -> D:\ADF_folder\real-time-stocks-mds\data\s3_downloads/TSLA_1772075890.json
[2026-03-01T06:17:03.482+0000] {logging_mixin.py:188} INFO - Downloaded bronze/TSLA/1772075923.json -> D:\ADF_folder\real-time-stocks-mds\data\s3_downloads/TSLA_1772075923.json
[2026-03-01T06:17:03.973+0000] {logging_mixin.py:188} INFO - Downloaded bronze/TSLA/1772075956.json -> D:\ADF_folder\real-time-stocks-mds\data\s3_downloads/TSLA_1772075956.json
[2026-03-01T06:17:04.455+0000] {logging_mixin.py:188} INFO - Downloaded bronze/TSLA/1772075989.json -> D:\ADF_folder\real-time-stocks-mds\data\s3_downloads/TSLA_1772075989.json
[2026-03-01T06:17:04.938+0000] {logging_mixin.py:188} INFO - Downloaded bronze/TSLA/1772076021.json -> D:\ADF_folder\real-time-stocks-mds\data\s3_downloads/TSLA_1772076021.json
[2026-03-01T06:17:05.428+0000] {logging_mixin.py:188} INFO - Downloaded bronze/TSLA/1772076055.json -> D:\ADF_folder\real-time-stocks-mds\data\s3_downloads/TSLA_1772076055.json
[2026-03-01T06:17:05.916+0000] {logging_mixin.py:188} INFO - Downloaded bronze/TSLA/1772076088.json -> D:\ADF_folder\real-time-stocks-mds\data\s3_downloads/TSLA_1772076088.json
[2026-03-01T06:17:06.400+0000] {logging_mixin.py:188} INFO - Downloaded bronze/TSLA/1772076121.json -> D:\ADF_folder\real-time-stocks-mds\data\s3_downloads/TSLA_1772076121.json
[2026-03-01T06:17:09.628+0000] {logging_mixin.py:188} INFO - Downloaded bronze/TSLA/1772076154.json -> D:\ADF_folder\real-time-stocks-mds\data\s3_downloads/TSLA_1772076154.json
[2026-03-01T06:17:10.077+0000] {logging_mixin.py:188} INFO - Downloaded bronze/TSLA/1772076187.json -> D:\ADF_folder\real-time-stocks-mds\data\s3_downloads/TSLA_1772076187.json
[2026-03-01T06:17:10.537+0000] {logging_mixin.py:188} INFO - Downloaded bronze/TSLA/1772076220.json -> D:\ADF_folder\real-time-stocks-mds\data\s3_downloads/TSLA_1772076220.json
[2026-03-01T06:17:10.980+0000] {logging_mixin.py:188} INFO - Downloaded bronze/TSLA/1772076253.json -> D:\ADF_folder\real-time-stocks-mds\data\s3_downloads/TSLA_1772076253.json
[2026-03-01T06:17:11.438+0000] {logging_mixin.py:188} INFO - Downloaded bronze/TSLA/1772076285.json -> D:\ADF_folder\real-time-stocks-mds\data\s3_downloads/TSLA_1772076285.json
[2026-03-01T06:20:00.040+0000] {logging_mixin.py:188} INFO - Downloaded bronze/TSLA/1772076318.json -> D:\ADF_folder\real-time-stocks-mds\data\s3_downloads/TSLA_1772076318.json
[2026-03-01T06:19:59.605+0000] {logging_mixin.py:188} INFO - Downloaded bronze/TSLA/1772076351.json -> D:\ADF_folder\real-time-stocks-mds\data\s3_downloads/TSLA_1772076351.json
[2026-03-01T06:20:00.025+0000] {logging_mixin.py:188} INFO - Downloaded bronze/TSLA/1772076384.json -> D:\ADF_folder\real-time-stocks-mds\data\s3_downloads/TSLA_1772076384.json
[2026-03-01T06:20:00.641+0000] {logging_mixin.py:188} INFO - Downloaded bronze/TSLA/1772076417.json -> D:\ADF_folder\real-time-stocks-mds\data\s3_downloads/TSLA_1772076417.json
[2026-03-01T06:20:01.655+0000] {logging_mixin.py:188} INFO - Downloaded bronze/TSLA/1772076451.json -> D:\ADF_folder\real-time-stocks-mds\data\s3_downloads/TSLA_1772076451.json
[2026-03-01T06:20:02.067+0000] {logging_mixin.py:188} INFO - Downloaded bronze/TSLA/1772076484.json -> D:\ADF_folder\real-time-stocks-mds\data\s3_downloads/TSLA_1772076484.json
[2026-03-01T06:20:02.491+0000] {logging_mixin.py:188} INFO - Downloaded bronze/TSLA/1772076516.json -> D:\ADF_folder\real-time-stocks-mds\data\s3_downloads/TSLA_1772076516.json
[2026-03-01T06:20:02.906+0000] {logging_mixin.py:188} INFO - Downloaded bronze/TSLA/1772076549.json -> D:\ADF_folder\real-time-stocks-mds\data\s3_downloads/TSLA_1772076549.json
[2026-03-01T06:20:03.297+0000] {logging_mixin.py:188} INFO - Downloaded bronze/TSLA/1772076582.json -> D:\ADF_folder\real-time-stocks-mds\data\s3_downloads/TSLA_1772076582.json
[2026-03-01T06:20:03.662+0000] {logging_mixin.py:188} INFO - Downloaded bronze/TSLA/1772076615.json -> D:\ADF_folder\real-time-stocks-mds\data\s3_downloads/TSLA_1772076615.json
[2026-03-01T06:20:04.083+0000] {logging_mixin.py:188} INFO - Downloaded bronze/TSLA/1772076648.json -> D:\ADF_folder\real-time-stocks-mds\data\s3_downloads/TSLA_1772076648.json
[2026-03-01T06:20:04.501+0000] {logging_mixin.py:188} INFO - Downloaded bronze/TSLA/1772076681.json -> D:\ADF_folder\real-time-stocks-mds\data\s3_downloads/TSLA_1772076681.json
[2026-03-01T06:20:04.927+0000] {logging_mixin.py:188} INFO - Downloaded bronze/TSLA/1772076714.json -> D:\ADF_folder\real-time-stocks-mds\data\s3_downloads/TSLA_1772076714.json
[2026-03-01T06:20:05.335+0000] {logging_mixin.py:188} INFO - Downloaded bronze/TSLA/1772076747.json -> D:\ADF_folder\real-time-stocks-mds\data\s3_downloads/TSLA_1772076747.json
[2026-03-01T06:20:05.745+0000] {logging_mixin.py:188} INFO - Downloaded bronze/TSLA/1772076780.json -> D:\ADF_folder\real-time-stocks-mds\data\s3_downloads/TSLA_1772076780.json
[2026-03-01T06:20:06.127+0000] {logging_mixin.py:188} INFO - Downloaded bronze/TSLA/1772076813.json -> D:\ADF_folder\real-time-stocks-mds\data\s3_downloads/TSLA_1772076813.json
[2026-03-01T06:20:06.523+0000] {logging_mixin.py:188} INFO - Downloaded bronze/TSLA/1772076846.json -> D:\ADF_folder\real-time-stocks-mds\data\s3_downloads/TSLA_1772076846.json
[2026-03-01T06:20:06.951+0000] {logging_mixin.py:188} INFO - Downloaded bronze/TSLA/1772076879.json -> D:\ADF_folder\real-time-stocks-mds\data\s3_downloads/TSLA_1772076879.json
[2026-03-01T06:20:07.388+0000] {logging_mixin.py:188} INFO - Downloaded bronze/TSLA/1772076912.json -> D:\ADF_folder\real-time-stocks-mds\data\s3_downloads/TSLA_1772076912.json
[2026-03-01T06:20:07.805+0000] {logging_mixin.py:188} INFO - Downloaded bronze/TSLA/1772076945.json -> D:\ADF_folder\real-time-stocks-mds\data\s3_downloads/TSLA_1772076945.json
[2026-03-01T06:20:08.239+0000] {logging_mixin.py:188} INFO - Downloaded bronze/TSLA/1772076978.json -> D:\ADF_folder\real-time-stocks-mds\data\s3_downloads/TSLA_1772076978.json
[2026-03-01T06:20:08.632+0000] {logging_mixin.py:188} INFO - Downloaded bronze/TSLA/1772077011.json -> D:\ADF_folder\real-time-stocks-mds\data\s3_downloads/TSLA_1772077011.json
[2026-03-01T06:20:09.029+0000] {logging_mixin.py:188} INFO - Downloaded bronze/TSLA/1772077044.json -> D:\ADF_folder\real-time-stocks-mds\data\s3_downloads/TSLA_1772077044.json
[2026-03-01T06:20:09.402+0000] {logging_mixin.py:188} INFO - Downloaded bronze/TSLA/1772077077.json -> D:\ADF_folder\real-time-stocks-mds\data\s3_downloads/TSLA_1772077077.json
[2026-03-01T06:20:09.789+0000] {logging_mixin.py:188} INFO - Downloaded bronze/TSLA/1772077110.json -> D:\ADF_folder\real-time-stocks-mds\data\s3_downloads/TSLA_1772077110.json
[2026-03-01T06:20:10.161+0000] {logging_mixin.py:188} INFO - Downloaded bronze/TSLA/1772077143.json -> D:\ADF_folder\real-time-stocks-mds\data\s3_downloads/TSLA_1772077143.json
[2026-03-01T06:20:10.530+0000] {logging_mixin.py:188} INFO - Downloaded bronze/TSLA/1772077176.json -> D:\ADF_folder\real-time-stocks-mds\data\s3_downloads/TSLA_1772077176.json
[2026-03-01T06:20:10.912+0000] {logging_mixin.py:188} INFO - Downloaded bronze/TSLA/1772077210.json -> D:\ADF_folder\real-time-stocks-mds\data\s3_downloads/TSLA_1772077210.json
[2026-03-01T06:20:11.305+0000] {logging_mixin.py:188} INFO - Downloaded bronze/TSLA/1772077242.json -> D:\ADF_folder\real-time-stocks-mds\data\s3_downloads/TSLA_1772077242.json
[2026-03-01T06:20:11.672+0000] {logging_mixin.py:188} INFO - Downloaded bronze/TSLA/1772077275.json -> D:\ADF_folder\real-time-stocks-mds\data\s3_downloads/TSLA_1772077275.json
[2026-03-01T06:20:12.034+0000] {logging_mixin.py:188} INFO - Downloaded bronze/TSLA/1772077309.json -> D:\ADF_folder\real-time-stocks-mds\data\s3_downloads/TSLA_1772077309.json
[2026-03-01T06:20:12.401+0000] {logging_mixin.py:188} INFO - Downloaded bronze/TSLA/1772077341.json -> D:\ADF_folder\real-time-stocks-mds\data\s3_downloads/TSLA_1772077341.json
[2026-03-01T06:20:12.770+0000] {logging_mixin.py:188} INFO - Downloaded bronze/TSLA/1772077375.json -> D:\ADF_folder\real-time-stocks-mds\data\s3_downloads/TSLA_1772077375.json
[2026-03-01T06:20:13.217+0000] {logging_mixin.py:188} INFO - Downloaded bronze/TSLA/1772077408.json -> D:\ADF_folder\real-time-stocks-mds\data\s3_downloads/TSLA_1772077408.json
[2026-03-01T06:20:13.815+0000] {logging_mixin.py:188} INFO - Downloaded bronze/TSLA/1772077441.json -> D:\ADF_folder\real-time-stocks-mds\data\s3_downloads/TSLA_1772077441.json
[2026-03-01T06:20:14.205+0000] {logging_mixin.py:188} INFO - Downloaded bronze/TSLA/1772077474.json -> D:\ADF_folder\real-time-stocks-mds\data\s3_downloads/TSLA_1772077474.json
[2026-03-01T06:20:14.583+0000] {logging_mixin.py:188} INFO - Downloaded bronze/TSLA/1772077507.json -> D:\ADF_folder\real-time-stocks-mds\data\s3_downloads/TSLA_1772077507.json
[2026-03-01T06:20:14.992+0000] {logging_mixin.py:188} INFO - Downloaded bronze/TSLA/1772077539.json -> D:\ADF_folder\real-time-stocks-mds\data\s3_downloads/TSLA_1772077539.json
[2026-03-01T06:20:15.396+0000] {logging_mixin.py:188} INFO - Downloaded bronze/TSLA/1772077572.json -> D:\ADF_folder\real-time-stocks-mds\data\s3_downloads/TSLA_1772077572.json
[2026-03-01T06:20:15.802+0000] {logging_mixin.py:188} INFO - Downloaded bronze/TSLA/1772077605.json -> D:\ADF_folder\real-time-stocks-mds\data\s3_downloads/TSLA_1772077605.json
[2026-03-01T06:20:16.211+0000] {logging_mixin.py:188} INFO - Downloaded bronze/TSLA/1772077638.json -> D:\ADF_folder\real-time-stocks-mds\data\s3_downloads/TSLA_1772077638.json
[2026-03-01T06:20:16.622+0000] {logging_mixin.py:188} INFO - Downloaded bronze/TSLA/1772077671.json -> D:\ADF_folder\real-time-stocks-mds\data\s3_downloads/TSLA_1772077671.json
[2026-03-01T06:20:17.127+0000] {logging_mixin.py:188} INFO - Downloaded bronze/TSLA/1772077704.json -> D:\ADF_folder\real-time-stocks-mds\data\s3_downloads/TSLA_1772077704.json
[2026-03-01T06:20:17.534+0000] {logging_mixin.py:188} INFO - Downloaded bronze/TSLA/1772077737.json -> D:\ADF_folder\real-time-stocks-mds\data\s3_downloads/TSLA_1772077737.json
[2026-03-01T06:20:17.921+0000] {logging_mixin.py:188} INFO - Downloaded bronze/TSLA/1772077770.json -> D:\ADF_folder\real-time-stocks-mds\data\s3_downloads/TSLA_1772077770.json
[2026-03-01T06:20:18.725+0000] {logging_mixin.py:188} INFO - Downloaded bronze/TSLA/1772077803.json -> D:\ADF_folder\real-time-stocks-mds\data\s3_downloads/TSLA_1772077803.json
[2026-03-01T06:20:19.097+0000] {logging_mixin.py:188} INFO - Downloaded bronze/TSLA/1772077836.json -> D:\ADF_folder\real-time-stocks-mds\data\s3_downloads/TSLA_1772077836.json
[2026-03-01T06:20:19.511+0000] {logging_mixin.py:188} INFO - Downloaded bronze/TSLA/1772077869.json -> D:\ADF_folder\real-time-stocks-mds\data\s3_downloads/TSLA_1772077869.json
[2026-03-01T06:20:19.882+0000] {logging_mixin.py:188} INFO - Downloaded bronze/TSLA/1772077901.json -> D:\ADF_folder\real-time-stocks-mds\data\s3_downloads/TSLA_1772077901.json
[2026-03-01T06:20:20.265+0000] {logging_mixin.py:188} INFO - Downloaded bronze/TSLA/1772077934.json -> D:\ADF_folder\real-time-stocks-mds\data\s3_downloads/TSLA_1772077934.json
[2026-03-01T06:20:20.656+0000] {logging_mixin.py:188} INFO - Downloaded bronze/TSLA/1772077967.json -> D:\ADF_folder\real-time-stocks-mds\data\s3_downloads/TSLA_1772077967.json
[2026-03-01T06:20:21.062+0000] {logging_mixin.py:188} INFO - Downloaded bronze/TSLA/1772078000.json -> D:\ADF_folder\real-time-stocks-mds\data\s3_downloads/TSLA_1772078000.json
[2026-03-01T06:20:21.465+0000] {logging_mixin.py:188} INFO - Downloaded bronze/TSLA/1772078033.json -> D:\ADF_folder\real-time-stocks-mds\data\s3_downloads/TSLA_1772078033.json
[2026-03-01T06:20:21.873+0000] {logging_mixin.py:188} INFO - Downloaded bronze/TSLA/1772078065.json -> D:\ADF_folder\real-time-stocks-mds\data\s3_downloads/TSLA_1772078065.json
[2026-03-01T06:20:22.277+0000] {logging_mixin.py:188} INFO - Downloaded bronze/TSLA/1772078098.json -> D:\ADF_folder\real-time-stocks-mds\data\s3_downloads/TSLA_1772078098.json
[2026-03-01T06:20:22.684+0000] {logging_mixin.py:188} INFO - Downloaded bronze/TSLA/1772078132.json -> D:\ADF_folder\real-time-stocks-mds\data\s3_downloads/TSLA_1772078132.json
[2026-03-01T06:20:23.093+0000] {logging_mixin.py:188} INFO - Downloaded bronze/TSLA/1772078165.json -> D:\ADF_folder\real-time-stocks-mds\data\s3_downloads/TSLA_1772078165.json
[2026-03-01T06:20:23.496+0000] {logging_mixin.py:188} INFO - Downloaded bronze/TSLA/1772078198.json -> D:\ADF_folder\real-time-stocks-mds\data\s3_downloads/TSLA_1772078198.json
[2026-03-01T06:20:23.910+0000] {logging_mixin.py:188} INFO - Downloaded bronze/TSLA/1772078230.json -> D:\ADF_folder\real-time-stocks-mds\data\s3_downloads/TSLA_1772078230.json
[2026-03-01T06:20:24.316+0000] {logging_mixin.py:188} INFO - Downloaded bronze/TSLA/1772078264.json -> D:\ADF_folder\real-time-stocks-mds\data\s3_downloads/TSLA_1772078264.json
[2026-03-01T06:20:24.735+0000] {logging_mixin.py:188} INFO - Downloaded bronze/TSLA/1772078297.json -> D:\ADF_folder\real-time-stocks-mds\data\s3_downloads/TSLA_1772078297.json
[2026-03-01T06:20:25.154+0000] {logging_mixin.py:188} INFO - Downloaded bronze/TSLA/1772078329.json -> D:\ADF_folder\real-time-stocks-mds\data\s3_downloads/TSLA_1772078329.json
[2026-03-01T06:20:25.570+0000] {logging_mixin.py:188} INFO - Downloaded bronze/TSLA/1772078362.json -> D:\ADF_folder\real-time-stocks-mds\data\s3_downloads/TSLA_1772078362.json
[2026-03-01T06:20:25.977+0000] {logging_mixin.py:188} INFO - Downloaded bronze/TSLA/1772078395.json -> D:\ADF_folder\real-time-stocks-mds\data\s3_downloads/TSLA_1772078395.json
[2026-03-01T06:20:26.372+0000] {logging_mixin.py:188} INFO - Downloaded bronze/TSLA/1772078429.json -> D:\ADF_folder\real-time-stocks-mds\data\s3_downloads/TSLA_1772078429.json
[2026-03-01T06:20:26.779+0000] {logging_mixin.py:188} INFO - Downloaded bronze/TSLA/1772078462.json -> D:\ADF_folder\real-time-stocks-mds\data\s3_downloads/TSLA_1772078462.json
[2026-03-01T06:20:27.182+0000] {logging_mixin.py:188} INFO - Downloaded bronze/TSLA/1772078496.json -> D:\ADF_folder\real-time-stocks-mds\data\s3_downloads/TSLA_1772078496.json
[2026-03-01T06:20:27.570+0000] {logging_mixin.py:188} INFO - Downloaded bronze/TSLA/1772078529.json -> D:\ADF_folder\real-time-stocks-mds\data\s3_downloads/TSLA_1772078529.json
[2026-03-01T06:20:27.976+0000] {logging_mixin.py:188} INFO - Downloaded bronze/TSLA/1772078562.json -> D:\ADF_folder\real-time-stocks-mds\data\s3_downloads/TSLA_1772078562.json
[2026-03-01T06:20:28.374+0000] {logging_mixin.py:188} INFO - Downloaded bronze/TSLA/1772078595.json -> D:\ADF_folder\real-time-stocks-mds\data\s3_downloads/TSLA_1772078595.json
[2026-03-01T06:20:28.768+0000] {logging_mixin.py:188} INFO - Downloaded bronze/TSLA/1772078628.json -> D:\ADF_folder\real-time-stocks-mds\data\s3_downloads/TSLA_1772078628.json
[2026-03-01T06:20:29.168+0000] {logging_mixin.py:188} INFO - Downloaded bronze/TSLA/1772078661.json -> D:\ADF_folder\real-time-stocks-mds\data\s3_downloads/TSLA_1772078661.json
[2026-03-01T06:20:28.877+0000] {logging_mixin.py:188} INFO - Downloaded bronze/TSLA/1772078694.json -> D:\ADF_folder\real-time-stocks-mds\data\s3_downloads/TSLA_1772078694.json
[2026-03-01T06:20:29.293+0000] {logging_mixin.py:188} INFO - Downloaded bronze/TSLA/1772078727.json -> D:\ADF_folder\real-time-stocks-mds\data\s3_downloads/TSLA_1772078727.json
[2026-03-01T06:20:29.693+0000] {logging_mixin.py:188} INFO - Downloaded bronze/TSLA/1772078760.json -> D:\ADF_folder\real-time-stocks-mds\data\s3_downloads/TSLA_1772078760.json
[2026-03-01T06:20:30.096+0000] {logging_mixin.py:188} INFO - Downloaded bronze/TSLA/1772078793.json -> D:\ADF_folder\real-time-stocks-mds\data\s3_downloads/TSLA_1772078793.json
[2026-03-01T06:20:30.500+0000] {logging_mixin.py:188} INFO - Downloaded bronze/TSLA/1772078826.json -> D:\ADF_folder\real-time-stocks-mds\data\s3_downloads/TSLA_1772078826.json
[2026-03-01T06:20:30.894+0000] {logging_mixin.py:188} INFO - Downloaded bronze/TSLA/1772078859.json -> D:\ADF_folder\real-time-stocks-mds\data\s3_downloads/TSLA_1772078859.json
[2026-03-01T06:20:31.272+0000] {logging_mixin.py:188} INFO - Downloaded bronze/TSLA/1772078891.json -> D:\ADF_folder\real-time-stocks-mds\data\s3_downloads/TSLA_1772078891.json
[2026-03-01T06:20:31.648+0000] {logging_mixin.py:188} INFO - Downloaded bronze/TSLA/1772078924.json -> D:\ADF_folder\real-time-stocks-mds\data\s3_downloads/TSLA_1772078924.json
[2026-03-01T06:20:32.014+0000] {logging_mixin.py:188} INFO - Downloaded bronze/TSLA/1772078957.json -> D:\ADF_folder\real-time-stocks-mds\data\s3_downloads/TSLA_1772078957.json
[2026-03-01T06:20:32.384+0000] {logging_mixin.py:188} INFO - Downloaded bronze/TSLA/1772078990.json -> D:\ADF_folder\real-time-stocks-mds\data\s3_downloads/TSLA_1772078990.json
[2026-03-01T06:20:32.756+0000] {logging_mixin.py:188} INFO - Downloaded bronze/TSLA/1772079024.json -> D:\ADF_folder\real-time-stocks-mds\data\s3_downloads/TSLA_1772079024.json
[2026-03-01T06:20:33.132+0000] {logging_mixin.py:188} INFO - Downloaded bronze/TSLA/1772079057.json -> D:\ADF_folder\real-time-stocks-mds\data\s3_downloads/TSLA_1772079057.json
[2026-03-01T06:20:33.509+0000] {logging_mixin.py:188} INFO - Downloaded bronze/TSLA/1772079090.json -> D:\ADF_folder\real-time-stocks-mds\data\s3_downloads/TSLA_1772079090.json
[2026-03-01T06:20:33.880+0000] {logging_mixin.py:188} INFO - Downloaded bronze/TSLA/1772079123.json -> D:\ADF_folder\real-time-stocks-mds\data\s3_downloads/TSLA_1772079123.json
[2026-03-01T06:20:34.253+0000] {logging_mixin.py:188} INFO - Downloaded bronze/TSLA/1772079156.json -> D:\ADF_folder\real-time-stocks-mds\data\s3_downloads/TSLA_1772079156.json
[2026-03-01T06:20:34.619+0000] {logging_mixin.py:188} INFO - Downloaded bronze/TSLA/1772079189.json -> D:\ADF_folder\real-time-stocks-mds\data\s3_downloads/TSLA_1772079189.json
[2026-03-01T06:20:34.990+0000] {logging_mixin.py:188} INFO - Downloaded bronze/TSLA/1772079223.json -> D:\ADF_folder\real-time-stocks-mds\data\s3_downloads/TSLA_1772079223.json
[2026-03-01T06:20:35.356+0000] {logging_mixin.py:188} INFO - Downloaded bronze/TSLA/1772079255.json -> D:\ADF_folder\real-time-stocks-mds\data\s3_downloads/TSLA_1772079255.json
[2026-03-01T06:20:35.767+0000] {logging_mixin.py:188} INFO - Downloaded bronze/TSLA/1772079288.json -> D:\ADF_folder\real-time-stocks-mds\data\s3_downloads/TSLA_1772079288.json
[2026-03-01T06:20:35.773+0000] {python.py:201} INFO - Done. Returned value was: ['D:\\ADF_folder\\real-time-stocks-mds\\data\\s3_downloads/AAPL_1771463612.json', 'D:\\ADF_folder\\real-time-stocks-mds\\data\\s3_downloads/AAPL_1771463645.json', 'D:\\ADF_folder\\real-time-stocks-mds\\data\\s3_downloads/AAPL_1771463678.json', 'D:\\ADF_folder\\real-time-stocks-mds\\data\\s3_downloads/AAPL_1771463711.json', 'D:\\ADF_folder\\real-time-stocks-mds\\data\\s3_downloads/AAPL_1771463744.json', 'D:\\ADF_folder\\real-time-stocks-mds\\data\\s3_downloads/AAPL_1771463777.json', 'D:\\ADF_folder\\real-time-stocks-mds\\data\\s3_downloads/AAPL_1771463810.json', 'D:\\ADF_folder\\real-time-stocks-mds\\data\\s3_downloads/AAPL_1771463843.json', 'D:\\ADF_folder\\real-time-stocks-mds\\data\\s3_downloads/AAPL_1771463876.json', 'D:\\ADF_folder\\real-time-stocks-mds\\data\\s3_downloads/AAPL_1771463909.json', 'D:\\ADF_folder\\real-time-stocks-mds\\data\\s3_downloads/AAPL_1771463942.json', 'D:\\ADF_folder\\real-time-stocks-mds\\data\\s3_downloads/AAPL_1771463975.json', 'D:\\ADF_folder\\real-time-stocks-mds\\data\\s3_downloads/AAPL_1771464008.json', 'D:\\ADF_folder\\real-time-stocks-mds\\data\\s3_downloads/AAPL_1771464042.json', 'D:\\ADF_folder\\real-time-stocks-mds\\data\\s3_downloads/AAPL_1771464075.json', 'D:\\ADF_folder\\real-time-stocks-mds\\data\\s3_downloads/AAPL_1771464108.json', 'D:\\ADF_folder\\real-time-stocks-mds\\data\\s3_downloads/AAPL_1771464141.json', 'D:\\ADF_folder\\real-time-stocks-mds\\data\\s3_downloads/AAPL_1771464174.json', 'D:\\ADF_folder\\real-time-stocks-mds\\data\\s3_downloads/AAPL_1771464207.json', 'D:\\ADF_folder\\real-time-stocks-mds\\data\\s3_downloads/AAPL_1771464240.json', 'D:\\ADF_folder\\real-time-stocks-mds\\data\\s3_downloads/AAPL_1771464273.json', 'D:\\ADF_folder\\real-time-stocks-mds\\data\\s3_downloads/AAPL_1771464306.json', 'D:\\ADF_folder\\real-time-stocks-mds\\data\\s3_downloads/AAPL_1771465239.json', 'D:\\ADF_folder\\real-time-stocks-mds\\data\\s3_downloads/AAPL_1771465272.json', 'D:\\ADF_folder\\real-time-stocks-mds\\data\\s3_downloads/AAPL_1771465305.json', 'D:\\ADF_folder\\real-time-stocks-mds\\data\\s3_downloads/AAPL_1771465338.json', 'D:\\ADF_folder\\real-time-stocks-mds\\data\\s3_downloads/AAPL_1771465371.json', 'D:\\ADF_folder\\real-time-stocks-mds\\data\\s3_downloads/AAPL_1771465404.json', 'D:\\ADF_folder\\real-time-stocks-mds\\data\\s3_downloads/AAPL_1771465437.json', 'D:\\ADF_folder\\real-time-stocks-mds\\data\\s3_downloads/AAPL_1771465470.json', 'D:\\ADF_folder\\real-time-stocks-mds\\data\\s3_downloads/AAPL_1771465503.json', 'D:\\ADF_folder\\real-time-stocks-mds\\data\\s3_downloads/AAPL_1771465536.json', 'D:\\ADF_folder\\real-time-stocks-mds\\data\\s3_downloads/AAPL_1771465569.json', 'D:\\ADF_folder\\real-time-stocks-mds\\data\\s3_downloads/AAPL_1772074550.json', 'D:\\ADF_folder\\real-time-stocks-mds\\data\\s3_downloads/AAPL_1772074583.json', 'D:\\ADF_folder\\real-time-stocks-mds\\data\\s3_downloads/AAPL_1772074616.json', 'D:\\ADF_folder\\real-time-stocks-mds\\data\\s3_downloads/AAPL_1772074649.json', 'D:\\ADF_folder\\real-time-stocks-mds\\data\\s3_downloads/AAPL_1772074683.json', 'D:\\ADF_folder\\real-time-stocks-mds\\data\\s3_downloads/AAPL_1772074715.json', 'D:\\ADF_folder\\real-time-stocks-mds\\data\\s3_downloads/AAPL_1772074748.json', 'D:\\ADF_folder\\real-time-stocks-mds\\data\\s3_downloads/AAPL_1772074781.json', 'D:\\ADF_folder\\real-time-stocks-mds\\data\\s3_downloads/AAPL_1772074815.json', 'D:\\ADF_folder\\real-time-stocks-mds\\data\\s3_downloads/AAPL_1772074848.json', 'D:\\ADF_folder\\real-time-stocks-mds\\data\\s3_downloads/AAPL_1772074881.json', 'D:\\ADF_folder\\real-time-stocks-mds\\data\\s3_downloads/AAPL_1772074914.json', 'D:\\ADF_folder\\real-time-stocks-mds\\data\\s3_downloads/AAPL_1772074947.json', 'D:\\ADF_folder\\real-time-stocks-mds\\data\\s3_downloads/AAPL_1772074980.json', 'D:\\ADF_folder\\real-time-stocks-mds\\data\\s3_downloads/AAPL_1772075013.json', 'D:\\ADF_folder\\real-time-stocks-mds\\data\\s3_downloads/AAPL_1772075046.json', 'D:\\ADF_folder\\real-time-stocks-mds\\data\\s3_downloads/AAPL_1772075079.json', 'D:\\ADF_folder\\real-time-stocks-mds\\data\\s3_downloads/AAPL_1772075112.json', 'D:\\ADF_folder\\real-time-stocks-mds\\data\\s3_downloads/AAPL_1772075145.json', 'D:\\ADF_folder\\real-time-stocks-mds\\data\\s3_downloads/AAPL_1772075178.json', 'D:\\ADF_folder\\real-time-stocks-mds\\data\\s3_downloads/AAPL_1772075211.json', 'D:\\ADF_folder\\real-time-stocks-mds\\data\\s3_downloads/AAPL_1772075244.json', 'D:\\ADF_folder\\real-time-stocks-mds\\data\\s3_downloads/AAPL_1772075277.json', 'D:\\ADF_folder\\real-time-stocks-mds\\data\\s3_downloads/AAPL_1772075310.json', 'D:\\ADF_folder\\real-time-stocks-mds\\data\\s3_downloads/AAPL_1772075343.json', 'D:\\ADF_folder\\real-time-stocks-mds\\data\\s3_downloads/AAPL_1772075376.json', 'D:\\ADF_folder\\real-time-stocks-mds\\data\\s3_downloads/AAPL_1772075409.json', 'D:\\ADF_folder\\real-time-stocks-mds\\data\\s3_downloads/AAPL_1772075441.json', 'D:\\ADF_folder\\real-time-stocks-mds\\data\\s3_downloads/AAPL_1772075474.json', 'D:\\ADF_folder\\real-time-stocks-mds\\data\\s3_downloads/AAPL_1772075507.json', 'D:\\ADF_folder\\real-time-stocks-mds\\data\\s3_downloads/AAPL_1772075540.json', 'D:\\ADF_folder\\real-time-stocks-mds\\data\\s3_downloads/AAPL_1772075573.json', 'D:\\ADF_folder\\real-time-stocks-mds\\data\\s3_downloads/AAPL_1772075607.json', 'D:\\ADF_folder\\real-time-stocks-mds\\data\\s3_downloads/AAPL_1772075640.json', 'D:\\ADF_folder\\real-time-stocks-mds\\data\\s3_downloads/AAPL_1772075673.json', 'D:\\ADF_folder\\real-time-stocks-mds\\data\\s3_downloads/AAPL_1772075706.json', 'D:\\ADF_folder\\real-time-stocks-mds\\data\\s3_downloads/AAPL_1772075739.json', 'D:\\ADF_folder\\real-time-stocks-mds\\data\\s3_downloads/AAPL_1772075772.json', 'D:\\ADF_folder\\real-time-stocks-mds\\data\\s3_downloads/AAPL_1772075805.json', 'D:\\ADF_folder\\real-time-stocks-mds\\data\\s3_downloads/AAPL_1772075838.json', 'D:\\ADF_folder\\real-time-stocks-mds\\data\\s3_downloads/AAPL_1772075870.json', 'D:\\ADF_folder\\real-time-stocks-mds\\data\\s3_downloads/AAPL_1772075903.json', 'D:\\ADF_folder\\real-time-stocks-mds\\data\\s3_downloads/AAPL_1772075936.json', 'D:\\ADF_folder\\real-time-stocks-mds\\data\\s3_downloads/AAPL_1772075969.json', 'D:\\ADF_folder\\real-time-stocks-mds\\data\\s3_downloads/AAPL_1772076002.json', 'D:\\ADF_folder\\real-time-stocks-mds\\data\\s3_downloads/AAPL_1772076035.json', 'D:\\ADF_folder\\real-time-stocks-mds\\data\\s3_downloads/AAPL_1772076068.json', 'D:\\ADF_folder\\real-time-stocks-mds\\data\\s3_downloads/AAPL_1772076101.json', 'D:\\ADF_folder\\real-time-stocks-mds\\data\\s3_downloads/AAPL_1772076134.json', 'D:\\ADF_folder\\real-time-stocks-mds\\data\\s3_downloads/AAPL_1772076167.json', 'D:\\ADF_folder\\real-time-stocks-mds\\data\\s3_downloads/AAPL_1772076200.json', 'D:\\ADF_folder\\real-time-stocks-mds\\data\\s3_downloads/AAPL_1772076233.json', 'D:\\ADF_folder\\real-time-stocks-mds\\data\\s3_downloads/AAPL_1772076266.json', 'D:\\ADF_folder\\real-time-stocks-mds\\data\\s3_downloads/AAPL_1772076298.json', 'D:\\ADF_folder\\real-time-stocks-mds\\data\\s3_downloads/AAPL_1772076331.json', 'D:\\ADF_folder\\real-time-stocks-mds\\data\\s3_downloads/AAPL_1772076364.json', 'D:\\ADF_folder\\real-time-stocks-mds\\data\\s3_downloads/AAPL_1772076397.json', 'D:\\ADF_folder\\real-time-stocks-mds\\data\\s3_downloads/AAPL_1772076431.json', 'D:\\ADF_folder\\real-time-stocks-mds\\data\\s3_downloads/AAPL_1772076464.json', 'D:\\ADF_folder\\real-time-stocks-mds\\data\\s3_downloads/AAPL_1772076497.json', 'D:\\ADF_folder\\real-time-stocks-mds\\data\\s3_downloads/AAPL_1772076530.json', 'D:\\ADF_folder\\real-time-stocks-mds\\data\\s3_downloads/AAPL_1772076563.json', 'D:\\ADF_folder\\real-time-stocks-mds\\data\\s3_downloads/AAPL_1772076595.json', 'D:\\ADF_folder\\real-time-stocks-mds\\data\\s3_downloads/AAPL_1772076628.json', 'D:\\ADF_folder\\real-time-stocks-mds\\data\\s3_downloads/AAPL_1772076661.json', 'D:\\ADF_folder\\real-time-stocks-mds\\data\\s3_downloads/AAPL_1772076694.json', 'D:\\ADF_folder\\real-time-stocks-mds\\data\\s3_downloads/AAPL_1772076727.json', 'D:\\ADF_folder\\real-time-stocks-mds\\data\\s3_downloads/AAPL_1772076760.json', 'D:\\ADF_folder\\real-time-stocks-mds\\data\\s3_downloads/AAPL_1772076793.json', 'D:\\ADF_folder\\real-time-stocks-mds\\data\\s3_downloads/AAPL_1772076826.json', 'D:\\ADF_folder\\real-time-stocks-mds\\data\\s3_downloads/AAPL_1772076859.json', 'D:\\ADF_folder\\real-time-stocks-mds\\data\\s3_downloads/AAPL_1772076892.json', 'D:\\ADF_folder\\real-time-stocks-mds\\data\\s3_downloads/AAPL_1772076925.json', 'D:\\ADF_folder\\real-time-stocks-mds\\data\\s3_downloads/AAPL_1772076958.json', 'D:\\ADF_folder\\real-time-stocks-mds\\data\\s3_downloads/AAPL_1772076991.json', 'D:\\ADF_folder\\real-time-stocks-mds\\data\\s3_downloads/AAPL_1772077025.json', 'D:\\ADF_folder\\real-time-stocks-mds\\data\\s3_downloads/AAPL_1772077058.json', 'D:\\ADF_folder\\real-time-stocks-mds\\data\\s3_downloads/AAPL_1772077091.json', 'D:\\ADF_folder\\real-time-stocks-mds\\data\\s3_downloads/AAPL_1772077123.json', 'D:\\ADF_folder\\real-time-stocks-mds\\data\\s3_downloads/AAPL_1772077157.json', 'D:\\ADF_folder\\real-time-stocks-mds\\data\\s3_downloads/AAPL_1772077190.json', 'D:\\ADF_folder\\real-time-stocks-mds\\data\\s3_downloads/AAPL_1772077223.json', 'D:\\ADF_folder\\real-time-stocks-mds\\data\\s3_downloads/AAPL_1772077256.json', 'D:\\ADF_folder\\real-time-stocks-mds\\data\\s3_downloads/AAPL_1772077289.json', 'D:\\ADF_folder\\real-time-stocks-mds\\data\\s3_downloads/AAPL_1772077322.json', 'D:\\ADF_folder\\real-time-stocks-mds\\data\\s3_downloads/AAPL_1772077356.json', 'D:\\ADF_folder\\real-time-stocks-mds\\data\\s3_downloads/AAPL_1772077388.json', 'D:\\ADF_folder\\real-time-stocks-mds\\data\\s3_downloads/AAPL_1772077421.json', 'D:\\ADF_folder\\real-time-stocks-mds\\data\\s3_downloads/AAPL_1772077454.json', 'D:\\ADF_folder\\real-time-stocks-mds\\data\\s3_downloads/AAPL_1772077487.json', 'D:\\ADF_folder\\real-time-stocks-mds\\data\\s3_downloads/AAPL_1772077520.json', 'D:\\ADF_folder\\real-time-stocks-mds\\data\\s3_downloads/AAPL_1772077553.json', 'D:\\ADF_folder\\real-time-stocks-mds\\data\\s3_downloads/AAPL_1772077586.json', 'D:\\ADF_folder\\real-time-stocks-mds\\data\\s3_downloads/AAPL_1772077619.json', 'D:\\ADF_folder\\real-time-stocks-mds\\data\\s3_downloads/AAPL_1772077652.json', 'D:\\ADF_folder\\real-time-stocks-mds\\data\\s3_downloads/AAPL_1772077685.json', 'D:\\ADF_folder\\real-time-stocks-mds\\data\\s3_downloads/AAPL_1772077718.json', 'D:\\ADF_folder\\real-time-stocks-mds\\data\\s3_downloads/AAPL_1772077750.json', 'D:\\ADF_folder\\real-time-stocks-mds\\data\\s3_downloads/AAPL_1772077783.json', 'D:\\ADF_folder\\real-time-stocks-mds\\data\\s3_downloads/AAPL_1772077816.json', 'D:\\ADF_folder\\real-time-stocks-mds\\data\\s3_downloads/AAPL_1772077849.json', 'D:\\ADF_folder\\real-time-stocks-mds\\data\\s3_downloads/AAPL_1772077882.json', 'D:\\ADF_folder\\real-time-stocks-mds\\data\\s3_downloads/AAPL_1772077915.json', 'D:\\ADF_folder\\real-time-stocks-mds\\data\\s3_downloads/AAPL_1772077947.json', 'D:\\ADF_folder\\real-time-stocks-mds\\data\\s3_downloads/AAPL_1772077980.json', 'D:\\ADF_folder\\real-time-stocks-mds\\data\\s3_downloads/AAPL_1772078013.json', 'D:\\ADF_folder\\real-time-stocks-mds\\data\\s3_downloads/AAPL_1772078046.json', 'D:\\ADF_folder\\real-time-stocks-mds\\data\\s3_downloads/AAPL_1772078079.json', 'D:\\ADF_folder\\real-time-stocks-mds\\data\\s3_downloads/AAPL_1772078112.json', 'D:\\ADF_folder\\real-time-stocks-mds\\data\\s3_downloads/AAPL_1772078145.json', 'D:\\ADF_folder\\real-time-stocks-mds\\data\\s3_downloads/AAPL_1772078178.json', 'D:\\ADF_folder\\real-time-stocks-mds\\data\\s3_downloads/AAPL_1772078211.json', 'D:\\ADF_folder\\real-time-stocks-mds\\data\\s3_downloads/AAPL_1772078244.json', 'D:\\ADF_folder\\real-time-stocks-mds\\data\\s3_downloads/AAPL_1772078277.json', 'D:\\ADF_folder\\real-time-stocks-mds\\data\\s3_downloads/AAPL_1772078310.json', 'D:\\ADF_folder\\real-time-stocks-mds\\data\\s3_downloads/AAPL_1772078342.json', 'D:\\ADF_folder\\real-time-stocks-mds\\data\\s3_downloads/AAPL_1772078375.json', 'D:\\ADF_folder\\real-time-stocks-mds\\data\\s3_downloads/AAPL_1772078409.json', 'D:\\ADF_folder\\real-time-stocks-mds\\data\\s3_downloads/AAPL_1772078442.json', 'D:\\ADF_folder\\real-time-stocks-mds\\data\\s3_downloads/AAPL_1772078475.json', 'D:\\ADF_folder\\real-time-stocks-mds\\data\\s3_downloads/AAPL_1772078509.json', 'D:\\ADF_folder\\real-time-stocks-mds\\data\\s3_downloads/AAPL_1772078542.json', 'D:\\ADF_folder\\real-time-stocks-mds\\data\\s3_downloads/AAPL_1772078575.json', 'D:\\ADF_folder\\real-time-stocks-mds\\data\\s3_downloads/AAPL_1772078608.json', 'D:\\ADF_folder\\real-time-stocks-mds\\data\\s3_downloads/AAPL_1772078641.json', 'D:\\ADF_folder\\real-time-stocks-mds\\data\\s3_downloads/AAPL_1772078674.json', 'D:\\ADF_folder\\real-time-stocks-mds\\data\\s3_downloads/AAPL_1772078707.json', 'D:\\ADF_folder\\real-time-stocks-mds\\data\\s3_downloads/AAPL_1772078740.json', 'D:\\ADF_folder\\real-time-stocks-mds\\data\\s3_downloads/AAPL_1772078773.json', 'D:\\ADF_folder\\real-time-stocks-mds\\data\\s3_downloads/AAPL_1772078806.json', 'D:\\ADF_folder\\real-time-stocks-mds\\data\\s3_downloads/AAPL_1772078839.json', 'D:\\ADF_folder\\real-time-stocks-mds\\data\\s3_downloads/AAPL_1772078872.json', 'D:\\ADF_folder\\real-time-stocks-mds\\data\\s3_downloads/AAPL_1772078904.json', 'D:\\ADF_folder\\real-time-stocks-mds\\data\\s3_downloads/AAPL_1772078937.json', 'D:\\ADF_folder\\real-time-stocks-mds\\data\\s3_downloads/AAPL_1772078970.json', 'D:\\ADF_folder\\real-time-stocks-mds\\data\\s3_downloads/AAPL_1772079004.json', 'D:\\ADF_folder\\real-time-stocks-mds\\data\\s3_downloads/AAPL_1772079037.json', 'D:\\ADF_folder\\real-time-stocks-mds\\data\\s3_downloads/AAPL_1772079071.json', 'D:\\ADF_folder\\real-time-stocks-mds\\data\\s3_downloads/AAPL_1772079104.json', 'D:\\ADF_folder\\real-time-stocks-mds\\data\\s3_downloads/AAPL_1772079137.json', 'D:\\ADF_folder\\real-time-stocks-mds\\data\\s3_downloads/AAPL_1772079170.json', 'D:\\ADF_folder\\real-time-stocks-mds\\data\\s3_downloads/AAPL_1772079203.json', 'D:\\ADF_folder\\real-time-stocks-mds\\data\\s3_downloads/AAPL_1772079236.json', 'D:\\ADF_folder\\real-time-stocks-mds\\data\\s3_downloads/AAPL_1772079269.json', 'D:\\ADF_folder\\real-time-stocks-mds\\data\\s3_downloads/GOOGL_1771463605.json', 'D:\\ADF_folder\\real-time-stocks-mds\\data\\s3_downloads/GOOGL_1771463638.json', 'D:\\ADF_folder\\real-time-stocks-mds\\data\\s3_downloads/GOOGL_1771463671.json', 'D:\\ADF_folder\\real-time-stocks-mds\\data\\s3_downloads/GOOGL_1771463704.json', 'D:\\ADF_folder\\real-time-stocks-mds\\data\\s3_downloads/GOOGL_1771463737.json', 'D:\\ADF_folder\\real-time-stocks-mds\\data\\s3_downloads/GOOGL_1771463770.json', 'D:\\ADF_folder\\real-time-stocks-mds\\data\\s3_downloads/GOOGL_1771463803.json', 'D:\\ADF_folder\\real-time-stocks-mds\\data\\s3_downloads/GOOGL_1771463836.json', 'D:\\ADF_folder\\real-time-stocks-mds\\data\\s3_downloads/GOOGL_1771463869.json', 'D:\\ADF_folder\\real-time-stocks-mds\\data\\s3_downloads/GOOGL_1771463902.json', 'D:\\ADF_folder\\real-time-stocks-mds\\data\\s3_downloads/GOOGL_1771463936.json', 'D:\\ADF_folder\\real-time-stocks-mds\\data\\s3_downloads/GOOGL_1771463968.json', 'D:\\ADF_folder\\real-time-stocks-mds\\data\\s3_downloads/GOOGL_1771464002.json', 'D:\\ADF_folder\\real-time-stocks-mds\\data\\s3_downloads/GOOGL_1771464035.json', 'D:\\ADF_folder\\real-time-stocks-mds\\data\\s3_downloads/GOOGL_1771464068.json', 'D:\\ADF_folder\\real-time-stocks-mds\\data\\s3_downloads/GOOGL_1771464101.json', 'D:\\ADF_folder\\real-time-stocks-mds\\data\\s3_downloads/GOOGL_1771464134.json', 'D:\\ADF_folder\\real-time-stocks-mds\\data\\s3_downloads/GOOGL_1771464167.json', 'D:\\ADF_folder\\real-time-stocks-mds\\data\\s3_downloads/GOOGL_1771464200.json', 'D:\\ADF_folder\\real-time-stocks-mds\\data\\s3_downloads/GOOGL_1771464233.json', 'D:\\ADF_folder\\real-time-stocks-mds\\data\\s3_downloads/GOOGL_1771464266.json', 'D:\\ADF_folder\\real-time-stocks-mds\\data\\s3_downloads/GOOGL_1771464299.json', 'D:\\ADF_folder\\real-time-stocks-mds\\data\\s3_downloads/GOOGL_1771465232.json', 'D:\\ADF_folder\\real-time-stocks-mds\\data\\s3_downloads/GOOGL_1771465265.json', 'D:\\ADF_folder\\real-time-stocks-mds\\data\\s3_downloads/GOOGL_1771465298.json', 'D:\\ADF_folder\\real-time-stocks-mds\\data\\s3_downloads/GOOGL_1771465331.json', 'D:\\ADF_folder\\real-time-stocks-mds\\data\\s3_downloads/GOOGL_1771465364.json', 'D:\\ADF_folder\\real-time-stocks-mds\\data\\s3_downloads/GOOGL_1771465397.json', 'D:\\ADF_folder\\real-time-stocks-mds\\data\\s3_downloads/GOOGL_1771465430.json', 'D:\\ADF_folder\\real-time-stocks-mds\\data\\s3_downloads/GOOGL_1771465463.json', 'D:\\ADF_folder\\real-time-stocks-mds\\data\\s3_downloads/GOOGL_1771465496.json', 'D:\\ADF_folder\\real-time-stocks-mds\\data\\s3_downloads/GOOGL_1771465529.json', 'D:\\ADF_folder\\real-time-stocks-mds\\data\\s3_downloads/GOOGL_1771465562.json', 'D:\\ADF_folder\\real-time-stocks-mds\\data\\s3_downloads/GOOGL_1772074576.json', 'D:\\ADF_folder\\real-time-stocks-mds\\data\\s3_downloads/GOOGL_1772074609.json', 'D:\\ADF_folder\\real-time-stocks-mds\\data\\s3_downloads/GOOGL_1772074642.json', 'D:\\ADF_folder\\real-time-stocks-mds\\data\\s3_downloads/GOOGL_1772074676.json', 'D:\\ADF_folder\\real-time-stocks-mds\\data\\s3_downloads/GOOGL_1772074709.json', 'D:\\ADF_folder\\real-time-stocks-mds\\data\\s3_downloads/GOOGL_1772074742.json', 'D:\\ADF_folder\\real-time-stocks-mds\\data\\s3_downloads/GOOGL_1772074775.json', 'D:\\ADF_folder\\real-time-stocks-mds\\data\\s3_downloads/GOOGL_1772074808.json', 'D:\\ADF_folder\\real-time-stocks-mds\\data\\s3_downloads/GOOGL_1772074841.json', 'D:\\ADF_folder\\real-time-stocks-mds\\data\\s3_downloads/GOOGL_1772074874.json', 'D:\\ADF_folder\\real-time-stocks-mds\\data\\s3_downloads/GOOGL_1772074907.json', 'D:\\ADF_folder\\real-time-stocks-mds\\data\\s3_downloads/GOOGL_1772074940.json', 'D:\\ADF_folder\\real-time-stocks-mds\\data\\s3_downloads/GOOGL_1772074973.json', 'D:\\ADF_folder\\real-time-stocks-mds\\data\\s3_downloads/GOOGL_1772075006.json', 'D:\\ADF_folder\\real-time-stocks-mds\\data\\s3_downloads/GOOGL_1772075039.json', 'D:\\ADF_folder\\real-time-stocks-mds\\data\\s3_downloads/GOOGL_1772075072.json', 'D:\\ADF_folder\\real-time-stocks-mds\\data\\s3_downloads/GOOGL_1772075105.json', 'D:\\ADF_folder\\real-time-stocks-mds\\data\\s3_downloads/GOOGL_1772075138.json', 'D:\\ADF_folder\\real-time-stocks-mds\\data\\s3_downloads/GOOGL_1772075171.json', 'D:\\ADF_folder\\real-time-stocks-mds\\data\\s3_downloads/GOOGL_1772075204.json', 'D:\\ADF_folder\\real-time-stocks-mds\\data\\s3_downloads/GOOGL_1772075237.json', 'D:\\ADF_folder\\real-time-stocks-mds\\data\\s3_downloads/GOOGL_1772075270.json', 'D:\\ADF_folder\\real-time-stocks-mds\\data\\s3_downloads/GOOGL_1772075303.json', 'D:\\ADF_folder\\real-time-stocks-mds\\data\\s3_downloads/GOOGL_1772075336.json', 'D:\\ADF_folder\\real-time-stocks-mds\\data\\s3_downloads/GOOGL_1772075369.json', 'D:\\ADF_folder\\real-time-stocks-mds\\data\\s3_downloads/GOOGL_1772075402.json', 'D:\\ADF_folder\\real-time-stocks-mds\\data\\s3_downloads/GOOGL_1772075435.json', 'D:\\ADF_folder\\real-time-stocks-mds\\data\\s3_downloads/GOOGL_1772075468.json', 'D:\\ADF_folder\\real-time-stocks-mds\\data\\s3_downloads/GOOGL_1772075500.json', 'D:\\ADF_folder\\real-time-stocks-mds\\data\\s3_downloads/GOOGL_1772075533.json', 'D:\\ADF_folder\\real-time-stocks-mds\\data\\s3_downloads/GOOGL_1772075566.json', 'D:\\ADF_folder\\real-time-stocks-mds\\data\\s3_downloads/GOOGL_1772075600.json', 'D:\\ADF_folder\\real-time-stocks-mds\\data\\s3_downloads/GOOGL_1772075634.json', 'D:\\ADF_folder\\real-time-stocks-mds\\data\\s3_downloads/GOOGL_1772075666.json', 'D:\\ADF_folder\\real-time-stocks-mds\\data\\s3_downloads/GOOGL_1772075699.json', 'D:\\ADF_folder\\real-time-stocks-mds\\data\\s3_downloads/GOOGL_1772075732.json', 'D:\\ADF_folder\\real-time-stocks-mds\\data\\s3_downloads/GOOGL_1772075765.json', 'D:\\ADF_folder\\real-time-stocks-mds\\data\\s3_downloads/GOOGL_1772075798.json', 'D:\\ADF_folder\\real-time-stocks-mds\\data\\s3_downloads/GOOGL_1772075831.json', 'D:\\ADF_folder\\real-time-stocks-mds\\data\\s3_downloads/GOOGL_1772075864.json', 'D:\\ADF_folder\\real-time-stocks-mds\\data\\s3_downloads/GOOGL_1772075896.json', 'D:\\ADF_folder\\real-time-stocks-mds\\data\\s3_downloads/GOOGL_1772075930.json', 'D:\\ADF_folder\\real-time-stocks-mds\\data\\s3_downloads/GOOGL_1772075962.json', 'D:\\ADF_folder\\real-time-stocks-mds\\data\\s3_downloads/GOOGL_1772075995.json', 'D:\\ADF_folder\\real-time-stocks-mds\\data\\s3_downloads/GOOGL_1772076028.json', 'D:\\ADF_folder\\real-time-stocks-mds\\data\\s3_downloads/GOOGL_1772076062.json', 'D:\\ADF_folder\\real-time-stocks-mds\\data\\s3_downloads/GOOGL_1772076094.json', 'D:\\ADF_folder\\real-time-stocks-mds\\data\\s3_downloads/GOOGL_1772076127.json', 'D:\\ADF_folder\\real-time-stocks-mds\\data\\s3_downloads/GOOGL_1772076160.json', 'D:\\ADF_folder\\real-time-stocks-mds\\data\\s3_downloads/GOOGL_1772076193.json', 'D:\\ADF_folder\\real-time-stocks-mds\\data\\s3_downloads/GOOGL_1772076226.json', 'D:\\ADF_folder\\real-time-stocks-mds\\data\\s3_downloads/GOOGL_1772076259.json', 'D:\\ADF_folder\\real-time-stocks-mds\\data\\s3_downloads/GOOGL_1772076292.json', 'D:\\ADF_folder\\real-time-stocks-mds\\data\\s3_downloads/GOOGL_1772076325.json', 'D:\\ADF_folder\\real-time-stocks-mds\\data\\s3_downloads/GOOGL_1772076357.json', 'D:\\ADF_folder\\real-time-stocks-mds\\data\\s3_downloads/GOOGL_1772076390.json', 'D:\\ADF_folder\\real-time-stocks-mds\\data\\s3_downloads/GOOGL_1772076423.json', 'D:\\ADF_folder\\real-time-stocks-mds\\data\\s3_downloads/GOOGL_1772076457.json', 'D:\\ADF_folder\\real-time-stocks-mds\\data\\s3_downloads/GOOGL_1772076490.json', 'D:\\ADF_folder\\real-time-stocks-mds\\data\\s3_downloads/GOOGL_1772076523.json', 'D:\\ADF_folder\\real-time-stocks-mds\\data\\s3_downloads/GOOGL_1772076556.json', 'D:\\ADF_folder\\real-time-stocks-mds\\data\\s3_downloads/GOOGL_1772076589.json', 'D:\\ADF_folder\\real-time-stocks-mds\\data\\s3_downloads/GOOGL_1772076622.json', 'D:\\ADF_folder\\real-time-stocks-mds\\data\\s3_downloads/GOOGL_1772076655.json', 'D:\\ADF_folder\\real-time-stocks-mds\\data\\s3_downloads/GOOGL_1772076687.json', 'D:\\ADF_folder\\real-time-stocks-mds\\data\\s3_downloads/GOOGL_1772076720.json', 'D:\\ADF_folder\\real-time-stocks-mds\\data\\s3_downloads/GOOGL_1772076754.json', 'D:\\ADF_folder\\real-time-stocks-mds\\data\\s3_downloads/GOOGL_1772076787.json', 'D:\\ADF_folder\\real-time-stocks-mds\\data\\s3_downloads/GOOGL_1772076820.json', 'D:\\ADF_folder\\real-time-stocks-mds\\data\\s3_downloads/GOOGL_1772076853.json', 'D:\\ADF_folder\\real-time-stocks-mds\\data\\s3_downloads/GOOGL_1772076886.json', 'D:\\ADF_folder\\real-time-stocks-mds\\data\\s3_downloads/GOOGL_1772076919.json', 'D:\\ADF_folder\\real-time-stocks-mds\\data\\s3_downloads/GOOGL_1772076952.json', 'D:\\ADF_folder\\real-time-stocks-mds\\data\\s3_downloads/GOOGL_1772076985.json', 'D:\\ADF_folder\\real-time-stocks-mds\\data\\s3_downloads/GOOGL_1772077018.json', 'D:\\ADF_folder\\real-time-stocks-mds\\data\\s3_downloads/GOOGL_1772077051.json', 'D:\\ADF_folder\\real-time-stocks-mds\\data\\s3_downloads/GOOGL_1772077084.json', 'D:\\ADF_folder\\real-time-stocks-mds\\data\\s3_downloads/GOOGL_1772077117.json', 'D:\\ADF_folder\\real-time-stocks-mds\\data\\s3_downloads/GOOGL_1772077150.json', 'D:\\ADF_folder\\real-time-stocks-mds\\data\\s3_downloads/GOOGL_1772077183.json', 'D:\\ADF_folder\\real-time-stocks-mds\\data\\s3_downloads/GOOGL_1772077216.json', 'D:\\ADF_folder\\real-time-stocks-mds\\data\\s3_downloads/GOOGL_1772077249.json', 'D:\\ADF_folder\\real-time-stocks-mds\\data\\s3_downloads/GOOGL_1772077282.json', 'D:\\ADF_folder\\real-time-stocks-mds\\data\\s3_downloads/GOOGL_1772077315.json', 'D:\\ADF_folder\\real-time-stocks-mds\\data\\s3_downloads/GOOGL_1772077349.json', 'D:\\ADF_folder\\real-time-stocks-mds\\data\\s3_downloads/GOOGL_1772077382.json', 'D:\\ADF_folder\\real-time-stocks-mds\\data\\s3_downloads/GOOGL_1772077415.json', 'D:\\ADF_folder\\real-time-stocks-mds\\data\\s3_downloads/GOOGL_1772077448.json', 'D:\\ADF_folder\\real-time-stocks-mds\\data\\s3_downloads/GOOGL_1772077481.json', 'D:\\ADF_folder\\real-time-stocks-mds\\data\\s3_downloads/GOOGL_1772077513.json', 'D:\\ADF_folder\\real-time-stocks-mds\\data\\s3_downloads/GOOGL_1772077546.json', 'D:\\ADF_folder\\real-time-stocks-mds\\data\\s3_downloads/GOOGL_1772077579.json', 'D:\\ADF_folder\\real-time-stocks-mds\\data\\s3_downloads/GOOGL_1772077612.json', 'D:\\ADF_folder\\real-time-stocks-mds\\data\\s3_downloads/GOOGL_1772077645.json', 'D:\\ADF_folder\\real-time-stocks-mds\\data\\s3_downloads/GOOGL_1772077678.json', 'D:\\ADF_folder\\real-time-stocks-mds\\data\\s3_downloads/GOOGL_1772077711.json', 'D:\\ADF_folder\\real-time-stocks-mds\\data\\s3_downloads/GOOGL_1772077744.json', 'D:\\ADF_folder\\real-time-stocks-mds\\data\\s3_downloads/GOOGL_1772077777.json', 'D:\\ADF_folder\\real-time-stocks-mds\\data\\s3_downloads/GOOGL_1772077810.json', 'D:\\ADF_folder\\real-time-stocks-mds\\data\\s3_downloads/GOOGL_1772077842.json', 'D:\\ADF_folder\\real-time-stocks-mds\\data\\s3_downloads/GOOGL_1772077875.json', 'D:\\ADF_folder\\real-time-stocks-mds\\data\\s3_downloads/GOOGL_1772077908.json', 'D:\\ADF_folder\\real-time-stocks-mds\\data\\s3_downloads/GOOGL_1772077941.json', 'D:\\ADF_folder\\real-time-stocks-mds\\data\\s3_downloads/GOOGL_1772077974.json', 'D:\\ADF_folder\\real-time-stocks-mds\\data\\s3_downloads/GOOGL_1772078006.json', 'D:\\ADF_folder\\real-time-stocks-mds\\data\\s3_downloads/GOOGL_1772078039.json', 'D:\\ADF_folder\\real-time-stocks-mds\\data\\s3_downloads/GOOGL_1772078072.json', 'D:\\ADF_folder\\real-time-stocks-mds\\data\\s3_downloads/GOOGL_1772078105.json', 'D:\\ADF_folder\\real-time-stocks-mds\\data\\s3_downloads/GOOGL_1772078138.json', 'D:\\ADF_folder\\real-time-stocks-mds\\data\\s3_downloads/GOOGL_1772078171.json', 'D:\\ADF_folder\\real-time-stocks-mds\\data\\s3_downloads/GOOGL_1772078204.json', 'D:\\ADF_folder\\real-time-stocks-mds\\data\\s3_downloads/GOOGL_1772078237.json', 'D:\\ADF_folder\\real-time-stocks-mds\\data\\s3_downloads/GOOGL_1772078270.json', 'D:\\ADF_folder\\real-time-stocks-mds\\data\\s3_downloads/GOOGL_1772078303.json', 'D:\\ADF_folder\\real-time-stocks-mds\\data\\s3_downloads/GOOGL_1772078336.json', 'D:\\ADF_folder\\real-time-stocks-mds\\data\\s3_downloads/GOOGL_1772078369.json', 'D:\\ADF_folder\\real-time-stocks-mds\\data\\s3_downloads/GOOGL_1772078402.json', 'D:\\ADF_folder\\real-time-stocks-mds\\data\\s3_downloads/GOOGL_1772078435.json', 'D:\\ADF_folder\\real-time-stocks-mds\\data\\s3_downloads/GOOGL_1772078468.json', 'D:\\ADF_folder\\real-time-stocks-mds\\data\\s3_downloads/GOOGL_1772078502.json', 'D:\\ADF_folder\\real-time-stocks-mds\\data\\s3_downloads/GOOGL_1772078535.json', 'D:\\ADF_folder\\real-time-stocks-mds\\data\\s3_downloads/GOOGL_1772078568.json', 'D:\\ADF_folder\\real-time-stocks-mds\\data\\s3_downloads/GOOGL_1772078601.json', 'D:\\ADF_folder\\real-time-stocks-mds\\data\\s3_downloads/GOOGL_1772078635.json', 'D:\\ADF_folder\\real-time-stocks-mds\\data\\s3_downloads/GOOGL_1772078667.json', 'D:\\ADF_folder\\real-time-stocks-mds\\data\\s3_downloads/GOOGL_1772078700.json', 'D:\\ADF_folder\\real-time-stocks-mds\\data\\s3_downloads/GOOGL_1772078733.json', 'D:\\ADF_folder\\real-time-stocks-mds\\data\\s3_downloads/GOOGL_1772078766.json', 'D:\\ADF_folder\\real-time-stocks-mds\\data\\s3_downloads/GOOGL_1772078799.json', 'D:\\ADF_folder\\real-time-stocks-mds\\data\\s3_downloads/GOOGL_1772078832.json', 'D:\\ADF_folder\\real-time-stocks-mds\\data\\s3_downloads/GOOGL_1772078865.json', 'D:\\ADF_folder\\real-time-stocks-mds\\data\\s3_downloads/GOOGL_1772078898.json', 'D:\\ADF_folder\\real-time-stocks-mds\\data\\s3_downloads/GOOGL_1772078931.json', 'D:\\ADF_folder\\real-time-stocks-mds\\data\\s3_downloads/GOOGL_1772078964.json', 'D:\\ADF_folder\\real-time-stocks-mds\\data\\s3_downloads/GOOGL_1772078997.json', 'D:\\ADF_folder\\real-time-stocks-mds\\data\\s3_downloads/GOOGL_1772079030.json', 'D:\\ADF_folder\\real-time-stocks-mds\\data\\s3_downloads/GOOGL_1772079064.json', 'D:\\ADF_folder\\real-time-stocks-mds\\data\\s3_downloads/GOOGL_1772079097.json', 'D:\\ADF_folder\\real-time-stocks-mds\\data\\s3_downloads/GOOGL_1772079130.json', 'D:\\ADF_folder\\real-time-stocks-mds\\data\\s3_downloads/GOOGL_1772079163.json', 'D:\\ADF_folder\\real-time-stocks-mds\\data\\s3_downloads/GOOGL_1772079196.json', 'D:\\ADF_folder\\real-time-stocks-mds\\data\\s3_downloads/GOOGL_1772079229.json', 'D:\\ADF_folder\\real-time-stocks-mds\\data\\s3_downloads/GOOGL_1772079262.json', 'D:\\ADF_folder\\real-time-stocks-mds\\data\\s3_downloads/GOOGL_1772079295.json', 'D:\\ADF_folder\\real-time-stocks-mds\\data\\s3_downloads/AMZN_1771463619.json', 'D:\\ADF_folder\\real-time-stocks-mds\\data\\s3_downloads/AMZN_1771463651.json', 'D:\\ADF_folder\\real-time-stocks-mds\\data\\s3_downloads/AMZN_1771463684.json', 'D:\\ADF_folder\\real-time-stocks-mds\\data\\s3_downloads/AMZN_1771463718.json', 'D:\\ADF_folder\\real-time-stocks-mds\\data\\s3_downloads/AMZN_1771463750.json', 'D:\\ADF_folder\\real-time-stocks-mds\\data\\s3_downloads/AMZN_1771463783.json', 'D:\\ADF_folder\\real-time-stocks-mds\\data\\s3_downloads/AMZN_1771463816.json', 'D:\\ADF_folder\\real-time-stocks-mds\\data\\s3_downloads/AMZN_1771463849.json', 'D:\\ADF_folder\\real-time-stocks-mds\\data\\s3_downloads/AMZN_1771463882.json', 'D:\\ADF_folder\\real-time-stocks-mds\\data\\s3_downloads/AMZN_1771463916.json', 'D:\\ADF_folder\\real-time-stocks-mds\\data\\s3_downloads/AMZN_1771463949.json', 'D:\\ADF_folder\\real-time-stocks-mds\\data\\s3_downloads/AMZN_1771463982.json', 'D:\\ADF_folder\\real-time-stocks-mds\\data\\s3_downloads/AMZN_1771464015.json', 'D:\\ADF_folder\\real-time-stocks-mds\\data\\s3_downloads/AMZN_1771464048.json', 'D:\\ADF_folder\\real-time-stocks-mds\\data\\s3_downloads/AMZN_1771464082.json', 'D:\\ADF_folder\\real-time-stocks-mds\\data\\s3_downloads/AMZN_1771464115.json', 'D:\\ADF_folder\\real-time-stocks-mds\\data\\s3_downloads/AMZN_1771464148.json', 'D:\\ADF_folder\\real-time-stocks-mds\\data\\s3_downloads/AMZN_1771464181.json', 'D:\\ADF_folder\\real-time-stocks-mds\\data\\s3_downloads/AMZN_1771464213.json', 'D:\\ADF_folder\\real-time-stocks-mds\\data\\s3_downloads/AMZN_1771464247.json', 'D:\\ADF_folder\\real-time-stocks-mds\\data\\s3_downloads/AMZN_1771464280.json', 'D:\\ADF_folder\\real-time-stocks-mds\\data\\s3_downloads/AMZN_1771464313.json', 'D:\\ADF_folder\\real-time-stocks-mds\\data\\s3_downloads/AMZN_1771465245.json', 'D:\\ADF_folder\\real-time-stocks-mds\\data\\s3_downloads/AMZN_1771465279.json', 'D:\\ADF_folder\\real-time-stocks-mds\\data\\s3_downloads/AMZN_1771465312.json', 'D:\\ADF_folder\\real-time-stocks-mds\\data\\s3_downloads/AMZN_1771465344.json', 'D:\\ADF_folder\\real-time-stocks-mds\\data\\s3_downloads/AMZN_1771465378.json', 'D:\\ADF_folder\\real-time-stocks-mds\\data\\s3_downloads/AMZN_1771465411.json', 'D:\\ADF_folder\\real-time-stocks-mds\\data\\s3_downloads/AMZN_1771465443.json', 'D:\\ADF_folder\\real-time-stocks-mds\\data\\s3_downloads/AMZN_1771465477.json', 'D:\\ADF_folder\\real-time-stocks-mds\\data\\s3_downloads/AMZN_1771465510.json', 'D:\\ADF_folder\\real-time-stocks-mds\\data\\s3_downloads/AMZN_1771465543.json', 'D:\\ADF_folder\\real-time-stocks-mds\\data\\s3_downloads/AMZN_1771465576.json', 'D:\\ADF_folder\\real-time-stocks-mds\\data\\s3_downloads/AMZN_1772074557.json', 'D:\\ADF_folder\\real-time-stocks-mds\\data\\s3_downloads/AMZN_1772074590.json', 'D:\\ADF_folder\\real-time-stocks-mds\\data\\s3_downloads/AMZN_1772074622.json', 'D:\\ADF_folder\\real-time-stocks-mds\\data\\s3_downloads/AMZN_1772074655.json', 'D:\\ADF_folder\\real-time-stocks-mds\\data\\s3_downloads/AMZN_1772074689.json', 'D:\\ADF_folder\\real-time-stocks-mds\\data\\s3_downloads/AMZN_1772074722.json', 'D:\\ADF_folder\\real-time-stocks-mds\\data\\s3_downloads/AMZN_1772074755.json', 'D:\\ADF_folder\\real-time-stocks-mds\\data\\s3_downloads/AMZN_1772074788.json', 'D:\\ADF_folder\\real-time-stocks-mds\\data\\s3_downloads/AMZN_1772074822.json', 'D:\\ADF_folder\\real-time-stocks-mds\\data\\s3_downloads/AMZN_1772074855.json', 'D:\\ADF_folder\\real-time-stocks-mds\\data\\s3_downloads/AMZN_1772074887.json', 'D:\\ADF_folder\\real-time-stocks-mds\\data\\s3_downloads/AMZN_1772074921.json', 'D:\\ADF_folder\\real-time-stocks-mds\\data\\s3_downloads/AMZN_1772074954.json', 'D:\\ADF_folder\\real-time-stocks-mds\\data\\s3_downloads/AMZN_1772074986.json', 'D:\\ADF_folder\\real-time-stocks-mds\\data\\s3_downloads/AMZN_1772075020.json', 'D:\\ADF_folder\\real-time-stocks-mds\\data\\s3_downloads/AMZN_1772075052.json', 'D:\\ADF_folder\\real-time-stocks-mds\\data\\s3_downloads/AMZN_1772075086.json', 'D:\\ADF_folder\\real-time-stocks-mds\\data\\s3_downloads/AMZN_1772075119.json', 'D:\\ADF_folder\\real-time-stocks-mds\\data\\s3_downloads/AMZN_1772075152.json', 'D:\\ADF_folder\\real-time-stocks-mds\\data\\s3_downloads/AMZN_1772075184.json', 'D:\\ADF_folder\\real-time-stocks-mds\\data\\s3_downloads/AMZN_1772075217.json', 'D:\\ADF_folder\\real-time-stocks-mds\\data\\s3_downloads/AMZN_1772075250.json', 'D:\\ADF_folder\\real-time-stocks-mds\\data\\s3_downloads/AMZN_1772075283.json', 'D:\\ADF_folder\\real-time-stocks-mds\\data\\s3_downloads/AMZN_1772075316.json', 'D:\\ADF_folder\\real-time-stocks-mds\\data\\s3_downloads/AMZN_1772075349.json', 'D:\\ADF_folder\\real-time-stocks-mds\\data\\s3_downloads/AMZN_1772075382.json', 'D:\\ADF_folder\\real-time-stocks-mds\\data\\s3_downloads/AMZN_1772075415.json', 'D:\\ADF_folder\\real-time-stocks-mds\\data\\s3_downloads/AMZN_1772075448.json', 'D:\\ADF_folder\\real-time-stocks-mds\\data\\s3_downloads/AMZN_1772075481.json', 'D:\\ADF_folder\\real-time-stocks-mds\\data\\s3_downloads/AMZN_1772075513.json', 'D:\\ADF_folder\\real-time-stocks-mds\\data\\s3_downloads/AMZN_1772075546.json', 'D:\\ADF_folder\\real-time-stocks-mds\\data\\s3_downloads/AMZN_1772075579.json', 'D:\\ADF_folder\\real-time-stocks-mds\\data\\s3_downloads/AMZN_1772075614.json', 'D:\\ADF_folder\\real-time-stocks-mds\\data\\s3_downloads/AMZN_1772075647.json', 'D:\\ADF_folder\\real-time-stocks-mds\\data\\s3_downloads/AMZN_1772075680.json', 'D:\\ADF_folder\\real-time-stocks-mds\\data\\s3_downloads/AMZN_1772075712.json', 'D:\\ADF_folder\\real-time-stocks-mds\\data\\s3_downloads/AMZN_1772075745.json', 'D:\\ADF_folder\\real-time-stocks-mds\\data\\s3_downloads/AMZN_1772075778.json', 'D:\\ADF_folder\\real-time-stocks-mds\\data\\s3_downloads/AMZN_1772075811.json', 'D:\\ADF_folder\\real-time-stocks-mds\\data\\s3_downloads/AMZN_1772075844.json', 'D:\\ADF_folder\\real-time-stocks-mds\\data\\s3_downloads/AMZN_1772075877.json', 'D:\\ADF_folder\\real-time-stocks-mds\\data\\s3_downloads/AMZN_1772075910.json', 'D:\\ADF_folder\\real-time-stocks-mds\\data\\s3_downloads/AMZN_1772075943.json', 'D:\\ADF_folder\\real-time-stocks-mds\\data\\s3_downloads/AMZN_1772075975.json', 'D:\\ADF_folder\\real-time-stocks-mds\\data\\s3_downloads/AMZN_1772076008.json', 'D:\\ADF_folder\\real-time-stocks-mds\\data\\s3_downloads/AMZN_1772076041.json', 'D:\\ADF_folder\\real-time-stocks-mds\\data\\s3_downloads/AMZN_1772076075.json', 'D:\\ADF_folder\\real-time-stocks-mds\\data\\s3_downloads/AMZN_1772076108.json', 'D:\\ADF_folder\\real-time-stocks-mds\\data\\s3_downloads/AMZN_1772076140.json', 'D:\\ADF_folder\\real-time-stocks-mds\\data\\s3_downloads/AMZN_1772076173.json', 'D:\\ADF_folder\\real-time-stocks-mds\\data\\s3_downloads/AMZN_1772076207.json', 'D:\\ADF_folder\\real-time-stocks-mds\\data\\s3_downloads/AMZN_1772076239.json', 'D:\\ADF_folder\\real-time-stocks-mds\\data\\s3_downloads/AMZN_1772076272.json', 'D:\\ADF_folder\\real-time-stocks-mds\\data\\s3_downloads/AMZN_1772076305.json', 'D:\\ADF_folder\\real-time-stocks-mds\\data\\s3_downloads/AMZN_1772076338.json', 'D:\\ADF_folder\\real-time-stocks-mds\\data\\s3_downloads/AMZN_1772076371.json', 'D:\\ADF_folder\\real-time-stocks-mds\\data\\s3_downloads/AMZN_1772076403.json', 'D:\\ADF_folder\\real-time-stocks-mds\\data\\s3_downloads/AMZN_1772076437.json', 'D:\\ADF_folder\\real-time-stocks-mds\\data\\s3_downloads/AMZN_1772076470.json', 'D:\\ADF_folder\\real-time-stocks-mds\\data\\s3_downloads/AMZN_1772076503.json', 'D:\\ADF_folder\\real-time-stocks-mds\\data\\s3_downloads/AMZN_1772076536.json', 'D:\\ADF_folder\\real-time-stocks-mds\\data\\s3_downloads/AMZN_1772076569.json', 'D:\\ADF_folder\\real-time-stocks-mds\\data\\s3_downloads/AMZN_1772076602.json', 'D:\\ADF_folder\\real-time-stocks-mds\\data\\s3_downloads/AMZN_1772076635.json', 'D:\\ADF_folder\\real-time-stocks-mds\\data\\s3_downloads/AMZN_1772076668.json', 'D:\\ADF_folder\\real-time-stocks-mds\\data\\s3_downloads/AMZN_1772076701.json', 'D:\\ADF_folder\\real-time-stocks-mds\\data\\s3_downloads/AMZN_1772076734.json', 'D:\\ADF_folder\\real-time-stocks-mds\\data\\s3_downloads/AMZN_1772076767.json', 'D:\\ADF_folder\\real-time-stocks-mds\\data\\s3_downloads/AMZN_1772076800.json', 'D:\\ADF_folder\\real-time-stocks-mds\\data\\s3_downloads/AMZN_1772076833.json', 'D:\\ADF_folder\\real-time-stocks-mds\\data\\s3_downloads/AMZN_1772076866.json', 'D:\\ADF_folder\\real-time-stocks-mds\\data\\s3_downloads/AMZN_1772076899.json', 'D:\\ADF_folder\\real-time-stocks-mds\\data\\s3_downloads/AMZN_1772076932.json', 'D:\\ADF_folder\\real-time-stocks-mds\\data\\s3_downloads/AMZN_1772076965.json', 'D:\\ADF_folder\\real-time-stocks-mds\\data\\s3_downloads/AMZN_1772076998.json', 'D:\\ADF_folder\\real-time-stocks-mds\\data\\s3_downloads/AMZN_1772077031.json', 'D:\\ADF_folder\\real-time-stocks-mds\\data\\s3_downloads/AMZN_1772077064.json', 'D:\\ADF_folder\\real-time-stocks-mds\\data\\s3_downloads/AMZN_1772077097.json', 'D:\\ADF_folder\\real-time-stocks-mds\\data\\s3_downloads/AMZN_1772077130.json', 'D:\\ADF_folder\\real-time-stocks-mds\\data\\s3_downloads/AMZN_1772077163.json', 'D:\\ADF_folder\\real-time-stocks-mds\\data\\s3_downloads/AMZN_1772077196.json', 'D:\\ADF_folder\\real-time-stocks-mds\\data\\s3_downloads/AMZN_1772077229.json', 'D:\\ADF_folder\\real-time-stocks-mds\\data\\s3_downloads/AMZN_1772077262.json', 'D:\\ADF_folder\\real-time-stocks-mds\\data\\s3_downloads/AMZN_1772077295.json', 'D:\\ADF_folder\\real-time-stocks-mds\\data\\s3_downloads/AMZN_1772077328.json', 'D:\\ADF_folder\\real-time-stocks-mds\\data\\s3_downloads/AMZN_1772077362.json', 'D:\\ADF_folder\\real-time-stocks-mds\\data\\s3_downloads/AMZN_1772077395.json', 'D:\\ADF_folder\\real-time-stocks-mds\\data\\s3_downloads/AMZN_1772077428.json', 'D:\\ADF_folder\\real-time-stocks-mds\\data\\s3_downloads/AMZN_1772077461.json', 'D:\\ADF_folder\\real-time-stocks-mds\\data\\s3_downloads/AMZN_1772077494.json', 'D:\\ADF_folder\\real-time-stocks-mds\\data\\s3_downloads/AMZN_1772077526.json', 'D:\\ADF_folder\\real-time-stocks-mds\\data\\s3_downloads/AMZN_1772077559.json', 'D:\\ADF_folder\\real-time-stocks-mds\\data\\s3_downloads/AMZN_1772077592.json', 'D:\\ADF_folder\\real-time-stocks-mds\\data\\s3_downloads/AMZN_1772077625.json', 'D:\\ADF_folder\\real-time-stocks-mds\\data\\s3_downloads/AMZN_1772077658.json', 'D:\\ADF_folder\\real-time-stocks-mds\\data\\s3_downloads/AMZN_1772077691.json', 'D:\\ADF_folder\\real-time-stocks-mds\\data\\s3_downloads/AMZN_1772077724.json', 'D:\\ADF_folder\\real-time-stocks-mds\\data\\s3_downloads/AMZN_1772077757.json', 'D:\\ADF_folder\\real-time-stocks-mds\\data\\s3_downloads/AMZN_1772077790.json', 'D:\\ADF_folder\\real-time-stocks-mds\\data\\s3_downloads/AMZN_1772077823.json', 'D:\\ADF_folder\\real-time-stocks-mds\\data\\s3_downloads/AMZN_1772077856.json', 'D:\\ADF_folder\\real-time-stocks-mds\\data\\s3_downloads/AMZN_1772077888.json', 'D:\\ADF_folder\\real-time-stocks-mds\\data\\s3_downloads/AMZN_1772077921.json', 'D:\\ADF_folder\\real-time-stocks-mds\\data\\s3_downloads/AMZN_1772077954.json', 'D:\\ADF_folder\\real-time-stocks-mds\\data\\s3_downloads/AMZN_1772077987.json', 'D:\\ADF_folder\\real-time-stocks-mds\\data\\s3_downloads/AMZN_1772078019.json', 'D:\\ADF_folder\\real-time-stocks-mds\\data\\s3_downloads/AMZN_1772078052.json', 'D:\\ADF_folder\\real-time-stocks-mds\\data\\s3_downloads/AMZN_1772078085.json', 'D:\\ADF_folder\\real-time-stocks-mds\\data\\s3_downloads/AMZN_1772078118.json', 'D:\\ADF_folder\\real-time-stocks-mds\\data\\s3_downloads/AMZN_1772078152.json', 'D:\\ADF_folder\\real-time-stocks-mds\\data\\s3_downloads/AMZN_1772078184.json', 'D:\\ADF_folder\\real-time-stocks-mds\\data\\s3_downloads/AMZN_1772078217.json', 'D:\\ADF_folder\\real-time-stocks-mds\\data\\s3_downloads/AMZN_1772078250.json', 'D:\\ADF_folder\\real-time-stocks-mds\\data\\s3_downloads/AMZN_1772078283.json', 'D:\\ADF_folder\\real-time-stocks-mds\\data\\s3_downloads/AMZN_1772078316.json', 'D:\\ADF_folder\\real-time-stocks-mds\\data\\s3_downloads/AMZN_1772078349.json', 'D:\\ADF_folder\\real-time-stocks-mds\\data\\s3_downloads/AMZN_1772078382.json', 'D:\\ADF_folder\\real-time-stocks-mds\\data\\s3_downloads/AMZN_1772078415.json', 'D:\\ADF_folder\\real-time-stocks-mds\\data\\s3_downloads/AMZN_1772078448.json', 'D:\\ADF_folder\\real-time-stocks-mds\\data\\s3_downloads/AMZN_1772078482.json', 'D:\\ADF_folder\\real-time-stocks-mds\\data\\s3_downloads/AMZN_1772078516.json', 'D:\\ADF_folder\\real-time-stocks-mds\\data\\s3_downloads/AMZN_1772078549.json', 'D:\\ADF_folder\\real-time-stocks-mds\\data\\s3_downloads/AMZN_1772078582.json', 'D:\\ADF_folder\\real-time-stocks-mds\\data\\s3_downloads/AMZN_1772078615.json', 'D:\\ADF_folder\\real-time-stocks-mds\\data\\s3_downloads/AMZN_1772078648.json', 'D:\\ADF_folder\\real-time-stocks-mds\\data\\s3_downloads/AMZN_1772078680.json', 'D:\\ADF_folder\\real-time-stocks-mds\\data\\s3_downloads/AMZN_1772078714.json', 'D:\\ADF_folder\\real-time-stocks-mds\\data\\s3_downloads/AMZN_1772078747.json', 'D:\\ADF_folder\\real-time-stocks-mds\\data\\s3_downloads/AMZN_1772078779.json', 'D:\\ADF_folder\\real-time-stocks-mds\\data\\s3_downloads/AMZN_1772078812.json', 'D:\\ADF_folder\\real-time-stocks-mds\\data\\s3_downloads/AMZN_1772078845.json', 'D:\\ADF_folder\\real-time-stocks-mds\\data\\s3_downloads/AMZN_1772078878.json', 'D:\\ADF_folder\\real-time-stocks-mds\\data\\s3_downloads/AMZN_1772078911.json', 'D:\\ADF_folder\\real-time-stocks-mds\\data\\s3_downloads/AMZN_1772078944.json', 'D:\\ADF_folder\\real-time-stocks-mds\\data\\s3_downloads/AMZN_1772078977.json', 'D:\\ADF_folder\\real-time-stocks-mds\\data\\s3_downloads/AMZN_1772079010.json', 'D:\\ADF_folder\\real-time-stocks-mds\\data\\s3_downloads/AMZN_1772079043.json', 'D:\\ADF_folder\\real-time-stocks-mds\\data\\s3_downloads/AMZN_1772079077.json', 'D:\\ADF_folder\\real-time-stocks-mds\\data\\s3_downloads/AMZN_1772079110.json', 'D:\\ADF_folder\\real-time-stocks-mds\\data\\s3_downloads/AMZN_1772079143.json', 'D:\\ADF_folder\\real-time-stocks-mds\\data\\s3_downloads/AMZN_1772079176.json', 'D:\\ADF_folder\\real-time-stocks-mds\\data\\s3_downloads/AMZN_1772079209.json', 'D:\\ADF_folder\\real-time-stocks-mds\\data\\s3_downloads/AMZN_1772079242.json', 'D:\\ADF_folder\\real-time-stocks-mds\\data\\s3_downloads/AMZN_1772079275.json', 'D:\\ADF_folder\\real-time-stocks-mds\\data\\s3_downloads/MSFT_1771463592.json', 'D:\\ADF_folder\\real-time-stocks-mds\\data\\s3_downloads/MSFT_1771463625.json', 'D:\\ADF_folder\\real-time-stocks-mds\\data\\s3_downloads/MSFT_1771463658.json', 'D:\\ADF_folder\\real-time-stocks-mds\\data\\s3_downloads/MSFT_1771463691.json', 'D:\\ADF_folder\\real-time-stocks-mds\\data\\s3_downloads/MSFT_1771463724.json', 'D:\\ADF_folder\\real-time-stocks-mds\\data\\s3_downloads/MSFT_1771463757.json', 'D:\\ADF_folder\\real-time-stocks-mds\\data\\s3_downloads/MSFT_1771463790.json', 'D:\\ADF_folder\\real-time-stocks-mds\\data\\s3_downloads/MSFT_1771463823.json', 'D:\\ADF_folder\\real-time-stocks-mds\\data\\s3_downloads/MSFT_1771463856.json', 'D:\\ADF_folder\\real-time-stocks-mds\\data\\s3_downloads/MSFT_1771463889.json', 'D:\\ADF_folder\\real-time-stocks-mds\\data\\s3_downloads/MSFT_1771463922.json', 'D:\\ADF_folder\\real-time-stocks-mds\\data\\s3_downloads/MSFT_1771463955.json', 'D:\\ADF_folder\\real-time-stocks-mds\\data\\s3_downloads/MSFT_1771463988.json', 'D:\\ADF_folder\\real-time-stocks-mds\\data\\s3_downloads/MSFT_1771464022.json', 'D:\\ADF_folder\\real-time-stocks-mds\\data\\s3_downloads/MSFT_1771464055.json', 'D:\\ADF_folder\\real-time-stocks-mds\\data\\s3_downloads/MSFT_1771464088.json', 'D:\\ADF_folder\\real-time-stocks-mds\\data\\s3_downloads/MSFT_1771464121.json', 'D:\\ADF_folder\\real-time-stocks-mds\\data\\s3_downloads/MSFT_1771464154.json', 'D:\\ADF_folder\\real-time-stocks-mds\\data\\s3_downloads/MSFT_1771464187.json', 'D:\\ADF_folder\\real-time-stocks-mds\\data\\s3_downloads/MSFT_1771464220.json', 'D:\\ADF_folder\\real-time-stocks-mds\\data\\s3_downloads/MSFT_1771464253.json', 'D:\\ADF_folder\\real-time-stocks-mds\\data\\s3_downloads/MSFT_1771464286.json', 'D:\\ADF_folder\\real-time-stocks-mds\\data\\s3_downloads/MSFT_1771464319.json', 'D:\\ADF_folder\\real-time-stocks-mds\\data\\s3_downloads/MSFT_1771465252.json', 'D:\\ADF_folder\\real-time-stocks-mds\\data\\s3_downloads/MSFT_1771465285.json', 'D:\\ADF_folder\\real-time-stocks-mds\\data\\s3_downloads/MSFT_1771465318.json', 'D:\\ADF_folder\\real-time-stocks-mds\\data\\s3_downloads/MSFT_1771465351.json', 'D:\\ADF_folder\\real-time-stocks-mds\\data\\s3_downloads/MSFT_1771465384.json', 'D:\\ADF_folder\\real-time-stocks-mds\\data\\s3_downloads/MSFT_1771465417.json', 'D:\\ADF_folder\\real-time-stocks-mds\\data\\s3_downloads/MSFT_1771465450.json', 'D:\\ADF_folder\\real-time-stocks-mds\\data\\s3_downloads/MSFT_1771465483.json', 'D:\\ADF_folder\\real-time-stocks-mds\\data\\s3_downloads/MSFT_1771465516.json', 'D:\\ADF_folder\\real-time-stocks-mds\\data\\s3_downloads/MSFT_1771465549.json', 'D:\\ADF_folder\\real-time-stocks-mds\\data\\s3_downloads/MSFT_1771465582.json', 'D:\\ADF_folder\\real-time-stocks-mds\\data\\s3_downloads/MSFT_1772074563.json', 'D:\\ADF_folder\\real-time-stocks-mds\\data\\s3_downloads/MSFT_1772074596.json', 'D:\\ADF_folder\\real-time-stocks-mds\\data\\s3_downloads/MSFT_1772074629.json', 'D:\\ADF_folder\\real-time-stocks-mds\\data\\s3_downloads/MSFT_1772074662.json', 'D:\\ADF_folder\\real-time-stocks-mds\\data\\s3_downloads/MSFT_1772074696.json', 'D:\\ADF_folder\\real-time-stocks-mds\\data\\s3_downloads/MSFT_1772074729.json', 'D:\\ADF_folder\\real-time-stocks-mds\\data\\s3_downloads/MSFT_1772074762.json', 'D:\\ADF_folder\\real-time-stocks-mds\\data\\s3_downloads/MSFT_1772074795.json', 'D:\\ADF_folder\\real-time-stocks-mds\\data\\s3_downloads/MSFT_1772074828.json', 'D:\\ADF_folder\\real-time-stocks-mds\\data\\s3_downloads/MSFT_1772074861.json', 'D:\\ADF_folder\\real-time-stocks-mds\\data\\s3_downloads/MSFT_1772074894.json', 'D:\\ADF_folder\\real-time-stocks-mds\\data\\s3_downloads/MSFT_1772074927.json', 'D:\\ADF_folder\\real-time-stocks-mds\\data\\s3_downloads/MSFT_1772074960.json', 'D:\\ADF_folder\\real-time-stocks-mds\\data\\s3_downloads/MSFT_1772074993.json', 'D:\\ADF_folder\\real-time-stocks-mds\\data\\s3_downloads/MSFT_1772075026.json', 'D:\\ADF_folder\\real-time-stocks-mds\\data\\s3_downloads/MSFT_1772075059.json', 'D:\\ADF_folder\\real-time-stocks-mds\\data\\s3_downloads/MSFT_1772075092.json', 'D:\\ADF_folder\\real-time-stocks-mds\\data\\s3_downloads/MSFT_1772075125.json', 'D:\\ADF_folder\\real-time-stocks-mds\\data\\s3_downloads/MSFT_1772075158.json', 'D:\\ADF_folder\\real-time-stocks-mds\\data\\s3_downloads/MSFT_1772075191.json', 'D:\\ADF_folder\\real-time-stocks-mds\\data\\s3_downloads/MSFT_1772075224.json', 'D:\\ADF_folder\\real-time-stocks-mds\\data\\s3_downloads/MSFT_1772075257.json', 'D:\\ADF_folder\\real-time-stocks-mds\\data\\s3_downloads/MSFT_1772075290.json', 'D:\\ADF_folder\\real-time-stocks-mds\\data\\s3_downloads/MSFT_1772075323.json', 'D:\\ADF_folder\\real-time-stocks-mds\\data\\s3_downloads/MSFT_1772075356.json', 'D:\\ADF_folder\\real-time-stocks-mds\\data\\s3_downloads/MSFT_1772075389.json', 'D:\\ADF_folder\\real-time-stocks-mds\\data\\s3_downloads/MSFT_1772075422.json', 'D:\\ADF_folder\\real-time-stocks-mds\\data\\s3_downloads/MSFT_1772075455.json', 'D:\\ADF_folder\\real-time-stocks-mds\\data\\s3_downloads/MSFT_1772075487.json', 'D:\\ADF_folder\\real-time-stocks-mds\\data\\s3_downloads/MSFT_1772075520.json', 'D:\\ADF_folder\\real-time-stocks-mds\\data\\s3_downloads/MSFT_1772075553.json', 'D:\\ADF_folder\\real-time-stocks-mds\\data\\s3_downloads/MSFT_1772075586.json', 'D:\\ADF_folder\\real-time-stocks-mds\\data\\s3_downloads/MSFT_1772075620.json', 'D:\\ADF_folder\\real-time-stocks-mds\\data\\s3_downloads/MSFT_1772075653.json', 'D:\\ADF_folder\\real-time-stocks-mds\\data\\s3_downloads/MSFT_1772075686.json', 'D:\\ADF_folder\\real-time-stocks-mds\\data\\s3_downloads/MSFT_1772075719.json', 'D:\\ADF_folder\\real-time-stocks-mds\\data\\s3_downloads/MSFT_1772075752.json', 'D:\\ADF_folder\\real-time-stocks-mds\\data\\s3_downloads/MSFT_1772075785.json', 'D:\\ADF_folder\\real-time-stocks-mds\\data\\s3_downloads/MSFT_1772075818.json', 'D:\\ADF_folder\\real-time-stocks-mds\\data\\s3_downloads/MSFT_1772075851.json', 'D:\\ADF_folder\\real-time-stocks-mds\\data\\s3_downloads/MSFT_1772075883.json', 'D:\\ADF_folder\\real-time-stocks-mds\\data\\s3_downloads/MSFT_1772075916.json', 'D:\\ADF_folder\\real-time-stocks-mds\\data\\s3_downloads/MSFT_1772075949.json', 'D:\\ADF_folder\\real-time-stocks-mds\\data\\s3_downloads/MSFT_1772075982.json', 'D:\\ADF_folder\\real-time-stocks-mds\\data\\s3_downloads/MSFT_1772076015.json', 'D:\\ADF_folder\\real-time-stocks-mds\\data\\s3_downloads/MSFT_1772076048.json', 'D:\\ADF_folder\\real-time-stocks-mds\\data\\s3_downloads/MSFT_1772076081.json', 'D:\\ADF_folder\\real-time-stocks-mds\\data\\s3_downloads/MSFT_1772076114.json', 'D:\\ADF_folder\\real-time-stocks-mds\\data\\s3_downloads/MSFT_1772076147.json', 'D:\\ADF_folder\\real-time-stocks-mds\\data\\s3_downloads/MSFT_1772076180.json', 'D:\\ADF_folder\\real-time-stocks-mds\\data\\s3_downloads/MSFT_1772076213.json', 'D:\\ADF_folder\\real-time-stocks-mds\\data\\s3_downloads/MSFT_1772076246.json', 'D:\\ADF_folder\\real-time-stocks-mds\\data\\s3_downloads/MSFT_1772076279.json', 'D:\\ADF_folder\\real-time-stocks-mds\\data\\s3_downloads/MSFT_1772076312.json', 'D:\\ADF_folder\\real-time-stocks-mds\\data\\s3_downloads/MSFT_1772076344.json', 'D:\\ADF_folder\\real-time-stocks-mds\\data\\s3_downloads/MSFT_1772076377.json', 'D:\\ADF_folder\\real-time-stocks-mds\\data\\s3_downloads/MSFT_1772076410.json', 'D:\\ADF_folder\\real-time-stocks-mds\\data\\s3_downloads/MSFT_1772076444.json', 'D:\\ADF_folder\\real-time-stocks-mds\\data\\s3_downloads/MSFT_1772076477.json', 'D:\\ADF_folder\\real-time-stocks-mds\\data\\s3_downloads/MSFT_1772076510.json', 'D:\\ADF_folder\\real-time-stocks-mds\\data\\s3_downloads/MSFT_1772076543.json', 'D:\\ADF_folder\\real-time-stocks-mds\\data\\s3_downloads/MSFT_1772076576.json', 'D:\\ADF_folder\\real-time-stocks-mds\\data\\s3_downloads/MSFT_1772076609.json', 'D:\\ADF_folder\\real-time-stocks-mds\\data\\s3_downloads/MSFT_1772076642.json', 'D:\\ADF_folder\\real-time-stocks-mds\\data\\s3_downloads/MSFT_1772076674.json', 'D:\\ADF_folder\\real-time-stocks-mds\\data\\s3_downloads/MSFT_1772076707.json', 'D:\\ADF_folder\\real-time-stocks-mds\\data\\s3_downloads/MSFT_1772076740.json', 'D:\\ADF_folder\\real-time-stocks-mds\\data\\s3_downloads/MSFT_1772076773.json', 'D:\\ADF_folder\\real-time-stocks-mds\\data\\s3_downloads/MSFT_1772076807.json', 'D:\\ADF_folder\\real-time-stocks-mds\\data\\s3_downloads/MSFT_1772076840.json', 'D:\\ADF_folder\\real-time-stocks-mds\\data\\s3_downloads/MSFT_1772076873.json', 'D:\\ADF_folder\\real-time-stocks-mds\\data\\s3_downloads/MSFT_1772076905.json', 'D:\\ADF_folder\\real-time-stocks-mds\\data\\s3_downloads/MSFT_1772076939.json', 'D:\\ADF_folder\\real-time-stocks-mds\\data\\s3_downloads/MSFT_1772076972.json', 'D:\\ADF_folder\\real-time-stocks-mds\\data\\s3_downloads/MSFT_1772077005.json', 'D:\\ADF_folder\\real-time-stocks-mds\\data\\s3_downloads/MSFT_1772077038.json', 'D:\\ADF_folder\\real-time-stocks-mds\\data\\s3_downloads/MSFT_1772077071.json', 'D:\\ADF_folder\\real-time-stocks-mds\\data\\s3_downloads/MSFT_1772077104.json', 'D:\\ADF_folder\\real-time-stocks-mds\\data\\s3_downloads/MSFT_1772077137.json', 'D:\\ADF_folder\\real-time-stocks-mds\\data\\s3_downloads/MSFT_1772077170.json', 'D:\\ADF_folder\\real-time-stocks-mds\\data\\s3_downloads/MSFT_1772077203.json', 'D:\\ADF_folder\\real-time-stocks-mds\\data\\s3_downloads/MSFT_1772077236.json', 'D:\\ADF_folder\\real-time-stocks-mds\\data\\s3_downloads/MSFT_1772077269.json', 'D:\\ADF_folder\\real-time-stocks-mds\\data\\s3_downloads/MSFT_1772077302.json', 'D:\\ADF_folder\\real-time-stocks-mds\\data\\s3_downloads/MSFT_1772077335.json', 'D:\\ADF_folder\\real-time-stocks-mds\\data\\s3_downloads/MSFT_1772077369.json', 'D:\\ADF_folder\\real-time-stocks-mds\\data\\s3_downloads/MSFT_1772077402.json', 'D:\\ADF_folder\\real-time-stocks-mds\\data\\s3_downloads/MSFT_1772077434.json', 'D:\\ADF_folder\\real-time-stocks-mds\\data\\s3_downloads/MSFT_1772077467.json', 'D:\\ADF_folder\\real-time-stocks-mds\\data\\s3_downloads/MSFT_1772077500.json', 'D:\\ADF_folder\\real-time-stocks-mds\\data\\s3_downloads/MSFT_1772077533.json', 'D:\\ADF_folder\\real-time-stocks-mds\\data\\s3_downloads/MSFT_1772077566.json', 'D:\\ADF_folder\\real-time-stocks-mds\\data\\s3_downloads/MSFT_1772077599.json', 'D:\\ADF_folder\\real-time-stocks-mds\\data\\s3_downloads/MSFT_1772077632.json', 'D:\\ADF_folder\\real-time-stocks-mds\\data\\s3_downloads/MSFT_1772077665.json', 'D:\\ADF_folder\\real-time-stocks-mds\\data\\s3_downloads/MSFT_1772077698.json', 'D:\\ADF_folder\\real-time-stocks-mds\\data\\s3_downloads/MSFT_1772077731.json', 'D:\\ADF_folder\\real-time-stocks-mds\\data\\s3_downloads/MSFT_1772077764.json', 'D:\\ADF_folder\\real-time-stocks-mds\\data\\s3_downloads/MSFT_1772077796.json', 'D:\\ADF_folder\\real-time-stocks-mds\\data\\s3_downloads/MSFT_1772077829.json', 'D:\\ADF_folder\\real-time-stocks-mds\\data\\s3_downloads/MSFT_1772077862.json', 'D:\\ADF_folder\\real-time-stocks-mds\\data\\s3_downloads/MSFT_1772077895.json', 'D:\\ADF_folder\\real-time-stocks-mds\\data\\s3_downloads/MSFT_1772077928.json', 'D:\\ADF_folder\\real-time-stocks-mds\\data\\s3_downloads/MSFT_1772077960.json', 'D:\\ADF_folder\\real-time-stocks-mds\\data\\s3_downloads/MSFT_1772077993.json', 'D:\\ADF_folder\\real-time-stocks-mds\\data\\s3_downloads/MSFT_1772078026.json', 'D:\\ADF_folder\\real-time-stocks-mds\\data\\s3_downloads/MSFT_1772078059.json', 'D:\\ADF_folder\\real-time-stocks-mds\\data\\s3_downloads/MSFT_1772078092.json', 'D:\\ADF_folder\\real-time-stocks-mds\\data\\s3_downloads/MSFT_1772078125.json', 'D:\\ADF_folder\\real-time-stocks-mds\\data\\s3_downloads/MSFT_1772078158.json', 'D:\\ADF_folder\\real-time-stocks-mds\\data\\s3_downloads/MSFT_1772078191.json', 'D:\\ADF_folder\\real-time-stocks-mds\\data\\s3_downloads/MSFT_1772078224.json', 'D:\\ADF_folder\\real-time-stocks-mds\\data\\s3_downloads/MSFT_1772078257.json', 'D:\\ADF_folder\\real-time-stocks-mds\\data\\s3_downloads/MSFT_1772078290.json', 'D:\\ADF_folder\\real-time-stocks-mds\\data\\s3_downloads/MSFT_1772078323.json', 'D:\\ADF_folder\\real-time-stocks-mds\\data\\s3_downloads/MSFT_1772078356.json', 'D:\\ADF_folder\\real-time-stocks-mds\\data\\s3_downloads/MSFT_1772078388.json', 'D:\\ADF_folder\\real-time-stocks-mds\\data\\s3_downloads/MSFT_1772078422.json', 'D:\\ADF_folder\\real-time-stocks-mds\\data\\s3_downloads/MSFT_1772078455.json', 'D:\\ADF_folder\\real-time-stocks-mds\\data\\s3_downloads/MSFT_1772078489.json', 'D:\\ADF_folder\\real-time-stocks-mds\\data\\s3_downloads/MSFT_1772078522.json', 'D:\\ADF_folder\\real-time-stocks-mds\\data\\s3_downloads/MSFT_1772078555.json', 'D:\\ADF_folder\\real-time-stocks-mds\\data\\s3_downloads/MSFT_1772078588.json', 'D:\\ADF_folder\\real-time-stocks-mds\\data\\s3_downloads/MSFT_1772078621.json', 'D:\\ADF_folder\\real-time-stocks-mds\\data\\s3_downloads/MSFT_1772078654.json', 'D:\\ADF_folder\\real-time-stocks-mds\\data\\s3_downloads/MSFT_1772078687.json', 'D:\\ADF_folder\\real-time-stocks-mds\\data\\s3_downloads/MSFT_1772078720.json', 'D:\\ADF_folder\\real-time-stocks-mds\\data\\s3_downloads/MSFT_1772078753.json', 'D:\\ADF_folder\\real-time-stocks-mds\\data\\s3_downloads/MSFT_1772078786.json', 'D:\\ADF_folder\\real-time-stocks-mds\\data\\s3_downloads/MSFT_1772078819.json', 'D:\\ADF_folder\\real-time-stocks-mds\\data\\s3_downloads/MSFT_1772078852.json', 'D:\\ADF_folder\\real-time-stocks-mds\\data\\s3_downloads/MSFT_1772078885.json', 'D:\\ADF_folder\\real-time-stocks-mds\\data\\s3_downloads/MSFT_1772078918.json', 'D:\\ADF_folder\\real-time-stocks-mds\\data\\s3_downloads/MSFT_1772078951.json', 'D:\\ADF_folder\\real-time-stocks-mds\\data\\s3_downloads/MSFT_1772078984.json', 'D:\\ADF_folder\\real-time-stocks-mds\\data\\s3_downloads/MSFT_1772079017.json', 'D:\\ADF_folder\\real-time-stocks-mds\\data\\s3_downloads/MSFT_1772079050.json', 'D:\\ADF_folder\\real-time-stocks-mds\\data\\s3_downloads/MSFT_1772079084.json', 'D:\\ADF_folder\\real-time-stocks-mds\\data\\s3_downloads/MSFT_1772079117.json', 'D:\\ADF_folder\\real-time-stocks-mds\\data\\s3_downloads/MSFT_1772079150.json', 'D:\\ADF_folder\\real-time-stocks-mds\\data\\s3_downloads/MSFT_1772079183.json', 'D:\\ADF_folder\\real-time-stocks-mds\\data\\s3_downloads/MSFT_1772079216.json', 'D:\\ADF_folder\\real-time-stocks-mds\\data\\s3_downloads/MSFT_1772079249.json', 'D:\\ADF_folder\\real-time-stocks-mds\\data\\s3_downloads/MSFT_1772079282.json', 'D:\\ADF_folder\\real-time-stocks-mds\\data\\s3_downloads/TSLA_1771463599.json', 'D:\\ADF_folder\\real-time-stocks-mds\\data\\s3_downloads/TSLA_1771463632.json', 'D:\\ADF_folder\\real-time-stocks-mds\\data\\s3_downloads/TSLA_1771463665.json', 'D:\\ADF_folder\\real-time-stocks-mds\\data\\s3_downloads/TSLA_1771463698.json', 'D:\\ADF_folder\\real-time-stocks-mds\\data\\s3_downloads/TSLA_1771463731.json', 'D:\\ADF_folder\\real-time-stocks-mds\\data\\s3_downloads/TSLA_1771463764.json', 'D:\\ADF_folder\\real-time-stocks-mds\\data\\s3_downloads/TSLA_1771463797.json', 'D:\\ADF_folder\\real-time-stocks-mds\\data\\s3_downloads/TSLA_1771463830.json', 'D:\\ADF_folder\\real-time-stocks-mds\\data\\s3_downloads/TSLA_1771463862.json', 'D:\\ADF_folder\\real-time-stocks-mds\\data\\s3_downloads/TSLA_1771463895.json', 'D:\\ADF_folder\\real-time-stocks-mds\\data\\s3_downloads/TSLA_1771463929.json', 'D:\\ADF_folder\\real-time-stocks-mds\\data\\s3_downloads/TSLA_1771463962.json', 'D:\\ADF_folder\\real-time-stocks-mds\\data\\s3_downloads/TSLA_1771463995.json', 'D:\\ADF_folder\\real-time-stocks-mds\\data\\s3_downloads/TSLA_1771464029.json', 'D:\\ADF_folder\\real-time-stocks-mds\\data\\s3_downloads/TSLA_1771464062.json', 'D:\\ADF_folder\\real-time-stocks-mds\\data\\s3_downloads/TSLA_1771464095.json', 'D:\\ADF_folder\\real-time-stocks-mds\\data\\s3_downloads/TSLA_1771464128.json', 'D:\\ADF_folder\\real-time-stocks-mds\\data\\s3_downloads/TSLA_1771464161.json', 'D:\\ADF_folder\\real-time-stocks-mds\\data\\s3_downloads/TSLA_1771464194.json', 'D:\\ADF_folder\\real-time-stocks-mds\\data\\s3_downloads/TSLA_1771464227.json', 'D:\\ADF_folder\\real-time-stocks-mds\\data\\s3_downloads/TSLA_1771464260.json', 'D:\\ADF_folder\\real-time-stocks-mds\\data\\s3_downloads/TSLA_1771464293.json', 'D:\\ADF_folder\\real-time-stocks-mds\\data\\s3_downloads/TSLA_1771464326.json', 'D:\\ADF_folder\\real-time-stocks-mds\\data\\s3_downloads/TSLA_1771465259.json', 'D:\\ADF_folder\\real-time-stocks-mds\\data\\s3_downloads/TSLA_1771465292.json', 'D:\\ADF_folder\\real-time-stocks-mds\\data\\s3_downloads/TSLA_1771465325.json', 'D:\\ADF_folder\\real-time-stocks-mds\\data\\s3_downloads/TSLA_1771465358.json', 'D:\\ADF_folder\\real-time-stocks-mds\\data\\s3_downloads/TSLA_1771465391.json', 'D:\\ADF_folder\\real-time-stocks-mds\\data\\s3_downloads/TSLA_1771465424.json', 'D:\\ADF_folder\\real-time-stocks-mds\\data\\s3_downloads/TSLA_1771465457.json', 'D:\\ADF_folder\\real-time-stocks-mds\\data\\s3_downloads/TSLA_1771465490.json', 'D:\\ADF_folder\\real-time-stocks-mds\\data\\s3_downloads/TSLA_1771465523.json', 'D:\\ADF_folder\\real-time-stocks-mds\\data\\s3_downloads/TSLA_1771465556.json', 'D:\\ADF_folder\\real-time-stocks-mds\\data\\s3_downloads/TSLA_1772074570.json', 'D:\\ADF_folder\\real-time-stocks-mds\\data\\s3_downloads/TSLA_1772074603.json', 'D:\\ADF_folder\\real-time-stocks-mds\\data\\s3_downloads/TSLA_1772074635.json', 'D:\\ADF_folder\\real-time-stocks-mds\\data\\s3_downloads/TSLA_1772074669.json', 'D:\\ADF_folder\\real-time-stocks-mds\\data\\s3_downloads/TSLA_1772074702.json', 'D:\\ADF_folder\\real-time-stocks-mds\\data\\s3_downloads/TSLA_1772074735.json', 'D:\\ADF_folder\\real-time-stocks-mds\\data\\s3_downloads/TSLA_1772074768.json', 'D:\\ADF_folder\\real-time-stocks-mds\\data\\s3_downloads/TSLA_1772074801.json', 'D:\\ADF_folder\\real-time-stocks-mds\\data\\s3_downloads/TSLA_1772074835.json', 'D:\\ADF_folder\\real-time-stocks-mds\\data\\s3_downloads/TSLA_1772074868.json', 'D:\\ADF_folder\\real-time-stocks-mds\\data\\s3_downloads/TSLA_1772074901.json', 'D:\\ADF_folder\\real-time-stocks-mds\\data\\s3_downloads/TSLA_1772074934.json', 'D:\\ADF_folder\\real-time-stocks-mds\\data\\s3_downloads/TSLA_1772074967.json', 'D:\\ADF_folder\\real-time-stocks-mds\\data\\s3_downloads/TSLA_1772075000.json', 'D:\\ADF_folder\\real-time-stocks-mds\\data\\s3_downloads/TSLA_1772075033.json', 'D:\\ADF_folder\\real-time-stocks-mds\\data\\s3_downloads/TSLA_1772075066.json', 'D:\\ADF_folder\\real-time-stocks-mds\\data\\s3_downloads/TSLA_1772075099.json', 'D:\\ADF_folder\\real-time-stocks-mds\\data\\s3_downloads/TSLA_1772075132.json', 'D:\\ADF_folder\\real-time-stocks-mds\\data\\s3_downloads/TSLA_1772075165.json', 'D:\\ADF_folder\\real-time-stocks-mds\\data\\s3_downloads/TSLA_1772075198.json', 'D:\\ADF_folder\\real-time-stocks-mds\\data\\s3_downloads/TSLA_1772075231.json', 'D:\\ADF_folder\\real-time-stocks-mds\\data\\s3_downloads/TSLA_1772075297.json', 'D:\\ADF_folder\\real-time-stocks-mds\\data\\s3_downloads/TSLA_1772075330.json', 'D:\\ADF_folder\\real-time-stocks-mds\\data\\s3_downloads/TSLA_1772075362.json', 'D:\\ADF_folder\\real-time-stocks-mds\\data\\s3_downloads/TSLA_1772075395.json', 'D:\\ADF_folder\\real-time-stocks-mds\\data\\s3_downloads/TSLA_1772075428.json', 'D:\\ADF_folder\\real-time-stocks-mds\\data\\s3_downloads/TSLA_1772075461.json', 'D:\\ADF_folder\\real-time-stocks-mds\\data\\s3_downloads/TSLA_1772075494.json', 'D:\\ADF_folder\\real-time-stocks-mds\\data\\s3_downloads/TSLA_1772075527.json', 'D:\\ADF_folder\\real-time-stocks-mds\\data\\s3_downloads/TSLA_1772075560.json', 'D:\\ADF_folder\\real-time-stocks-mds\\data\\s3_downloads/TSLA_1772075594.json', 'D:\\ADF_folder\\real-time-stocks-mds\\data\\s3_downloads/TSLA_1772075627.json', 'D:\\ADF_folder\\real-time-stocks-mds\\data\\s3_downloads/TSLA_1772075660.json', 'D:\\ADF_folder\\real-time-stocks-mds\\data\\s3_downloads/TSLA_1772075693.json', 'D:\\ADF_folder\\real-time-stocks-mds\\data\\s3_downloads/TSLA_1772075726.json', 'D:\\ADF_folder\\real-time-stocks-mds\\data\\s3_downloads/TSLA_1772075759.json', 'D:\\ADF_folder\\real-time-stocks-mds\\data\\s3_downloads/TSLA_1772075792.json', 'D:\\ADF_folder\\real-time-stocks-mds\\data\\s3_downloads/TSLA_1772075824.json', 'D:\\ADF_folder\\real-time-stocks-mds\\data\\s3_downloads/TSLA_1772075857.json', 'D:\\ADF_folder\\real-time-stocks-mds\\data\\s3_downloads/TSLA_1772075890.json', 'D:\\ADF_folder\\real-time-stocks-mds\\data\\s3_downloads/TSLA_1772075923.json', 'D:\\ADF_folder\\real-time-stocks-mds\\data\\s3_downloads/TSLA_1772075956.json', 'D:\\ADF_folder\\real-time-stocks-mds\\data\\s3_downloads/TSLA_1772075989.json', 'D:\\ADF_folder\\real-time-stocks-mds\\data\\s3_downloads/TSLA_1772076021.json', 'D:\\ADF_folder\\real-time-stocks-mds\\data\\s3_downloads/TSLA_1772076055.json', 'D:\\ADF_folder\\real-time-stocks-mds\\data\\s3_downloads/TSLA_1772076088.json', 'D:\\ADF_folder\\real-time-stocks-mds\\data\\s3_downloads/TSLA_1772076121.json', 'D:\\ADF_folder\\real-time-stocks-mds\\data\\s3_downloads/TSLA_1772076154.json', 'D:\\ADF_folder\\real-time-stocks-mds\\data\\s3_downloads/TSLA_1772076187.json', 'D:\\ADF_folder\\real-time-stocks-mds\\data\\s3_downloads/TSLA_1772076220.json', 'D:\\ADF_folder\\real-time-stocks-mds\\data\\s3_downloads/TSLA_1772076253.json', 'D:\\ADF_folder\\real-time-stocks-mds\\data\\s3_downloads/TSLA_1772076285.json', 'D:\\ADF_folder\\real-time-stocks-mds\\data\\s3_downloads/TSLA_1772076318.json', 'D:\\ADF_folder\\real-time-stocks-mds\\data\\s3_downloads/TSLA_1772076351.json', 'D:\\ADF_folder\\real-time-stocks-mds\\data\\s3_downloads/TSLA_1772076384.json', 'D:\\ADF_folder\\real-time-stocks-mds\\data\\s3_downloads/TSLA_1772076417.json', 'D:\\ADF_folder\\real-time-stocks-mds\\data\\s3_downloads/TSLA_1772076451.json', 'D:\\ADF_folder\\real-time-stocks-mds\\data\\s3_downloads/TSLA_1772076484.json', 'D:\\ADF_folder\\real-time-stocks-mds\\data\\s3_downloads/TSLA_1772076516.json', 'D:\\ADF_folder\\real-time-stocks-mds\\data\\s3_downloads/TSLA_1772076549.json', 'D:\\ADF_folder\\real-time-stocks-mds\\data\\s3_downloads/TSLA_1772076582.json', 'D:\\ADF_folder\\real-time-stocks-mds\\data\\s3_downloads/TSLA_1772076615.json', 'D:\\ADF_folder\\real-time-stocks-mds\\data\\s3_downloads/TSLA_1772076648.json', 'D:\\ADF_folder\\real-time-stocks-mds\\data\\s3_downloads/TSLA_1772076681.json', 'D:\\ADF_folder\\real-time-stocks-mds\\data\\s3_downloads/TSLA_1772076714.json', 'D:\\ADF_folder\\real-time-stocks-mds\\data\\s3_downloads/TSLA_1772076747.json', 'D:\\ADF_folder\\real-time-stocks-mds\\data\\s3_downloads/TSLA_1772076780.json', 'D:\\ADF_folder\\real-time-stocks-mds\\data\\s3_downloads/TSLA_1772076813.json', 'D:\\ADF_folder\\real-time-stocks-mds\\data\\s3_downloads/TSLA_1772076846.json', 'D:\\ADF_folder\\real-time-stocks-mds\\data\\s3_downloads/TSLA_1772076879.json', 'D:\\ADF_folder\\real-time-stocks-mds\\data\\s3_downloads/TSLA_1772076912.json', 'D:\\ADF_folder\\real-time-stocks-mds\\data\\s3_downloads/TSLA_1772076945.json', 'D:\\ADF_folder\\real-time-stocks-mds\\data\\s3_downloads/TSLA_1772076978.json', 'D:\\ADF_folder\\real-time-stocks-mds\\data\\s3_downloads/TSLA_1772077011.json', 'D:\\ADF_folder\\real-time-stocks-mds\\data\\s3_downloads/TSLA_1772077044.json', 'D:\\ADF_folder\\real-time-stocks-mds\\data\\s3_downloads/TSLA_1772077077.json', 'D:\\ADF_folder\\real-time-stocks-mds\\data\\s3_downloads/TSLA_1772077110.json', 'D:\\ADF_folder\\real-time-stocks-mds\\data\\s3_downloads/TSLA_1772077143.json', 'D:\\ADF_folder\\real-time-stocks-mds\\data\\s3_downloads/TSLA_1772077176.json', 'D:\\ADF_folder\\real-time-stocks-mds\\data\\s3_downloads/TSLA_1772077210.json', 'D:\\ADF_folder\\real-time-stocks-mds\\data\\s3_downloads/TSLA_1772077242.json', 'D:\\ADF_folder\\real-time-stocks-mds\\data\\s3_downloads/TSLA_1772077275.json', 'D:\\ADF_folder\\real-time-stocks-mds\\data\\s3_downloads/TSLA_1772077309.json', 'D:\\ADF_folder\\real-time-stocks-mds\\data\\s3_downloads/TSLA_1772077341.json', 'D:\\ADF_folder\\real-time-stocks-mds\\data\\s3_downloads/TSLA_1772077375.json', 'D:\\ADF_folder\\real-time-stocks-mds\\data\\s3_downloads/TSLA_1772077408.json', 'D:\\ADF_folder\\real-time-stocks-mds\\data\\s3_downloads/TSLA_1772077441.json', 'D:\\ADF_folder\\real-time-stocks-mds\\data\\s3_downloads/TSLA_1772077474.json', 'D:\\ADF_folder\\real-time-stocks-mds\\data\\s3_downloads/TSLA_1772077507.json', 'D:\\ADF_folder\\real-time-stocks-mds\\data\\s3_downloads/TSLA_1772077539.json', 'D:\\ADF_folder\\real-time-stocks-mds\\data\\s3_downloads/TSLA_1772077572.json', 'D:\\ADF_folder\\real-time-stocks-mds\\data\\s3_downloads/TSLA_1772077605.json', 'D:\\ADF_folder\\real-time-stocks-mds\\data\\s3_downloads/TSLA_1772077638.json', 'D:\\ADF_folder\\real-time-stocks-mds\\data\\s3_downloads/TSLA_1772077671.json', 'D:\\ADF_folder\\real-time-stocks-mds\\data\\s3_downloads/TSLA_1772077704.json', 'D:\\ADF_folder\\real-time-stocks-mds\\data\\s3_downloads/TSLA_1772077737.json', 'D:\\ADF_folder\\real-time-stocks-mds\\data\\s3_downloads/TSLA_1772077770.json', 'D:\\ADF_folder\\real-time-stocks-mds\\data\\s3_downloads/TSLA_1772077803.json', 'D:\\ADF_folder\\real-time-stocks-mds\\data\\s3_downloads/TSLA_1772077836.json', 'D:\\ADF_folder\\real-time-stocks-mds\\data\\s3_downloads/TSLA_1772077869.json', 'D:\\ADF_folder\\real-time-stocks-mds\\data\\s3_downloads/TSLA_1772077901.json', 'D:\\ADF_folder\\real-time-stocks-mds\\data\\s3_downloads/TSLA_1772077934.json', 'D:\\ADF_folder\\real-time-stocks-mds\\data\\s3_downloads/TSLA_1772077967.json', 'D:\\ADF_folder\\real-time-stocks-mds\\data\\s3_downloads/TSLA_1772078000.json', 'D:\\ADF_folder\\real-time-stocks-mds\\data\\s3_downloads/TSLA_1772078033.json', 'D:\\ADF_folder\\real-time-stocks-mds\\data\\s3_downloads/TSLA_1772078065.json', 'D:\\ADF_folder\\real-time-stocks-mds\\data\\s3_downloads/TSLA_1772078098.json', 'D:\\ADF_folder\\real-time-stocks-mds\\data\\s3_downloads/TSLA_1772078132.json', 'D:\\ADF_folder\\real-time-stocks-mds\\data\\s3_downloads/TSLA_1772078165.json', 'D:\\ADF_folder\\real-time-stocks-mds\\data\\s3_downloads/TSLA_1772078198.json', 'D:\\ADF_folder\\real-time-stocks-mds\\data\\s3_downloads/TSLA_1772078230.json', 'D:\\ADF_folder\\real-time-stocks-mds\\data\\s3_downloads/TSLA_1772078264.json', 'D:\\ADF_folder\\real-time-stocks-mds\\data\\s3_downloads/TSLA_1772078297.json', 'D:\\ADF_folder\\real-time-stocks-mds\\data\\s3_downloads/TSLA_1772078329.json', 'D:\\ADF_folder\\real-time-stocks-mds\\data\\s3_downloads/TSLA_1772078362.json', 'D:\\ADF_folder\\real-time-stocks-mds\\data\\s3_downloads/TSLA_1772078395.json', 'D:\\ADF_folder\\real-time-stocks-mds\\data\\s3_downloads/TSLA_1772078429.json', 'D:\\ADF_folder\\real-time-stocks-mds\\data\\s3_downloads/TSLA_1772078462.json', 'D:\\ADF_folder\\real-time-stocks-mds\\data\\s3_downloads/TSLA_1772078496.json', 'D:\\ADF_folder\\real-time-stocks-mds\\data\\s3_downloads/TSLA_1772078529.json', 'D:\\ADF_folder\\real-time-stocks-mds\\data\\s3_downloads/TSLA_1772078562.json', 'D:\\ADF_folder\\real-time-stocks-mds\\data\\s3_downloads/TSLA_1772078595.json', 'D:\\ADF_folder\\real-time-stocks-mds\\data\\s3_downloads/TSLA_1772078628.json', 'D:\\ADF_folder\\real-time-stocks-mds\\data\\s3_downloads/TSLA_1772078661.json', 'D:\\ADF_folder\\real-time-stocks-mds\\data\\s3_downloads/TSLA_1772078694.json', 'D:\\ADF_folder\\real-time-stocks-mds\\data\\s3_downloads/TSLA_1772078727.json', 'D:\\ADF_folder\\real-time-stocks-mds\\data\\s3_downloads/TSLA_1772078760.json', 'D:\\ADF_folder\\real-time-stocks-mds\\data\\s3_downloads/TSLA_1772078793.json', 'D:\\ADF_folder\\real-time-stocks-mds\\data\\s3_downloads/TSLA_1772078826.json', 'D:\\ADF_folder\\real-time-stocks-mds\\data\\s3_downloads/TSLA_1772078859.json', 'D:\\ADF_folder\\real-time-stocks-mds\\data\\s3_downloads/TSLA_1772078891.json', 'D:\\ADF_folder\\real-time-stocks-mds\\data\\s3_downloads/TSLA_1772078924.json', 'D:\\ADF_folder\\real-time-stocks-mds\\data\\s3_downloads/TSLA_1772078957.json', 'D:\\ADF_folder\\real-time-stocks-mds\\data\\s3_downloads/TSLA_1772078990.json', 'D:\\ADF_folder\\real-time-stocks-mds\\data\\s3_downloads/TSLA_1772079024.json', 'D:\\ADF_folder\\real-time-stocks-mds\\data\\s3_downloads/TSLA_1772079057.json', 'D:\\ADF_folder\\real-time-stocks-mds\\data\\s3_downloads/TSLA_1772079090.json', 'D:\\ADF_folder\\real-time-stocks-mds\\data\\s3_downloads/TSLA_1772079123.json', 'D:\\ADF_folder\\real-time-stocks-mds\\data\\s3_downloads/TSLA_1772079156.json', 'D:\\ADF_folder\\real-time-stocks-mds\\data\\s3_downloads/TSLA_1772079189.json', 'D:\\ADF_folder\\real-time-stocks-mds\\data\\s3_downloads/TSLA_1772079223.json', 'D:\\ADF_folder\\real-time-stocks-mds\\data\\s3_downloads/TSLA_1772079255.json', 'D:\\ADF_folder\\real-time-stocks-mds\\data\\s3_downloads/TSLA_1772079288.json']
[2026-03-01T06:20:35.845+0000] {taskinstance.py:1138} INFO - Marking task as SUCCESS. dag_id=s3_to_snowflake, task_id=download_s3, execution_date=20260301T060200, start_date=20260301T061128, end_date=20260301T062035
[2026-03-01T06:20:35.909+0000] {local_task_job_runner.py:234} INFO - Task exited with return code 0
[2026-03-01T06:20:35.946+0000] {taskinstance.py:3280} INFO - 1 downstream tasks scheduled from follow-on schedule check
