[2026-03-01T06:00:02.771+0000] {taskinstance.py:1956} INFO - Dependencies all met for dep_context=non-requeueable deps ti=<TaskInstance: s3_to_snowflake.download_s3 scheduled__2026-03-01T05:59:00+00:00 [queued]>
[2026-03-01T06:00:02.787+0000] {taskinstance.py:1956} INFO - Dependencies all met for dep_context=requeueable deps ti=<TaskInstance: s3_to_snowflake.download_s3 scheduled__2026-03-01T05:59:00+00:00 [queued]>
[2026-03-01T06:00:02.788+0000] {taskinstance.py:2170} INFO - Starting attempt 1 of 2
[2026-03-01T06:00:02.808+0000] {taskinstance.py:2191} INFO - Executing <Task(PythonOperator): download_s3> on 2026-03-01 05:59:00+00:00
[2026-03-01T06:00:02.817+0000] {standard_task_runner.py:60} INFO - Started process 48323 to run task
[2026-03-01T06:00:02.823+0000] {standard_task_runner.py:87} INFO - Running: ['***', 'tasks', 'run', 's3_to_snowflake', 'download_s3', 'scheduled__2026-03-01T05:59:00+00:00', '--job-id', '219', '--raw', '--subdir', 'DAGS_FOLDER/s3_to_snowflake.py', '--cfg-path', '/tmp/tmpknul9sy4']
[2026-03-01T06:00:02.828+0000] {standard_task_runner.py:88} INFO - Job 219: Subtask download_s3
[2026-03-01T06:00:02.929+0000] {task_command.py:423} INFO - Running <TaskInstance: s3_to_snowflake.download_s3 scheduled__2026-03-01T05:59:00+00:00 [running]> on host a9cf6eed2116
[2026-03-01T06:00:03.434+0000] {taskinstance.py:2480} INFO - Exporting env vars: AIRFLOW_CTX_DAG_OWNER='***' AIRFLOW_CTX_DAG_ID='s3_to_snowflake' AIRFLOW_CTX_TASK_ID='download_s3' AIRFLOW_CTX_EXECUTION_DATE='2026-03-01T05:59:00+00:00' AIRFLOW_CTX_TRY_NUMBER='1' AIRFLOW_CTX_DAG_RUN_ID='scheduled__2026-03-01T05:59:00+00:00'
[2026-03-01T06:00:03.472+0000] {credentials.py:1147} INFO - Found credentials in environment variables.
[2026-03-01T06:00:03.606+0000] {logging_mixin.py:188} INFO - in the function************************
[2026-03-01T06:00:03.619+0000] {logging_mixin.py:188} INFO - 
Processing prefix: bronze/AAPL/
[2026-03-01T06:00:04.947+0000] {logging_mixin.py:188} INFO - Downloaded bronze/AAPL/1771463612.json -> D:\ADF_folder\real-time-stocks-mds\data\s3_downloads/AAPL_1771463612.json
[2026-03-01T06:00:05.328+0000] {logging_mixin.py:188} INFO - Downloaded bronze/AAPL/1771463645.json -> D:\ADF_folder\real-time-stocks-mds\data\s3_downloads/AAPL_1771463645.json
[2026-03-01T06:00:05.716+0000] {logging_mixin.py:188} INFO - Downloaded bronze/AAPL/1771463678.json -> D:\ADF_folder\real-time-stocks-mds\data\s3_downloads/AAPL_1771463678.json
[2026-03-01T06:00:06.107+0000] {logging_mixin.py:188} INFO - Downloaded bronze/AAPL/1771463711.json -> D:\ADF_folder\real-time-stocks-mds\data\s3_downloads/AAPL_1771463711.json
[2026-03-01T06:00:06.574+0000] {logging_mixin.py:188} INFO - Downloaded bronze/AAPL/1771463744.json -> D:\ADF_folder\real-time-stocks-mds\data\s3_downloads/AAPL_1771463744.json
[2026-03-01T06:00:06.981+0000] {logging_mixin.py:188} INFO - Downloaded bronze/AAPL/1771463777.json -> D:\ADF_folder\real-time-stocks-mds\data\s3_downloads/AAPL_1771463777.json
[2026-03-01T06:00:05.995+0000] {logging_mixin.py:188} INFO - Downloaded bronze/AAPL/1771463810.json -> D:\ADF_folder\real-time-stocks-mds\data\s3_downloads/AAPL_1771463810.json
[2026-03-01T06:00:06.378+0000] {logging_mixin.py:188} INFO - Downloaded bronze/AAPL/1771463843.json -> D:\ADF_folder\real-time-stocks-mds\data\s3_downloads/AAPL_1771463843.json
[2026-03-01T06:00:06.765+0000] {logging_mixin.py:188} INFO - Downloaded bronze/AAPL/1771463876.json -> D:\ADF_folder\real-time-stocks-mds\data\s3_downloads/AAPL_1771463876.json
[2026-03-01T06:00:07.155+0000] {logging_mixin.py:188} INFO - Downloaded bronze/AAPL/1771463909.json -> D:\ADF_folder\real-time-stocks-mds\data\s3_downloads/AAPL_1771463909.json
[2026-03-01T06:00:07.532+0000] {logging_mixin.py:188} INFO - Downloaded bronze/AAPL/1771463942.json -> D:\ADF_folder\real-time-stocks-mds\data\s3_downloads/AAPL_1771463942.json
[2026-03-01T06:00:07.919+0000] {logging_mixin.py:188} INFO - Downloaded bronze/AAPL/1771463975.json -> D:\ADF_folder\real-time-stocks-mds\data\s3_downloads/AAPL_1771463975.json
[2026-03-01T06:00:08.305+0000] {logging_mixin.py:188} INFO - Downloaded bronze/AAPL/1771464008.json -> D:\ADF_folder\real-time-stocks-mds\data\s3_downloads/AAPL_1771464008.json
[2026-03-01T06:00:08.693+0000] {logging_mixin.py:188} INFO - Downloaded bronze/AAPL/1771464042.json -> D:\ADF_folder\real-time-stocks-mds\data\s3_downloads/AAPL_1771464042.json
[2026-03-01T06:00:09.073+0000] {logging_mixin.py:188} INFO - Downloaded bronze/AAPL/1771464075.json -> D:\ADF_folder\real-time-stocks-mds\data\s3_downloads/AAPL_1771464075.json
[2026-03-01T06:00:09.450+0000] {logging_mixin.py:188} INFO - Downloaded bronze/AAPL/1771464108.json -> D:\ADF_folder\real-time-stocks-mds\data\s3_downloads/AAPL_1771464108.json
[2026-03-01T06:00:09.833+0000] {logging_mixin.py:188} INFO - Downloaded bronze/AAPL/1771464141.json -> D:\ADF_folder\real-time-stocks-mds\data\s3_downloads/AAPL_1771464141.json
[2026-03-01T06:00:10.211+0000] {logging_mixin.py:188} INFO - Downloaded bronze/AAPL/1771464174.json -> D:\ADF_folder\real-time-stocks-mds\data\s3_downloads/AAPL_1771464174.json
[2026-03-01T06:00:10.588+0000] {logging_mixin.py:188} INFO - Downloaded bronze/AAPL/1771464207.json -> D:\ADF_folder\real-time-stocks-mds\data\s3_downloads/AAPL_1771464207.json
[2026-03-01T06:00:10.964+0000] {logging_mixin.py:188} INFO - Downloaded bronze/AAPL/1771464240.json -> D:\ADF_folder\real-time-stocks-mds\data\s3_downloads/AAPL_1771464240.json
[2026-03-01T06:00:11.351+0000] {logging_mixin.py:188} INFO - Downloaded bronze/AAPL/1771464273.json -> D:\ADF_folder\real-time-stocks-mds\data\s3_downloads/AAPL_1771464273.json
[2026-03-01T06:00:11.734+0000] {logging_mixin.py:188} INFO - Downloaded bronze/AAPL/1771464306.json -> D:\ADF_folder\real-time-stocks-mds\data\s3_downloads/AAPL_1771464306.json
[2026-03-01T06:00:12.119+0000] {logging_mixin.py:188} INFO - Downloaded bronze/AAPL/1771465239.json -> D:\ADF_folder\real-time-stocks-mds\data\s3_downloads/AAPL_1771465239.json
[2026-03-01T06:00:12.504+0000] {logging_mixin.py:188} INFO - Downloaded bronze/AAPL/1771465272.json -> D:\ADF_folder\real-time-stocks-mds\data\s3_downloads/AAPL_1771465272.json
[2026-03-01T06:00:12.882+0000] {logging_mixin.py:188} INFO - Downloaded bronze/AAPL/1771465305.json -> D:\ADF_folder\real-time-stocks-mds\data\s3_downloads/AAPL_1771465305.json
[2026-03-01T06:00:13.269+0000] {logging_mixin.py:188} INFO - Downloaded bronze/AAPL/1771465338.json -> D:\ADF_folder\real-time-stocks-mds\data\s3_downloads/AAPL_1771465338.json
[2026-03-01T06:00:13.655+0000] {logging_mixin.py:188} INFO - Downloaded bronze/AAPL/1771465371.json -> D:\ADF_folder\real-time-stocks-mds\data\s3_downloads/AAPL_1771465371.json
[2026-03-01T06:00:14.038+0000] {logging_mixin.py:188} INFO - Downloaded bronze/AAPL/1771465404.json -> D:\ADF_folder\real-time-stocks-mds\data\s3_downloads/AAPL_1771465404.json
[2026-03-01T06:00:14.421+0000] {logging_mixin.py:188} INFO - Downloaded bronze/AAPL/1771465437.json -> D:\ADF_folder\real-time-stocks-mds\data\s3_downloads/AAPL_1771465437.json
[2026-03-01T06:00:14.807+0000] {logging_mixin.py:188} INFO - Downloaded bronze/AAPL/1771465470.json -> D:\ADF_folder\real-time-stocks-mds\data\s3_downloads/AAPL_1771465470.json
[2026-03-01T06:00:15.196+0000] {logging_mixin.py:188} INFO - Downloaded bronze/AAPL/1771465503.json -> D:\ADF_folder\real-time-stocks-mds\data\s3_downloads/AAPL_1771465503.json
[2026-03-01T06:00:15.579+0000] {logging_mixin.py:188} INFO - Downloaded bronze/AAPL/1771465536.json -> D:\ADF_folder\real-time-stocks-mds\data\s3_downloads/AAPL_1771465536.json
[2026-03-01T06:00:15.961+0000] {logging_mixin.py:188} INFO - Downloaded bronze/AAPL/1771465569.json -> D:\ADF_folder\real-time-stocks-mds\data\s3_downloads/AAPL_1771465569.json
[2026-03-01T06:00:16.353+0000] {logging_mixin.py:188} INFO - Downloaded bronze/AAPL/1772074550.json -> D:\ADF_folder\real-time-stocks-mds\data\s3_downloads/AAPL_1772074550.json
[2026-03-01T06:00:16.736+0000] {logging_mixin.py:188} INFO - Downloaded bronze/AAPL/1772074583.json -> D:\ADF_folder\real-time-stocks-mds\data\s3_downloads/AAPL_1772074583.json
[2026-03-01T06:00:17.119+0000] {logging_mixin.py:188} INFO - Downloaded bronze/AAPL/1772074616.json -> D:\ADF_folder\real-time-stocks-mds\data\s3_downloads/AAPL_1772074616.json
[2026-03-01T06:00:17.503+0000] {logging_mixin.py:188} INFO - Downloaded bronze/AAPL/1772074649.json -> D:\ADF_folder\real-time-stocks-mds\data\s3_downloads/AAPL_1772074649.json
[2026-03-01T06:00:17.880+0000] {logging_mixin.py:188} INFO - Downloaded bronze/AAPL/1772074683.json -> D:\ADF_folder\real-time-stocks-mds\data\s3_downloads/AAPL_1772074683.json
[2026-03-01T06:00:18.272+0000] {logging_mixin.py:188} INFO - Downloaded bronze/AAPL/1772074715.json -> D:\ADF_folder\real-time-stocks-mds\data\s3_downloads/AAPL_1772074715.json
[2026-03-01T06:00:18.660+0000] {logging_mixin.py:188} INFO - Downloaded bronze/AAPL/1772074748.json -> D:\ADF_folder\real-time-stocks-mds\data\s3_downloads/AAPL_1772074748.json
[2026-03-01T06:00:19.050+0000] {logging_mixin.py:188} INFO - Downloaded bronze/AAPL/1772074781.json -> D:\ADF_folder\real-time-stocks-mds\data\s3_downloads/AAPL_1772074781.json
[2026-03-01T06:00:19.446+0000] {logging_mixin.py:188} INFO - Downloaded bronze/AAPL/1772074815.json -> D:\ADF_folder\real-time-stocks-mds\data\s3_downloads/AAPL_1772074815.json
[2026-03-01T06:00:19.852+0000] {logging_mixin.py:188} INFO - Downloaded bronze/AAPL/1772074848.json -> D:\ADF_folder\real-time-stocks-mds\data\s3_downloads/AAPL_1772074848.json
[2026-03-01T06:00:20.264+0000] {logging_mixin.py:188} INFO - Downloaded bronze/AAPL/1772074881.json -> D:\ADF_folder\real-time-stocks-mds\data\s3_downloads/AAPL_1772074881.json
[2026-03-01T06:00:20.689+0000] {logging_mixin.py:188} INFO - Downloaded bronze/AAPL/1772074914.json -> D:\ADF_folder\real-time-stocks-mds\data\s3_downloads/AAPL_1772074914.json
[2026-03-01T06:00:21.131+0000] {logging_mixin.py:188} INFO - Downloaded bronze/AAPL/1772074947.json -> D:\ADF_folder\real-time-stocks-mds\data\s3_downloads/AAPL_1772074947.json
[2026-03-01T06:00:21.555+0000] {logging_mixin.py:188} INFO - Downloaded bronze/AAPL/1772074980.json -> D:\ADF_folder\real-time-stocks-mds\data\s3_downloads/AAPL_1772074980.json
[2026-03-01T06:00:21.971+0000] {logging_mixin.py:188} INFO - Downloaded bronze/AAPL/1772075013.json -> D:\ADF_folder\real-time-stocks-mds\data\s3_downloads/AAPL_1772075013.json
[2026-03-01T06:00:22.397+0000] {logging_mixin.py:188} INFO - Downloaded bronze/AAPL/1772075046.json -> D:\ADF_folder\real-time-stocks-mds\data\s3_downloads/AAPL_1772075046.json
[2026-03-01T06:00:23.317+0000] {logging_mixin.py:188} INFO - Downloaded bronze/AAPL/1772075079.json -> D:\ADF_folder\real-time-stocks-mds\data\s3_downloads/AAPL_1772075079.json
[2026-03-01T06:00:23.728+0000] {logging_mixin.py:188} INFO - Downloaded bronze/AAPL/1772075112.json -> D:\ADF_folder\real-time-stocks-mds\data\s3_downloads/AAPL_1772075112.json
[2026-03-01T06:00:24.149+0000] {logging_mixin.py:188} INFO - Downloaded bronze/AAPL/1772075145.json -> D:\ADF_folder\real-time-stocks-mds\data\s3_downloads/AAPL_1772075145.json
[2026-03-01T06:00:24.571+0000] {logging_mixin.py:188} INFO - Downloaded bronze/AAPL/1772075178.json -> D:\ADF_folder\real-time-stocks-mds\data\s3_downloads/AAPL_1772075178.json
[2026-03-01T06:00:24.993+0000] {logging_mixin.py:188} INFO - Downloaded bronze/AAPL/1772075211.json -> D:\ADF_folder\real-time-stocks-mds\data\s3_downloads/AAPL_1772075211.json
[2026-03-01T06:00:25.419+0000] {logging_mixin.py:188} INFO - Downloaded bronze/AAPL/1772075244.json -> D:\ADF_folder\real-time-stocks-mds\data\s3_downloads/AAPL_1772075244.json
[2026-03-01T06:00:25.842+0000] {logging_mixin.py:188} INFO - Downloaded bronze/AAPL/1772075277.json -> D:\ADF_folder\real-time-stocks-mds\data\s3_downloads/AAPL_1772075277.json
[2026-03-01T06:00:26.268+0000] {logging_mixin.py:188} INFO - Downloaded bronze/AAPL/1772075310.json -> D:\ADF_folder\real-time-stocks-mds\data\s3_downloads/AAPL_1772075310.json
[2026-03-01T06:00:26.698+0000] {logging_mixin.py:188} INFO - Downloaded bronze/AAPL/1772075343.json -> D:\ADF_folder\real-time-stocks-mds\data\s3_downloads/AAPL_1772075343.json
[2026-03-01T06:00:27.124+0000] {logging_mixin.py:188} INFO - Downloaded bronze/AAPL/1772075376.json -> D:\ADF_folder\real-time-stocks-mds\data\s3_downloads/AAPL_1772075376.json
[2026-03-01T06:00:27.624+0000] {logging_mixin.py:188} INFO - Downloaded bronze/AAPL/1772075409.json -> D:\ADF_folder\real-time-stocks-mds\data\s3_downloads/AAPL_1772075409.json
[2026-03-01T06:00:28.061+0000] {logging_mixin.py:188} INFO - Downloaded bronze/AAPL/1772075441.json -> D:\ADF_folder\real-time-stocks-mds\data\s3_downloads/AAPL_1772075441.json
[2026-03-01T06:00:28.496+0000] {logging_mixin.py:188} INFO - Downloaded bronze/AAPL/1772075474.json -> D:\ADF_folder\real-time-stocks-mds\data\s3_downloads/AAPL_1772075474.json
[2026-03-01T06:00:28.934+0000] {logging_mixin.py:188} INFO - Downloaded bronze/AAPL/1772075507.json -> D:\ADF_folder\real-time-stocks-mds\data\s3_downloads/AAPL_1772075507.json
[2026-03-01T06:00:29.375+0000] {logging_mixin.py:188} INFO - Downloaded bronze/AAPL/1772075540.json -> D:\ADF_folder\real-time-stocks-mds\data\s3_downloads/AAPL_1772075540.json
[2026-03-01T06:00:29.822+0000] {logging_mixin.py:188} INFO - Downloaded bronze/AAPL/1772075573.json -> D:\ADF_folder\real-time-stocks-mds\data\s3_downloads/AAPL_1772075573.json
[2026-03-01T06:00:30.268+0000] {logging_mixin.py:188} INFO - Downloaded bronze/AAPL/1772075607.json -> D:\ADF_folder\real-time-stocks-mds\data\s3_downloads/AAPL_1772075607.json
[2026-03-01T06:00:30.718+0000] {logging_mixin.py:188} INFO - Downloaded bronze/AAPL/1772075640.json -> D:\ADF_folder\real-time-stocks-mds\data\s3_downloads/AAPL_1772075640.json
[2026-03-01T06:00:31.171+0000] {logging_mixin.py:188} INFO - Downloaded bronze/AAPL/1772075673.json -> D:\ADF_folder\real-time-stocks-mds\data\s3_downloads/AAPL_1772075673.json
[2026-03-01T06:00:31.624+0000] {logging_mixin.py:188} INFO - Downloaded bronze/AAPL/1772075706.json -> D:\ADF_folder\real-time-stocks-mds\data\s3_downloads/AAPL_1772075706.json
[2026-03-01T06:00:32.060+0000] {logging_mixin.py:188} INFO - Downloaded bronze/AAPL/1772075739.json -> D:\ADF_folder\real-time-stocks-mds\data\s3_downloads/AAPL_1772075739.json
[2026-03-01T06:00:32.492+0000] {logging_mixin.py:188} INFO - Downloaded bronze/AAPL/1772075772.json -> D:\ADF_folder\real-time-stocks-mds\data\s3_downloads/AAPL_1772075772.json
[2026-03-01T06:00:32.934+0000] {logging_mixin.py:188} INFO - Downloaded bronze/AAPL/1772075805.json -> D:\ADF_folder\real-time-stocks-mds\data\s3_downloads/AAPL_1772075805.json
[2026-03-01T06:00:33.369+0000] {logging_mixin.py:188} INFO - Downloaded bronze/AAPL/1772075838.json -> D:\ADF_folder\real-time-stocks-mds\data\s3_downloads/AAPL_1772075838.json
[2026-03-01T06:00:33.823+0000] {logging_mixin.py:188} INFO - Downloaded bronze/AAPL/1772075870.json -> D:\ADF_folder\real-time-stocks-mds\data\s3_downloads/AAPL_1772075870.json
[2026-03-01T06:00:34.251+0000] {logging_mixin.py:188} INFO - Downloaded bronze/AAPL/1772075903.json -> D:\ADF_folder\real-time-stocks-mds\data\s3_downloads/AAPL_1772075903.json
[2026-03-01T06:00:34.689+0000] {logging_mixin.py:188} INFO - Downloaded bronze/AAPL/1772075936.json -> D:\ADF_folder\real-time-stocks-mds\data\s3_downloads/AAPL_1772075936.json
[2026-03-01T06:00:35.120+0000] {logging_mixin.py:188} INFO - Downloaded bronze/AAPL/1772075969.json -> D:\ADF_folder\real-time-stocks-mds\data\s3_downloads/AAPL_1772075969.json
[2026-03-01T06:00:35.556+0000] {logging_mixin.py:188} INFO - Downloaded bronze/AAPL/1772076002.json -> D:\ADF_folder\real-time-stocks-mds\data\s3_downloads/AAPL_1772076002.json
[2026-03-01T06:00:34.636+0000] {logging_mixin.py:188} INFO - Downloaded bronze/AAPL/1772076035.json -> D:\ADF_folder\real-time-stocks-mds\data\s3_downloads/AAPL_1772076035.json
[2026-03-01T06:00:35.105+0000] {logging_mixin.py:188} INFO - Downloaded bronze/AAPL/1772076068.json -> D:\ADF_folder\real-time-stocks-mds\data\s3_downloads/AAPL_1772076068.json
[2026-03-01T06:00:35.585+0000] {logging_mixin.py:188} INFO - Downloaded bronze/AAPL/1772076101.json -> D:\ADF_folder\real-time-stocks-mds\data\s3_downloads/AAPL_1772076101.json
[2026-03-01T06:00:36.080+0000] {logging_mixin.py:188} INFO - Downloaded bronze/AAPL/1772076134.json -> D:\ADF_folder\real-time-stocks-mds\data\s3_downloads/AAPL_1772076134.json
[2026-03-01T06:00:36.580+0000] {logging_mixin.py:188} INFO - Downloaded bronze/AAPL/1772076167.json -> D:\ADF_folder\real-time-stocks-mds\data\s3_downloads/AAPL_1772076167.json
[2026-03-01T06:00:37.093+0000] {logging_mixin.py:188} INFO - Downloaded bronze/AAPL/1772076200.json -> D:\ADF_folder\real-time-stocks-mds\data\s3_downloads/AAPL_1772076200.json
[2026-03-01T06:00:37.602+0000] {logging_mixin.py:188} INFO - Downloaded bronze/AAPL/1772076233.json -> D:\ADF_folder\real-time-stocks-mds\data\s3_downloads/AAPL_1772076233.json
[2026-03-01T06:00:38.118+0000] {logging_mixin.py:188} INFO - Downloaded bronze/AAPL/1772076266.json -> D:\ADF_folder\real-time-stocks-mds\data\s3_downloads/AAPL_1772076266.json
[2026-03-01T06:00:38.640+0000] {logging_mixin.py:188} INFO - Downloaded bronze/AAPL/1772076298.json -> D:\ADF_folder\real-time-stocks-mds\data\s3_downloads/AAPL_1772076298.json
[2026-03-01T06:00:39.176+0000] {logging_mixin.py:188} INFO - Downloaded bronze/AAPL/1772076331.json -> D:\ADF_folder\real-time-stocks-mds\data\s3_downloads/AAPL_1772076331.json
[2026-03-01T06:00:39.698+0000] {logging_mixin.py:188} INFO - Downloaded bronze/AAPL/1772076364.json -> D:\ADF_folder\real-time-stocks-mds\data\s3_downloads/AAPL_1772076364.json
[2026-03-01T06:00:40.202+0000] {logging_mixin.py:188} INFO - Downloaded bronze/AAPL/1772076397.json -> D:\ADF_folder\real-time-stocks-mds\data\s3_downloads/AAPL_1772076397.json
[2026-03-01T06:00:40.702+0000] {logging_mixin.py:188} INFO - Downloaded bronze/AAPL/1772076431.json -> D:\ADF_folder\real-time-stocks-mds\data\s3_downloads/AAPL_1772076431.json
[2026-03-01T06:00:41.205+0000] {logging_mixin.py:188} INFO - Downloaded bronze/AAPL/1772076464.json -> D:\ADF_folder\real-time-stocks-mds\data\s3_downloads/AAPL_1772076464.json
[2026-03-01T06:00:41.719+0000] {logging_mixin.py:188} INFO - Downloaded bronze/AAPL/1772076497.json -> D:\ADF_folder\real-time-stocks-mds\data\s3_downloads/AAPL_1772076497.json
[2026-03-01T06:00:42.245+0000] {logging_mixin.py:188} INFO - Downloaded bronze/AAPL/1772076530.json -> D:\ADF_folder\real-time-stocks-mds\data\s3_downloads/AAPL_1772076530.json
[2026-03-01T06:00:42.777+0000] {logging_mixin.py:188} INFO - Downloaded bronze/AAPL/1772076563.json -> D:\ADF_folder\real-time-stocks-mds\data\s3_downloads/AAPL_1772076563.json
[2026-03-01T06:00:43.317+0000] {logging_mixin.py:188} INFO - Downloaded bronze/AAPL/1772076595.json -> D:\ADF_folder\real-time-stocks-mds\data\s3_downloads/AAPL_1772076595.json
[2026-03-01T06:00:43.837+0000] {logging_mixin.py:188} INFO - Downloaded bronze/AAPL/1772076628.json -> D:\ADF_folder\real-time-stocks-mds\data\s3_downloads/AAPL_1772076628.json
[2026-03-01T06:00:44.358+0000] {logging_mixin.py:188} INFO - Downloaded bronze/AAPL/1772076661.json -> D:\ADF_folder\real-time-stocks-mds\data\s3_downloads/AAPL_1772076661.json
[2026-03-01T06:00:44.880+0000] {logging_mixin.py:188} INFO - Downloaded bronze/AAPL/1772076694.json -> D:\ADF_folder\real-time-stocks-mds\data\s3_downloads/AAPL_1772076694.json
[2026-03-01T06:00:46.054+0000] {logging_mixin.py:188} INFO - Downloaded bronze/AAPL/1772076727.json -> D:\ADF_folder\real-time-stocks-mds\data\s3_downloads/AAPL_1772076727.json
[2026-03-01T06:00:46.576+0000] {logging_mixin.py:188} INFO - Downloaded bronze/AAPL/1772076760.json -> D:\ADF_folder\real-time-stocks-mds\data\s3_downloads/AAPL_1772076760.json
[2026-03-01T06:00:47.085+0000] {logging_mixin.py:188} INFO - Downloaded bronze/AAPL/1772076793.json -> D:\ADF_folder\real-time-stocks-mds\data\s3_downloads/AAPL_1772076793.json
[2026-03-01T06:00:47.590+0000] {logging_mixin.py:188} INFO - Downloaded bronze/AAPL/1772076826.json -> D:\ADF_folder\real-time-stocks-mds\data\s3_downloads/AAPL_1772076826.json
[2026-03-01T06:00:48.084+0000] {logging_mixin.py:188} INFO - Downloaded bronze/AAPL/1772076859.json -> D:\ADF_folder\real-time-stocks-mds\data\s3_downloads/AAPL_1772076859.json
[2026-03-01T06:00:48.572+0000] {logging_mixin.py:188} INFO - Downloaded bronze/AAPL/1772076892.json -> D:\ADF_folder\real-time-stocks-mds\data\s3_downloads/AAPL_1772076892.json
[2026-03-01T06:00:49.065+0000] {logging_mixin.py:188} INFO - Downloaded bronze/AAPL/1772076925.json -> D:\ADF_folder\real-time-stocks-mds\data\s3_downloads/AAPL_1772076925.json
[2026-03-01T06:00:49.565+0000] {logging_mixin.py:188} INFO - Downloaded bronze/AAPL/1772076958.json -> D:\ADF_folder\real-time-stocks-mds\data\s3_downloads/AAPL_1772076958.json
[2026-03-01T06:00:50.056+0000] {logging_mixin.py:188} INFO - Downloaded bronze/AAPL/1772076991.json -> D:\ADF_folder\real-time-stocks-mds\data\s3_downloads/AAPL_1772076991.json
[2026-03-01T06:00:50.564+0000] {logging_mixin.py:188} INFO - Downloaded bronze/AAPL/1772077025.json -> D:\ADF_folder\real-time-stocks-mds\data\s3_downloads/AAPL_1772077025.json
[2026-03-01T06:00:51.067+0000] {logging_mixin.py:188} INFO - Downloaded bronze/AAPL/1772077058.json -> D:\ADF_folder\real-time-stocks-mds\data\s3_downloads/AAPL_1772077058.json
[2026-03-01T06:00:51.582+0000] {logging_mixin.py:188} INFO - Downloaded bronze/AAPL/1772077091.json -> D:\ADF_folder\real-time-stocks-mds\data\s3_downloads/AAPL_1772077091.json
[2026-03-01T06:00:52.094+0000] {logging_mixin.py:188} INFO - Downloaded bronze/AAPL/1772077123.json -> D:\ADF_folder\real-time-stocks-mds\data\s3_downloads/AAPL_1772077123.json
[2026-03-01T06:00:52.598+0000] {logging_mixin.py:188} INFO - Downloaded bronze/AAPL/1772077157.json -> D:\ADF_folder\real-time-stocks-mds\data\s3_downloads/AAPL_1772077157.json
[2026-03-01T06:00:53.095+0000] {logging_mixin.py:188} INFO - Downloaded bronze/AAPL/1772077190.json -> D:\ADF_folder\real-time-stocks-mds\data\s3_downloads/AAPL_1772077190.json
[2026-03-01T06:00:53.599+0000] {logging_mixin.py:188} INFO - Downloaded bronze/AAPL/1772077223.json -> D:\ADF_folder\real-time-stocks-mds\data\s3_downloads/AAPL_1772077223.json
[2026-03-01T06:00:54.087+0000] {logging_mixin.py:188} INFO - Downloaded bronze/AAPL/1772077256.json -> D:\ADF_folder\real-time-stocks-mds\data\s3_downloads/AAPL_1772077256.json
[2026-03-01T06:00:54.575+0000] {logging_mixin.py:188} INFO - Downloaded bronze/AAPL/1772077289.json -> D:\ADF_folder\real-time-stocks-mds\data\s3_downloads/AAPL_1772077289.json
[2026-03-01T06:00:55.071+0000] {logging_mixin.py:188} INFO - Downloaded bronze/AAPL/1772077322.json -> D:\ADF_folder\real-time-stocks-mds\data\s3_downloads/AAPL_1772077322.json
[2026-03-01T06:00:55.570+0000] {logging_mixin.py:188} INFO - Downloaded bronze/AAPL/1772077356.json -> D:\ADF_folder\real-time-stocks-mds\data\s3_downloads/AAPL_1772077356.json
[2026-03-01T06:00:56.077+0000] {logging_mixin.py:188} INFO - Downloaded bronze/AAPL/1772077388.json -> D:\ADF_folder\real-time-stocks-mds\data\s3_downloads/AAPL_1772077388.json
[2026-03-01T06:00:56.587+0000] {logging_mixin.py:188} INFO - Downloaded bronze/AAPL/1772077421.json -> D:\ADF_folder\real-time-stocks-mds\data\s3_downloads/AAPL_1772077421.json
[2026-03-01T06:00:57.106+0000] {logging_mixin.py:188} INFO - Downloaded bronze/AAPL/1772077454.json -> D:\ADF_folder\real-time-stocks-mds\data\s3_downloads/AAPL_1772077454.json
[2026-03-01T06:00:57.608+0000] {logging_mixin.py:188} INFO - Downloaded bronze/AAPL/1772077487.json -> D:\ADF_folder\real-time-stocks-mds\data\s3_downloads/AAPL_1772077487.json
[2026-03-01T06:00:58.099+0000] {logging_mixin.py:188} INFO - Downloaded bronze/AAPL/1772077520.json -> D:\ADF_folder\real-time-stocks-mds\data\s3_downloads/AAPL_1772077520.json
[2026-03-01T06:00:58.584+0000] {logging_mixin.py:188} INFO - Downloaded bronze/AAPL/1772077553.json -> D:\ADF_folder\real-time-stocks-mds\data\s3_downloads/AAPL_1772077553.json
[2026-03-01T06:00:59.059+0000] {logging_mixin.py:188} INFO - Downloaded bronze/AAPL/1772077586.json -> D:\ADF_folder\real-time-stocks-mds\data\s3_downloads/AAPL_1772077586.json
[2026-03-01T06:00:59.530+0000] {logging_mixin.py:188} INFO - Downloaded bronze/AAPL/1772077619.json -> D:\ADF_folder\real-time-stocks-mds\data\s3_downloads/AAPL_1772077619.json
[2026-03-01T06:00:59.998+0000] {logging_mixin.py:188} INFO - Downloaded bronze/AAPL/1772077652.json -> D:\ADF_folder\real-time-stocks-mds\data\s3_downloads/AAPL_1772077652.json
[2026-03-01T06:01:00.457+0000] {logging_mixin.py:188} INFO - Downloaded bronze/AAPL/1772077685.json -> D:\ADF_folder\real-time-stocks-mds\data\s3_downloads/AAPL_1772077685.json
[2026-03-01T06:01:00.920+0000] {logging_mixin.py:188} INFO - Downloaded bronze/AAPL/1772077718.json -> D:\ADF_folder\real-time-stocks-mds\data\s3_downloads/AAPL_1772077718.json
[2026-03-01T06:01:01.379+0000] {logging_mixin.py:188} INFO - Downloaded bronze/AAPL/1772077750.json -> D:\ADF_folder\real-time-stocks-mds\data\s3_downloads/AAPL_1772077750.json
[2026-03-01T06:01:01.838+0000] {logging_mixin.py:188} INFO - Downloaded bronze/AAPL/1772077783.json -> D:\ADF_folder\real-time-stocks-mds\data\s3_downloads/AAPL_1772077783.json
[2026-03-01T06:01:02.289+0000] {logging_mixin.py:188} INFO - Downloaded bronze/AAPL/1772077816.json -> D:\ADF_folder\real-time-stocks-mds\data\s3_downloads/AAPL_1772077816.json
[2026-03-01T06:01:02.745+0000] {logging_mixin.py:188} INFO - Downloaded bronze/AAPL/1772077849.json -> D:\ADF_folder\real-time-stocks-mds\data\s3_downloads/AAPL_1772077849.json
[2026-03-01T06:01:03.208+0000] {logging_mixin.py:188} INFO - Downloaded bronze/AAPL/1772077882.json -> D:\ADF_folder\real-time-stocks-mds\data\s3_downloads/AAPL_1772077882.json
[2026-03-01T06:01:03.676+0000] {logging_mixin.py:188} INFO - Downloaded bronze/AAPL/1772077915.json -> D:\ADF_folder\real-time-stocks-mds\data\s3_downloads/AAPL_1772077915.json
[2026-03-01T06:01:04.137+0000] {logging_mixin.py:188} INFO - Downloaded bronze/AAPL/1772077947.json -> D:\ADF_folder\real-time-stocks-mds\data\s3_downloads/AAPL_1772077947.json
[2026-03-01T06:01:03.097+0000] {logging_mixin.py:188} INFO - Downloaded bronze/AAPL/1772077980.json -> D:\ADF_folder\real-time-stocks-mds\data\s3_downloads/AAPL_1772077980.json
[2026-03-01T06:01:03.559+0000] {logging_mixin.py:188} INFO - Downloaded bronze/AAPL/1772078013.json -> D:\ADF_folder\real-time-stocks-mds\data\s3_downloads/AAPL_1772078013.json
[2026-03-01T06:01:04.015+0000] {logging_mixin.py:188} INFO - Downloaded bronze/AAPL/1772078046.json -> D:\ADF_folder\real-time-stocks-mds\data\s3_downloads/AAPL_1772078046.json
[2026-03-01T06:01:04.472+0000] {logging_mixin.py:188} INFO - Downloaded bronze/AAPL/1772078079.json -> D:\ADF_folder\real-time-stocks-mds\data\s3_downloads/AAPL_1772078079.json
[2026-03-01T06:01:04.933+0000] {logging_mixin.py:188} INFO - Downloaded bronze/AAPL/1772078112.json -> D:\ADF_folder\real-time-stocks-mds\data\s3_downloads/AAPL_1772078112.json
[2026-03-01T06:01:05.385+0000] {logging_mixin.py:188} INFO - Downloaded bronze/AAPL/1772078145.json -> D:\ADF_folder\real-time-stocks-mds\data\s3_downloads/AAPL_1772078145.json
[2026-03-01T06:01:05.838+0000] {logging_mixin.py:188} INFO - Downloaded bronze/AAPL/1772078178.json -> D:\ADF_folder\real-time-stocks-mds\data\s3_downloads/AAPL_1772078178.json
[2026-03-01T06:01:06.294+0000] {logging_mixin.py:188} INFO - Downloaded bronze/AAPL/1772078211.json -> D:\ADF_folder\real-time-stocks-mds\data\s3_downloads/AAPL_1772078211.json
[2026-03-01T06:01:06.735+0000] {logging_mixin.py:188} INFO - Downloaded bronze/AAPL/1772078244.json -> D:\ADF_folder\real-time-stocks-mds\data\s3_downloads/AAPL_1772078244.json
[2026-03-01T06:01:07.165+0000] {logging_mixin.py:188} INFO - Downloaded bronze/AAPL/1772078277.json -> D:\ADF_folder\real-time-stocks-mds\data\s3_downloads/AAPL_1772078277.json
[2026-03-01T06:01:07.597+0000] {logging_mixin.py:188} INFO - Downloaded bronze/AAPL/1772078310.json -> D:\ADF_folder\real-time-stocks-mds\data\s3_downloads/AAPL_1772078310.json
[2026-03-01T06:01:08.029+0000] {logging_mixin.py:188} INFO - Downloaded bronze/AAPL/1772078342.json -> D:\ADF_folder\real-time-stocks-mds\data\s3_downloads/AAPL_1772078342.json
[2026-03-01T06:01:09.093+0000] {logging_mixin.py:188} INFO - Downloaded bronze/AAPL/1772078375.json -> D:\ADF_folder\real-time-stocks-mds\data\s3_downloads/AAPL_1772078375.json
[2026-03-01T06:01:09.594+0000] {logging_mixin.py:188} INFO - Downloaded bronze/AAPL/1772078409.json -> D:\ADF_folder\real-time-stocks-mds\data\s3_downloads/AAPL_1772078409.json
[2026-03-01T06:01:10.100+0000] {logging_mixin.py:188} INFO - Downloaded bronze/AAPL/1772078442.json -> D:\ADF_folder\real-time-stocks-mds\data\s3_downloads/AAPL_1772078442.json
[2026-03-01T06:01:10.608+0000] {logging_mixin.py:188} INFO - Downloaded bronze/AAPL/1772078475.json -> D:\ADF_folder\real-time-stocks-mds\data\s3_downloads/AAPL_1772078475.json
[2026-03-01T06:01:11.117+0000] {logging_mixin.py:188} INFO - Downloaded bronze/AAPL/1772078509.json -> D:\ADF_folder\real-time-stocks-mds\data\s3_downloads/AAPL_1772078509.json
[2026-03-01T06:01:11.623+0000] {logging_mixin.py:188} INFO - Downloaded bronze/AAPL/1772078542.json -> D:\ADF_folder\real-time-stocks-mds\data\s3_downloads/AAPL_1772078542.json
[2026-03-01T06:01:12.126+0000] {logging_mixin.py:188} INFO - Downloaded bronze/AAPL/1772078575.json -> D:\ADF_folder\real-time-stocks-mds\data\s3_downloads/AAPL_1772078575.json
[2026-03-01T06:01:12.628+0000] {logging_mixin.py:188} INFO - Downloaded bronze/AAPL/1772078608.json -> D:\ADF_folder\real-time-stocks-mds\data\s3_downloads/AAPL_1772078608.json
[2026-03-01T06:01:13.136+0000] {logging_mixin.py:188} INFO - Downloaded bronze/AAPL/1772078641.json -> D:\ADF_folder\real-time-stocks-mds\data\s3_downloads/AAPL_1772078641.json
[2026-03-01T06:01:13.639+0000] {logging_mixin.py:188} INFO - Downloaded bronze/AAPL/1772078674.json -> D:\ADF_folder\real-time-stocks-mds\data\s3_downloads/AAPL_1772078674.json
[2026-03-01T06:01:14.142+0000] {logging_mixin.py:188} INFO - Downloaded bronze/AAPL/1772078707.json -> D:\ADF_folder\real-time-stocks-mds\data\s3_downloads/AAPL_1772078707.json
[2026-03-01T06:01:14.647+0000] {logging_mixin.py:188} INFO - Downloaded bronze/AAPL/1772078740.json -> D:\ADF_folder\real-time-stocks-mds\data\s3_downloads/AAPL_1772078740.json
[2026-03-01T06:01:15.165+0000] {logging_mixin.py:188} INFO - Downloaded bronze/AAPL/1772078773.json -> D:\ADF_folder\real-time-stocks-mds\data\s3_downloads/AAPL_1772078773.json
[2026-03-01T06:01:15.681+0000] {logging_mixin.py:188} INFO - Downloaded bronze/AAPL/1772078806.json -> D:\ADF_folder\real-time-stocks-mds\data\s3_downloads/AAPL_1772078806.json
[2026-03-01T06:01:16.184+0000] {logging_mixin.py:188} INFO - Downloaded bronze/AAPL/1772078839.json -> D:\ADF_folder\real-time-stocks-mds\data\s3_downloads/AAPL_1772078839.json
[2026-03-01T06:01:16.679+0000] {logging_mixin.py:188} INFO - Downloaded bronze/AAPL/1772078872.json -> D:\ADF_folder\real-time-stocks-mds\data\s3_downloads/AAPL_1772078872.json
[2026-03-01T06:01:17.148+0000] {logging_mixin.py:188} INFO - Downloaded bronze/AAPL/1772078904.json -> D:\ADF_folder\real-time-stocks-mds\data\s3_downloads/AAPL_1772078904.json
[2026-03-01T06:01:17.548+0000] {logging_mixin.py:188} INFO - Downloaded bronze/AAPL/1772078937.json -> D:\ADF_folder\real-time-stocks-mds\data\s3_downloads/AAPL_1772078937.json
[2026-03-01T06:01:17.937+0000] {logging_mixin.py:188} INFO - Downloaded bronze/AAPL/1772078970.json -> D:\ADF_folder\real-time-stocks-mds\data\s3_downloads/AAPL_1772078970.json
[2026-03-01T06:01:18.324+0000] {logging_mixin.py:188} INFO - Downloaded bronze/AAPL/1772079004.json -> D:\ADF_folder\real-time-stocks-mds\data\s3_downloads/AAPL_1772079004.json
[2026-03-01T06:01:18.715+0000] {logging_mixin.py:188} INFO - Downloaded bronze/AAPL/1772079037.json -> D:\ADF_folder\real-time-stocks-mds\data\s3_downloads/AAPL_1772079037.json
[2026-03-01T06:01:19.099+0000] {logging_mixin.py:188} INFO - Downloaded bronze/AAPL/1772079071.json -> D:\ADF_folder\real-time-stocks-mds\data\s3_downloads/AAPL_1772079071.json
[2026-03-01T06:01:19.481+0000] {logging_mixin.py:188} INFO - Downloaded bronze/AAPL/1772079104.json -> D:\ADF_folder\real-time-stocks-mds\data\s3_downloads/AAPL_1772079104.json
[2026-03-01T06:01:19.858+0000] {logging_mixin.py:188} INFO - Downloaded bronze/AAPL/1772079137.json -> D:\ADF_folder\real-time-stocks-mds\data\s3_downloads/AAPL_1772079137.json
[2026-03-01T06:01:20.247+0000] {logging_mixin.py:188} INFO - Downloaded bronze/AAPL/1772079170.json -> D:\ADF_folder\real-time-stocks-mds\data\s3_downloads/AAPL_1772079170.json
[2026-03-01T06:01:20.629+0000] {logging_mixin.py:188} INFO - Downloaded bronze/AAPL/1772079203.json -> D:\ADF_folder\real-time-stocks-mds\data\s3_downloads/AAPL_1772079203.json
[2026-03-01T06:01:21.008+0000] {logging_mixin.py:188} INFO - Downloaded bronze/AAPL/1772079236.json -> D:\ADF_folder\real-time-stocks-mds\data\s3_downloads/AAPL_1772079236.json
[2026-03-01T06:01:21.391+0000] {logging_mixin.py:188} INFO - Downloaded bronze/AAPL/1772079269.json -> D:\ADF_folder\real-time-stocks-mds\data\s3_downloads/AAPL_1772079269.json
[2026-03-01T06:01:21.392+0000] {logging_mixin.py:188} INFO - 
Processing prefix: bronze/GOOGL/
[2026-03-01T06:01:22.210+0000] {logging_mixin.py:188} INFO - Downloaded bronze/GOOGL/1771463605.json -> D:\ADF_folder\real-time-stocks-mds\data\s3_downloads/GOOGL_1771463605.json
[2026-03-01T06:01:22.593+0000] {logging_mixin.py:188} INFO - Downloaded bronze/GOOGL/1771463638.json -> D:\ADF_folder\real-time-stocks-mds\data\s3_downloads/GOOGL_1771463638.json
[2026-03-01T06:01:22.969+0000] {logging_mixin.py:188} INFO - Downloaded bronze/GOOGL/1771463671.json -> D:\ADF_folder\real-time-stocks-mds\data\s3_downloads/GOOGL_1771463671.json
[2026-03-01T06:01:23.349+0000] {logging_mixin.py:188} INFO - Downloaded bronze/GOOGL/1771463704.json -> D:\ADF_folder\real-time-stocks-mds\data\s3_downloads/GOOGL_1771463704.json
[2026-03-01T06:01:23.741+0000] {logging_mixin.py:188} INFO - Downloaded bronze/GOOGL/1771463737.json -> D:\ADF_folder\real-time-stocks-mds\data\s3_downloads/GOOGL_1771463737.json
[2026-03-01T06:01:24.125+0000] {logging_mixin.py:188} INFO - Downloaded bronze/GOOGL/1771463770.json -> D:\ADF_folder\real-time-stocks-mds\data\s3_downloads/GOOGL_1771463770.json
[2026-03-01T06:01:24.509+0000] {logging_mixin.py:188} INFO - Downloaded bronze/GOOGL/1771463803.json -> D:\ADF_folder\real-time-stocks-mds\data\s3_downloads/GOOGL_1771463803.json
[2026-03-01T06:01:24.912+0000] {logging_mixin.py:188} INFO - Downloaded bronze/GOOGL/1771463836.json -> D:\ADF_folder\real-time-stocks-mds\data\s3_downloads/GOOGL_1771463836.json
[2026-03-01T06:01:25.297+0000] {logging_mixin.py:188} INFO - Downloaded bronze/GOOGL/1771463869.json -> D:\ADF_folder\real-time-stocks-mds\data\s3_downloads/GOOGL_1771463869.json
[2026-03-01T06:01:25.680+0000] {logging_mixin.py:188} INFO - Downloaded bronze/GOOGL/1771463902.json -> D:\ADF_folder\real-time-stocks-mds\data\s3_downloads/GOOGL_1771463902.json
[2026-03-01T06:01:26.069+0000] {logging_mixin.py:188} INFO - Downloaded bronze/GOOGL/1771463936.json -> D:\ADF_folder\real-time-stocks-mds\data\s3_downloads/GOOGL_1771463936.json
[2026-03-01T06:01:26.463+0000] {logging_mixin.py:188} INFO - Downloaded bronze/GOOGL/1771463968.json -> D:\ADF_folder\real-time-stocks-mds\data\s3_downloads/GOOGL_1771463968.json
[2026-03-01T06:01:26.853+0000] {logging_mixin.py:188} INFO - Downloaded bronze/GOOGL/1771464002.json -> D:\ADF_folder\real-time-stocks-mds\data\s3_downloads/GOOGL_1771464002.json
[2026-03-01T06:01:27.241+0000] {logging_mixin.py:188} INFO - Downloaded bronze/GOOGL/1771464035.json -> D:\ADF_folder\real-time-stocks-mds\data\s3_downloads/GOOGL_1771464035.json
[2026-03-01T06:01:27.619+0000] {logging_mixin.py:188} INFO - Downloaded bronze/GOOGL/1771464068.json -> D:\ADF_folder\real-time-stocks-mds\data\s3_downloads/GOOGL_1771464068.json
[2026-03-01T06:01:28.006+0000] {logging_mixin.py:188} INFO - Downloaded bronze/GOOGL/1771464101.json -> D:\ADF_folder\real-time-stocks-mds\data\s3_downloads/GOOGL_1771464101.json
[2026-03-01T06:01:28.389+0000] {logging_mixin.py:188} INFO - Downloaded bronze/GOOGL/1771464134.json -> D:\ADF_folder\real-time-stocks-mds\data\s3_downloads/GOOGL_1771464134.json
[2026-03-01T06:01:28.772+0000] {logging_mixin.py:188} INFO - Downloaded bronze/GOOGL/1771464167.json -> D:\ADF_folder\real-time-stocks-mds\data\s3_downloads/GOOGL_1771464167.json
[2026-03-01T06:01:29.147+0000] {logging_mixin.py:188} INFO - Downloaded bronze/GOOGL/1771464200.json -> D:\ADF_folder\real-time-stocks-mds\data\s3_downloads/GOOGL_1771464200.json
[2026-03-01T06:01:29.533+0000] {logging_mixin.py:188} INFO - Downloaded bronze/GOOGL/1771464233.json -> D:\ADF_folder\real-time-stocks-mds\data\s3_downloads/GOOGL_1771464233.json
[2026-03-01T06:01:29.914+0000] {logging_mixin.py:188} INFO - Downloaded bronze/GOOGL/1771464266.json -> D:\ADF_folder\real-time-stocks-mds\data\s3_downloads/GOOGL_1771464266.json
[2026-03-01T06:01:30.300+0000] {logging_mixin.py:188} INFO - Downloaded bronze/GOOGL/1771464299.json -> D:\ADF_folder\real-time-stocks-mds\data\s3_downloads/GOOGL_1771464299.json
[2026-03-01T06:01:31.146+0000] {logging_mixin.py:188} INFO - Downloaded bronze/GOOGL/1771465232.json -> D:\ADF_folder\real-time-stocks-mds\data\s3_downloads/GOOGL_1771465232.json
[2026-03-01T06:01:31.535+0000] {logging_mixin.py:188} INFO - Downloaded bronze/GOOGL/1771465265.json -> D:\ADF_folder\real-time-stocks-mds\data\s3_downloads/GOOGL_1771465265.json
[2026-03-01T06:01:31.922+0000] {logging_mixin.py:188} INFO - Downloaded bronze/GOOGL/1771465298.json -> D:\ADF_folder\real-time-stocks-mds\data\s3_downloads/GOOGL_1771465298.json
[2026-03-01T06:01:32.302+0000] {logging_mixin.py:188} INFO - Downloaded bronze/GOOGL/1771465331.json -> D:\ADF_folder\real-time-stocks-mds\data\s3_downloads/GOOGL_1771465331.json
[2026-03-01T06:01:32.688+0000] {logging_mixin.py:188} INFO - Downloaded bronze/GOOGL/1771465364.json -> D:\ADF_folder\real-time-stocks-mds\data\s3_downloads/GOOGL_1771465364.json
[2026-03-01T06:01:31.684+0000] {logging_mixin.py:188} INFO - Downloaded bronze/GOOGL/1771465397.json -> D:\ADF_folder\real-time-stocks-mds\data\s3_downloads/GOOGL_1771465397.json
[2026-03-01T06:01:32.072+0000] {logging_mixin.py:188} INFO - Downloaded bronze/GOOGL/1771465430.json -> D:\ADF_folder\real-time-stocks-mds\data\s3_downloads/GOOGL_1771465430.json
[2026-03-01T06:01:32.457+0000] {logging_mixin.py:188} INFO - Downloaded bronze/GOOGL/1771465463.json -> D:\ADF_folder\real-time-stocks-mds\data\s3_downloads/GOOGL_1771465463.json
[2026-03-01T06:01:32.834+0000] {logging_mixin.py:188} INFO - Downloaded bronze/GOOGL/1771465496.json -> D:\ADF_folder\real-time-stocks-mds\data\s3_downloads/GOOGL_1771465496.json
[2026-03-01T06:01:33.219+0000] {logging_mixin.py:188} INFO - Downloaded bronze/GOOGL/1771465529.json -> D:\ADF_folder\real-time-stocks-mds\data\s3_downloads/GOOGL_1771465529.json
[2026-03-01T06:01:33.608+0000] {logging_mixin.py:188} INFO - Downloaded bronze/GOOGL/1771465562.json -> D:\ADF_folder\real-time-stocks-mds\data\s3_downloads/GOOGL_1771465562.json
[2026-03-01T06:01:33.993+0000] {logging_mixin.py:188} INFO - Downloaded bronze/GOOGL/1772074576.json -> D:\ADF_folder\real-time-stocks-mds\data\s3_downloads/GOOGL_1772074576.json
[2026-03-01T06:01:34.381+0000] {logging_mixin.py:188} INFO - Downloaded bronze/GOOGL/1772074609.json -> D:\ADF_folder\real-time-stocks-mds\data\s3_downloads/GOOGL_1772074609.json
[2026-03-01T06:01:34.773+0000] {logging_mixin.py:188} INFO - Downloaded bronze/GOOGL/1772074642.json -> D:\ADF_folder\real-time-stocks-mds\data\s3_downloads/GOOGL_1772074642.json
[2026-03-01T06:01:35.162+0000] {logging_mixin.py:188} INFO - Downloaded bronze/GOOGL/1772074676.json -> D:\ADF_folder\real-time-stocks-mds\data\s3_downloads/GOOGL_1772074676.json
[2026-03-01T06:01:35.552+0000] {logging_mixin.py:188} INFO - Downloaded bronze/GOOGL/1772074709.json -> D:\ADF_folder\real-time-stocks-mds\data\s3_downloads/GOOGL_1772074709.json
[2026-03-01T06:01:35.948+0000] {logging_mixin.py:188} INFO - Downloaded bronze/GOOGL/1772074742.json -> D:\ADF_folder\real-time-stocks-mds\data\s3_downloads/GOOGL_1772074742.json
[2026-03-01T06:01:36.341+0000] {logging_mixin.py:188} INFO - Downloaded bronze/GOOGL/1772074775.json -> D:\ADF_folder\real-time-stocks-mds\data\s3_downloads/GOOGL_1772074775.json
[2026-03-01T06:01:36.726+0000] {logging_mixin.py:188} INFO - Downloaded bronze/GOOGL/1772074808.json -> D:\ADF_folder\real-time-stocks-mds\data\s3_downloads/GOOGL_1772074808.json
[2026-03-01T06:01:37.123+0000] {logging_mixin.py:188} INFO - Downloaded bronze/GOOGL/1772074841.json -> D:\ADF_folder\real-time-stocks-mds\data\s3_downloads/GOOGL_1772074841.json
[2026-03-01T06:01:37.522+0000] {logging_mixin.py:188} INFO - Downloaded bronze/GOOGL/1772074874.json -> D:\ADF_folder\real-time-stocks-mds\data\s3_downloads/GOOGL_1772074874.json
[2026-03-01T06:01:37.924+0000] {logging_mixin.py:188} INFO - Downloaded bronze/GOOGL/1772074907.json -> D:\ADF_folder\real-time-stocks-mds\data\s3_downloads/GOOGL_1772074907.json
[2026-03-01T06:01:38.303+0000] {logging_mixin.py:188} INFO - Downloaded bronze/GOOGL/1772074940.json -> D:\ADF_folder\real-time-stocks-mds\data\s3_downloads/GOOGL_1772074940.json
[2026-03-01T06:01:38.687+0000] {logging_mixin.py:188} INFO - Downloaded bronze/GOOGL/1772074973.json -> D:\ADF_folder\real-time-stocks-mds\data\s3_downloads/GOOGL_1772074973.json
[2026-03-01T06:01:39.068+0000] {logging_mixin.py:188} INFO - Downloaded bronze/GOOGL/1772075006.json -> D:\ADF_folder\real-time-stocks-mds\data\s3_downloads/GOOGL_1772075006.json
[2026-03-01T06:01:39.450+0000] {logging_mixin.py:188} INFO - Downloaded bronze/GOOGL/1772075039.json -> D:\ADF_folder\real-time-stocks-mds\data\s3_downloads/GOOGL_1772075039.json
[2026-03-01T06:01:39.836+0000] {logging_mixin.py:188} INFO - Downloaded bronze/GOOGL/1772075072.json -> D:\ADF_folder\real-time-stocks-mds\data\s3_downloads/GOOGL_1772075072.json
[2026-03-01T06:01:40.228+0000] {logging_mixin.py:188} INFO - Downloaded bronze/GOOGL/1772075105.json -> D:\ADF_folder\real-time-stocks-mds\data\s3_downloads/GOOGL_1772075105.json
[2026-03-01T06:01:40.620+0000] {logging_mixin.py:188} INFO - Downloaded bronze/GOOGL/1772075138.json -> D:\ADF_folder\real-time-stocks-mds\data\s3_downloads/GOOGL_1772075138.json
[2026-03-01T06:01:41.011+0000] {logging_mixin.py:188} INFO - Downloaded bronze/GOOGL/1772075171.json -> D:\ADF_folder\real-time-stocks-mds\data\s3_downloads/GOOGL_1772075171.json
[2026-03-01T06:01:41.402+0000] {logging_mixin.py:188} INFO - Downloaded bronze/GOOGL/1772075204.json -> D:\ADF_folder\real-time-stocks-mds\data\s3_downloads/GOOGL_1772075204.json
[2026-03-01T06:01:41.790+0000] {logging_mixin.py:188} INFO - Downloaded bronze/GOOGL/1772075237.json -> D:\ADF_folder\real-time-stocks-mds\data\s3_downloads/GOOGL_1772075237.json
[2026-03-01T06:01:42.175+0000] {logging_mixin.py:188} INFO - Downloaded bronze/GOOGL/1772075270.json -> D:\ADF_folder\real-time-stocks-mds\data\s3_downloads/GOOGL_1772075270.json
[2026-03-01T06:01:42.561+0000] {logging_mixin.py:188} INFO - Downloaded bronze/GOOGL/1772075303.json -> D:\ADF_folder\real-time-stocks-mds\data\s3_downloads/GOOGL_1772075303.json
[2026-03-01T06:01:42.966+0000] {logging_mixin.py:188} INFO - Downloaded bronze/GOOGL/1772075336.json -> D:\ADF_folder\real-time-stocks-mds\data\s3_downloads/GOOGL_1772075336.json
[2026-03-01T06:01:43.354+0000] {logging_mixin.py:188} INFO - Downloaded bronze/GOOGL/1772075369.json -> D:\ADF_folder\real-time-stocks-mds\data\s3_downloads/GOOGL_1772075369.json
[2026-03-01T06:01:43.748+0000] {logging_mixin.py:188} INFO - Downloaded bronze/GOOGL/1772075402.json -> D:\ADF_folder\real-time-stocks-mds\data\s3_downloads/GOOGL_1772075402.json
[2026-03-01T06:01:44.140+0000] {logging_mixin.py:188} INFO - Downloaded bronze/GOOGL/1772075435.json -> D:\ADF_folder\real-time-stocks-mds\data\s3_downloads/GOOGL_1772075435.json
[2026-03-01T06:01:44.531+0000] {logging_mixin.py:188} INFO - Downloaded bronze/GOOGL/1772075468.json -> D:\ADF_folder\real-time-stocks-mds\data\s3_downloads/GOOGL_1772075468.json
[2026-03-01T06:01:44.924+0000] {logging_mixin.py:188} INFO - Downloaded bronze/GOOGL/1772075500.json -> D:\ADF_folder\real-time-stocks-mds\data\s3_downloads/GOOGL_1772075500.json
[2026-03-01T06:01:45.320+0000] {logging_mixin.py:188} INFO - Downloaded bronze/GOOGL/1772075533.json -> D:\ADF_folder\real-time-stocks-mds\data\s3_downloads/GOOGL_1772075533.json
[2026-03-01T06:01:45.715+0000] {logging_mixin.py:188} INFO - Downloaded bronze/GOOGL/1772075566.json -> D:\ADF_folder\real-time-stocks-mds\data\s3_downloads/GOOGL_1772075566.json
[2026-03-01T06:01:46.105+0000] {logging_mixin.py:188} INFO - Downloaded bronze/GOOGL/1772075600.json -> D:\ADF_folder\real-time-stocks-mds\data\s3_downloads/GOOGL_1772075600.json
[2026-03-01T06:01:46.502+0000] {logging_mixin.py:188} INFO - Downloaded bronze/GOOGL/1772075634.json -> D:\ADF_folder\real-time-stocks-mds\data\s3_downloads/GOOGL_1772075634.json
[2026-03-01T06:01:46.885+0000] {logging_mixin.py:188} INFO - Downloaded bronze/GOOGL/1772075666.json -> D:\ADF_folder\real-time-stocks-mds\data\s3_downloads/GOOGL_1772075666.json
[2026-03-01T06:01:47.276+0000] {logging_mixin.py:188} INFO - Downloaded bronze/GOOGL/1772075699.json -> D:\ADF_folder\real-time-stocks-mds\data\s3_downloads/GOOGL_1772075699.json
[2026-03-01T06:01:47.665+0000] {logging_mixin.py:188} INFO - Downloaded bronze/GOOGL/1772075732.json -> D:\ADF_folder\real-time-stocks-mds\data\s3_downloads/GOOGL_1772075732.json
[2026-03-01T06:01:48.052+0000] {logging_mixin.py:188} INFO - Downloaded bronze/GOOGL/1772075765.json -> D:\ADF_folder\real-time-stocks-mds\data\s3_downloads/GOOGL_1772075765.json
[2026-03-01T06:01:48.442+0000] {logging_mixin.py:188} INFO - Downloaded bronze/GOOGL/1772075798.json -> D:\ADF_folder\real-time-stocks-mds\data\s3_downloads/GOOGL_1772075798.json
[2026-03-01T06:01:48.831+0000] {logging_mixin.py:188} INFO - Downloaded bronze/GOOGL/1772075831.json -> D:\ADF_folder\real-time-stocks-mds\data\s3_downloads/GOOGL_1772075831.json
[2026-03-01T06:01:49.695+0000] {logging_mixin.py:188} INFO - Downloaded bronze/GOOGL/1772075864.json -> D:\ADF_folder\real-time-stocks-mds\data\s3_downloads/GOOGL_1772075864.json
[2026-03-01T06:01:50.092+0000] {logging_mixin.py:188} INFO - Downloaded bronze/GOOGL/1772075896.json -> D:\ADF_folder\real-time-stocks-mds\data\s3_downloads/GOOGL_1772075896.json
[2026-03-01T06:01:50.476+0000] {logging_mixin.py:188} INFO - Downloaded bronze/GOOGL/1772075930.json -> D:\ADF_folder\real-time-stocks-mds\data\s3_downloads/GOOGL_1772075930.json
[2026-03-01T06:01:50.873+0000] {logging_mixin.py:188} INFO - Downloaded bronze/GOOGL/1772075962.json -> D:\ADF_folder\real-time-stocks-mds\data\s3_downloads/GOOGL_1772075962.json
[2026-03-01T06:01:51.262+0000] {logging_mixin.py:188} INFO - Downloaded bronze/GOOGL/1772075995.json -> D:\ADF_folder\real-time-stocks-mds\data\s3_downloads/GOOGL_1772075995.json
[2026-03-01T06:01:51.649+0000] {logging_mixin.py:188} INFO - Downloaded bronze/GOOGL/1772076028.json -> D:\ADF_folder\real-time-stocks-mds\data\s3_downloads/GOOGL_1772076028.json
[2026-03-01T06:01:52.034+0000] {logging_mixin.py:188} INFO - Downloaded bronze/GOOGL/1772076062.json -> D:\ADF_folder\real-time-stocks-mds\data\s3_downloads/GOOGL_1772076062.json
[2026-03-01T06:01:52.414+0000] {logging_mixin.py:188} INFO - Downloaded bronze/GOOGL/1772076094.json -> D:\ADF_folder\real-time-stocks-mds\data\s3_downloads/GOOGL_1772076094.json
[2026-03-01T06:01:52.807+0000] {logging_mixin.py:188} INFO - Downloaded bronze/GOOGL/1772076127.json -> D:\ADF_folder\real-time-stocks-mds\data\s3_downloads/GOOGL_1772076127.json
[2026-03-01T06:01:53.190+0000] {logging_mixin.py:188} INFO - Downloaded bronze/GOOGL/1772076160.json -> D:\ADF_folder\real-time-stocks-mds\data\s3_downloads/GOOGL_1772076160.json
[2026-03-01T06:01:53.586+0000] {logging_mixin.py:188} INFO - Downloaded bronze/GOOGL/1772076193.json -> D:\ADF_folder\real-time-stocks-mds\data\s3_downloads/GOOGL_1772076193.json
[2026-03-01T06:01:53.975+0000] {logging_mixin.py:188} INFO - Downloaded bronze/GOOGL/1772076226.json -> D:\ADF_folder\real-time-stocks-mds\data\s3_downloads/GOOGL_1772076226.json
[2026-03-01T06:01:54.370+0000] {logging_mixin.py:188} INFO - Downloaded bronze/GOOGL/1772076259.json -> D:\ADF_folder\real-time-stocks-mds\data\s3_downloads/GOOGL_1772076259.json
[2026-03-01T06:01:54.758+0000] {logging_mixin.py:188} INFO - Downloaded bronze/GOOGL/1772076292.json -> D:\ADF_folder\real-time-stocks-mds\data\s3_downloads/GOOGL_1772076292.json
[2026-03-01T06:01:55.145+0000] {logging_mixin.py:188} INFO - Downloaded bronze/GOOGL/1772076325.json -> D:\ADF_folder\real-time-stocks-mds\data\s3_downloads/GOOGL_1772076325.json
[2026-03-01T06:01:55.533+0000] {logging_mixin.py:188} INFO - Downloaded bronze/GOOGL/1772076357.json -> D:\ADF_folder\real-time-stocks-mds\data\s3_downloads/GOOGL_1772076357.json
[2026-03-01T06:01:55.922+0000] {logging_mixin.py:188} INFO - Downloaded bronze/GOOGL/1772076390.json -> D:\ADF_folder\real-time-stocks-mds\data\s3_downloads/GOOGL_1772076390.json
[2026-03-01T06:01:56.310+0000] {logging_mixin.py:188} INFO - Downloaded bronze/GOOGL/1772076423.json -> D:\ADF_folder\real-time-stocks-mds\data\s3_downloads/GOOGL_1772076423.json
[2026-03-01T06:01:56.701+0000] {logging_mixin.py:188} INFO - Downloaded bronze/GOOGL/1772076457.json -> D:\ADF_folder\real-time-stocks-mds\data\s3_downloads/GOOGL_1772076457.json
[2026-03-01T06:01:57.088+0000] {logging_mixin.py:188} INFO - Downloaded bronze/GOOGL/1772076490.json -> D:\ADF_folder\real-time-stocks-mds\data\s3_downloads/GOOGL_1772076490.json
[2026-03-01T06:01:57.480+0000] {logging_mixin.py:188} INFO - Downloaded bronze/GOOGL/1772076523.json -> D:\ADF_folder\real-time-stocks-mds\data\s3_downloads/GOOGL_1772076523.json
[2026-03-01T06:01:57.870+0000] {logging_mixin.py:188} INFO - Downloaded bronze/GOOGL/1772076556.json -> D:\ADF_folder\real-time-stocks-mds\data\s3_downloads/GOOGL_1772076556.json
[2026-03-01T06:01:58.250+0000] {logging_mixin.py:188} INFO - Downloaded bronze/GOOGL/1772076589.json -> D:\ADF_folder\real-time-stocks-mds\data\s3_downloads/GOOGL_1772076589.json
[2026-03-01T06:01:58.641+0000] {logging_mixin.py:188} INFO - Downloaded bronze/GOOGL/1772076622.json -> D:\ADF_folder\real-time-stocks-mds\data\s3_downloads/GOOGL_1772076622.json
[2026-03-01T06:01:59.028+0000] {logging_mixin.py:188} INFO - Downloaded bronze/GOOGL/1772076655.json -> D:\ADF_folder\real-time-stocks-mds\data\s3_downloads/GOOGL_1772076655.json
[2026-03-01T06:01:59.419+0000] {logging_mixin.py:188} INFO - Downloaded bronze/GOOGL/1772076687.json -> D:\ADF_folder\real-time-stocks-mds\data\s3_downloads/GOOGL_1772076687.json
[2026-03-01T06:01:59.805+0000] {logging_mixin.py:188} INFO - Downloaded bronze/GOOGL/1772076720.json -> D:\ADF_folder\real-time-stocks-mds\data\s3_downloads/GOOGL_1772076720.json
[2026-03-01T06:02:00.199+0000] {logging_mixin.py:188} INFO - Downloaded bronze/GOOGL/1772076754.json -> D:\ADF_folder\real-time-stocks-mds\data\s3_downloads/GOOGL_1772076754.json
[2026-03-01T06:02:00.586+0000] {logging_mixin.py:188} INFO - Downloaded bronze/GOOGL/1772076787.json -> D:\ADF_folder\real-time-stocks-mds\data\s3_downloads/GOOGL_1772076787.json
[2026-03-01T06:02:00.969+0000] {logging_mixin.py:188} INFO - Downloaded bronze/GOOGL/1772076820.json -> D:\ADF_folder\real-time-stocks-mds\data\s3_downloads/GOOGL_1772076820.json
[2026-03-01T06:02:01.355+0000] {logging_mixin.py:188} INFO - Downloaded bronze/GOOGL/1772076853.json -> D:\ADF_folder\real-time-stocks-mds\data\s3_downloads/GOOGL_1772076853.json
[2026-03-01T06:02:00.328+0000] {logging_mixin.py:188} INFO - Downloaded bronze/GOOGL/1772076886.json -> D:\ADF_folder\real-time-stocks-mds\data\s3_downloads/GOOGL_1772076886.json
[2026-03-01T06:02:00.706+0000] {logging_mixin.py:188} INFO - Downloaded bronze/GOOGL/1772076919.json -> D:\ADF_folder\real-time-stocks-mds\data\s3_downloads/GOOGL_1772076919.json
[2026-03-01T06:02:01.093+0000] {logging_mixin.py:188} INFO - Downloaded bronze/GOOGL/1772076952.json -> D:\ADF_folder\real-time-stocks-mds\data\s3_downloads/GOOGL_1772076952.json
[2026-03-01T06:02:01.487+0000] {logging_mixin.py:188} INFO - Downloaded bronze/GOOGL/1772076985.json -> D:\ADF_folder\real-time-stocks-mds\data\s3_downloads/GOOGL_1772076985.json
[2026-03-01T06:02:01.878+0000] {logging_mixin.py:188} INFO - Downloaded bronze/GOOGL/1772077018.json -> D:\ADF_folder\real-time-stocks-mds\data\s3_downloads/GOOGL_1772077018.json
[2026-03-01T06:02:02.269+0000] {logging_mixin.py:188} INFO - Downloaded bronze/GOOGL/1772077051.json -> D:\ADF_folder\real-time-stocks-mds\data\s3_downloads/GOOGL_1772077051.json
[2026-03-01T06:02:02.663+0000] {logging_mixin.py:188} INFO - Downloaded bronze/GOOGL/1772077084.json -> D:\ADF_folder\real-time-stocks-mds\data\s3_downloads/GOOGL_1772077084.json
[2026-03-01T06:02:03.061+0000] {logging_mixin.py:188} INFO - Downloaded bronze/GOOGL/1772077117.json -> D:\ADF_folder\real-time-stocks-mds\data\s3_downloads/GOOGL_1772077117.json
[2026-03-01T06:02:03.455+0000] {logging_mixin.py:188} INFO - Downloaded bronze/GOOGL/1772077150.json -> D:\ADF_folder\real-time-stocks-mds\data\s3_downloads/GOOGL_1772077150.json
[2026-03-01T06:02:03.846+0000] {logging_mixin.py:188} INFO - Downloaded bronze/GOOGL/1772077183.json -> D:\ADF_folder\real-time-stocks-mds\data\s3_downloads/GOOGL_1772077183.json
[2026-03-01T06:02:04.244+0000] {logging_mixin.py:188} INFO - Downloaded bronze/GOOGL/1772077216.json -> D:\ADF_folder\real-time-stocks-mds\data\s3_downloads/GOOGL_1772077216.json
[2026-03-01T06:02:04.628+0000] {logging_mixin.py:188} INFO - Downloaded bronze/GOOGL/1772077249.json -> D:\ADF_folder\real-time-stocks-mds\data\s3_downloads/GOOGL_1772077249.json
[2026-03-01T06:02:05.018+0000] {logging_mixin.py:188} INFO - Downloaded bronze/GOOGL/1772077282.json -> D:\ADF_folder\real-time-stocks-mds\data\s3_downloads/GOOGL_1772077282.json
[2026-03-01T06:02:05.404+0000] {logging_mixin.py:188} INFO - Downloaded bronze/GOOGL/1772077315.json -> D:\ADF_folder\real-time-stocks-mds\data\s3_downloads/GOOGL_1772077315.json
[2026-03-01T06:02:05.790+0000] {logging_mixin.py:188} INFO - Downloaded bronze/GOOGL/1772077349.json -> D:\ADF_folder\real-time-stocks-mds\data\s3_downloads/GOOGL_1772077349.json
[2026-03-01T06:02:06.180+0000] {logging_mixin.py:188} INFO - Downloaded bronze/GOOGL/1772077382.json -> D:\ADF_folder\real-time-stocks-mds\data\s3_downloads/GOOGL_1772077382.json
[2026-03-01T06:02:06.587+0000] {logging_mixin.py:188} INFO - Downloaded bronze/GOOGL/1772077415.json -> D:\ADF_folder\real-time-stocks-mds\data\s3_downloads/GOOGL_1772077415.json
[2026-03-01T06:02:06.976+0000] {logging_mixin.py:188} INFO - Downloaded bronze/GOOGL/1772077448.json -> D:\ADF_folder\real-time-stocks-mds\data\s3_downloads/GOOGL_1772077448.json
[2026-03-01T06:02:07.360+0000] {logging_mixin.py:188} INFO - Downloaded bronze/GOOGL/1772077481.json -> D:\ADF_folder\real-time-stocks-mds\data\s3_downloads/GOOGL_1772077481.json
[2026-03-01T06:02:08.177+0000] {logging_mixin.py:188} INFO - Downloaded bronze/GOOGL/1772077513.json -> D:\ADF_folder\real-time-stocks-mds\data\s3_downloads/GOOGL_1772077513.json
[2026-03-01T06:02:08.563+0000] {logging_mixin.py:188} INFO - Downloaded bronze/GOOGL/1772077546.json -> D:\ADF_folder\real-time-stocks-mds\data\s3_downloads/GOOGL_1772077546.json
[2026-03-01T06:02:08.944+0000] {logging_mixin.py:188} INFO - Downloaded bronze/GOOGL/1772077579.json -> D:\ADF_folder\real-time-stocks-mds\data\s3_downloads/GOOGL_1772077579.json
[2026-03-01T06:02:09.325+0000] {logging_mixin.py:188} INFO - Downloaded bronze/GOOGL/1772077612.json -> D:\ADF_folder\real-time-stocks-mds\data\s3_downloads/GOOGL_1772077612.json
[2026-03-01T06:02:09.705+0000] {logging_mixin.py:188} INFO - Downloaded bronze/GOOGL/1772077645.json -> D:\ADF_folder\real-time-stocks-mds\data\s3_downloads/GOOGL_1772077645.json
[2026-03-01T06:02:10.095+0000] {logging_mixin.py:188} INFO - Downloaded bronze/GOOGL/1772077678.json -> D:\ADF_folder\real-time-stocks-mds\data\s3_downloads/GOOGL_1772077678.json
[2026-03-01T06:02:10.476+0000] {logging_mixin.py:188} INFO - Downloaded bronze/GOOGL/1772077711.json -> D:\ADF_folder\real-time-stocks-mds\data\s3_downloads/GOOGL_1772077711.json
[2026-03-01T06:02:10.866+0000] {logging_mixin.py:188} INFO - Downloaded bronze/GOOGL/1772077744.json -> D:\ADF_folder\real-time-stocks-mds\data\s3_downloads/GOOGL_1772077744.json
[2026-03-01T06:02:11.251+0000] {logging_mixin.py:188} INFO - Downloaded bronze/GOOGL/1772077777.json -> D:\ADF_folder\real-time-stocks-mds\data\s3_downloads/GOOGL_1772077777.json
[2026-03-01T06:02:11.637+0000] {logging_mixin.py:188} INFO - Downloaded bronze/GOOGL/1772077810.json -> D:\ADF_folder\real-time-stocks-mds\data\s3_downloads/GOOGL_1772077810.json
[2026-03-01T06:02:12.023+0000] {logging_mixin.py:188} INFO - Downloaded bronze/GOOGL/1772077842.json -> D:\ADF_folder\real-time-stocks-mds\data\s3_downloads/GOOGL_1772077842.json
[2026-03-01T06:02:12.414+0000] {logging_mixin.py:188} INFO - Downloaded bronze/GOOGL/1772077875.json -> D:\ADF_folder\real-time-stocks-mds\data\s3_downloads/GOOGL_1772077875.json
[2026-03-01T06:02:12.800+0000] {logging_mixin.py:188} INFO - Downloaded bronze/GOOGL/1772077908.json -> D:\ADF_folder\real-time-stocks-mds\data\s3_downloads/GOOGL_1772077908.json
[2026-03-01T06:02:13.184+0000] {logging_mixin.py:188} INFO - Downloaded bronze/GOOGL/1772077941.json -> D:\ADF_folder\real-time-stocks-mds\data\s3_downloads/GOOGL_1772077941.json
[2026-03-01T06:02:13.574+0000] {logging_mixin.py:188} INFO - Downloaded bronze/GOOGL/1772077974.json -> D:\ADF_folder\real-time-stocks-mds\data\s3_downloads/GOOGL_1772077974.json
[2026-03-01T06:02:13.959+0000] {logging_mixin.py:188} INFO - Downloaded bronze/GOOGL/1772078006.json -> D:\ADF_folder\real-time-stocks-mds\data\s3_downloads/GOOGL_1772078006.json
[2026-03-01T06:02:14.344+0000] {logging_mixin.py:188} INFO - Downloaded bronze/GOOGL/1772078039.json -> D:\ADF_folder\real-time-stocks-mds\data\s3_downloads/GOOGL_1772078039.json
[2026-03-01T06:02:14.733+0000] {logging_mixin.py:188} INFO - Downloaded bronze/GOOGL/1772078072.json -> D:\ADF_folder\real-time-stocks-mds\data\s3_downloads/GOOGL_1772078072.json
[2026-03-01T06:02:15.119+0000] {logging_mixin.py:188} INFO - Downloaded bronze/GOOGL/1772078105.json -> D:\ADF_folder\real-time-stocks-mds\data\s3_downloads/GOOGL_1772078105.json
[2026-03-01T06:02:15.505+0000] {logging_mixin.py:188} INFO - Downloaded bronze/GOOGL/1772078138.json -> D:\ADF_folder\real-time-stocks-mds\data\s3_downloads/GOOGL_1772078138.json
[2026-03-01T06:02:15.891+0000] {logging_mixin.py:188} INFO - Downloaded bronze/GOOGL/1772078171.json -> D:\ADF_folder\real-time-stocks-mds\data\s3_downloads/GOOGL_1772078171.json
[2026-03-01T06:02:16.276+0000] {logging_mixin.py:188} INFO - Downloaded bronze/GOOGL/1772078204.json -> D:\ADF_folder\real-time-stocks-mds\data\s3_downloads/GOOGL_1772078204.json
[2026-03-01T06:02:16.662+0000] {logging_mixin.py:188} INFO - Downloaded bronze/GOOGL/1772078237.json -> D:\ADF_folder\real-time-stocks-mds\data\s3_downloads/GOOGL_1772078237.json
[2026-03-01T06:02:17.056+0000] {logging_mixin.py:188} INFO - Downloaded bronze/GOOGL/1772078270.json -> D:\ADF_folder\real-time-stocks-mds\data\s3_downloads/GOOGL_1772078270.json
[2026-03-01T06:02:17.438+0000] {logging_mixin.py:188} INFO - Downloaded bronze/GOOGL/1772078303.json -> D:\ADF_folder\real-time-stocks-mds\data\s3_downloads/GOOGL_1772078303.json
[2026-03-01T06:02:17.824+0000] {logging_mixin.py:188} INFO - Downloaded bronze/GOOGL/1772078336.json -> D:\ADF_folder\real-time-stocks-mds\data\s3_downloads/GOOGL_1772078336.json
[2026-03-01T06:02:18.200+0000] {logging_mixin.py:188} INFO - Downloaded bronze/GOOGL/1772078369.json -> D:\ADF_folder\real-time-stocks-mds\data\s3_downloads/GOOGL_1772078369.json
[2026-03-01T06:02:18.586+0000] {logging_mixin.py:188} INFO - Downloaded bronze/GOOGL/1772078402.json -> D:\ADF_folder\real-time-stocks-mds\data\s3_downloads/GOOGL_1772078402.json
[2026-03-01T06:02:18.978+0000] {logging_mixin.py:188} INFO - Downloaded bronze/GOOGL/1772078435.json -> D:\ADF_folder\real-time-stocks-mds\data\s3_downloads/GOOGL_1772078435.json
[2026-03-01T06:02:19.359+0000] {logging_mixin.py:188} INFO - Downloaded bronze/GOOGL/1772078468.json -> D:\ADF_folder\real-time-stocks-mds\data\s3_downloads/GOOGL_1772078468.json
[2026-03-01T06:02:19.750+0000] {logging_mixin.py:188} INFO - Downloaded bronze/GOOGL/1772078502.json -> D:\ADF_folder\real-time-stocks-mds\data\s3_downloads/GOOGL_1772078502.json
[2026-03-01T06:02:20.137+0000] {logging_mixin.py:188} INFO - Downloaded bronze/GOOGL/1772078535.json -> D:\ADF_folder\real-time-stocks-mds\data\s3_downloads/GOOGL_1772078535.json
[2026-03-01T06:02:20.532+0000] {logging_mixin.py:188} INFO - Downloaded bronze/GOOGL/1772078568.json -> D:\ADF_folder\real-time-stocks-mds\data\s3_downloads/GOOGL_1772078568.json
[2026-03-01T06:02:20.922+0000] {logging_mixin.py:188} INFO - Downloaded bronze/GOOGL/1772078601.json -> D:\ADF_folder\real-time-stocks-mds\data\s3_downloads/GOOGL_1772078601.json
[2026-03-01T06:02:21.299+0000] {logging_mixin.py:188} INFO - Downloaded bronze/GOOGL/1772078635.json -> D:\ADF_folder\real-time-stocks-mds\data\s3_downloads/GOOGL_1772078635.json
[2026-03-01T06:02:21.680+0000] {logging_mixin.py:188} INFO - Downloaded bronze/GOOGL/1772078667.json -> D:\ADF_folder\real-time-stocks-mds\data\s3_downloads/GOOGL_1772078667.json
[2026-03-01T06:02:22.063+0000] {logging_mixin.py:188} INFO - Downloaded bronze/GOOGL/1772078700.json -> D:\ADF_folder\real-time-stocks-mds\data\s3_downloads/GOOGL_1772078700.json
[2026-03-01T06:02:22.449+0000] {logging_mixin.py:188} INFO - Downloaded bronze/GOOGL/1772078733.json -> D:\ADF_folder\real-time-stocks-mds\data\s3_downloads/GOOGL_1772078733.json
[2026-03-01T06:02:22.831+0000] {logging_mixin.py:188} INFO - Downloaded bronze/GOOGL/1772078766.json -> D:\ADF_folder\real-time-stocks-mds\data\s3_downloads/GOOGL_1772078766.json
[2026-03-01T06:02:23.215+0000] {logging_mixin.py:188} INFO - Downloaded bronze/GOOGL/1772078799.json -> D:\ADF_folder\real-time-stocks-mds\data\s3_downloads/GOOGL_1772078799.json
[2026-03-01T06:02:23.598+0000] {logging_mixin.py:188} INFO - Downloaded bronze/GOOGL/1772078832.json -> D:\ADF_folder\real-time-stocks-mds\data\s3_downloads/GOOGL_1772078832.json
[2026-03-01T06:02:23.983+0000] {logging_mixin.py:188} INFO - Downloaded bronze/GOOGL/1772078865.json -> D:\ADF_folder\real-time-stocks-mds\data\s3_downloads/GOOGL_1772078865.json
[2026-03-01T06:02:24.378+0000] {logging_mixin.py:188} INFO - Downloaded bronze/GOOGL/1772078898.json -> D:\ADF_folder\real-time-stocks-mds\data\s3_downloads/GOOGL_1772078898.json
[2026-03-01T06:02:24.771+0000] {logging_mixin.py:188} INFO - Downloaded bronze/GOOGL/1772078931.json -> D:\ADF_folder\real-time-stocks-mds\data\s3_downloads/GOOGL_1772078931.json
[2026-03-01T06:02:25.154+0000] {logging_mixin.py:188} INFO - Downloaded bronze/GOOGL/1772078964.json -> D:\ADF_folder\real-time-stocks-mds\data\s3_downloads/GOOGL_1772078964.json
[2026-03-01T06:02:25.531+0000] {logging_mixin.py:188} INFO - Downloaded bronze/GOOGL/1772078997.json -> D:\ADF_folder\real-time-stocks-mds\data\s3_downloads/GOOGL_1772078997.json
[2026-03-01T06:02:25.917+0000] {logging_mixin.py:188} INFO - Downloaded bronze/GOOGL/1772079030.json -> D:\ADF_folder\real-time-stocks-mds\data\s3_downloads/GOOGL_1772079030.json
[2026-03-01T06:02:26.299+0000] {logging_mixin.py:188} INFO - Downloaded bronze/GOOGL/1772079064.json -> D:\ADF_folder\real-time-stocks-mds\data\s3_downloads/GOOGL_1772079064.json
[2026-03-01T06:02:26.684+0000] {logging_mixin.py:188} INFO - Downloaded bronze/GOOGL/1772079097.json -> D:\ADF_folder\real-time-stocks-mds\data\s3_downloads/GOOGL_1772079097.json
[2026-03-01T06:02:27.089+0000] {logging_mixin.py:188} INFO - Downloaded bronze/GOOGL/1772079130.json -> D:\ADF_folder\real-time-stocks-mds\data\s3_downloads/GOOGL_1772079130.json
[2026-03-01T06:02:27.867+0000] {logging_mixin.py:188} INFO - Downloaded bronze/GOOGL/1772079163.json -> D:\ADF_folder\real-time-stocks-mds\data\s3_downloads/GOOGL_1772079163.json
[2026-03-01T06:02:28.245+0000] {logging_mixin.py:188} INFO - Downloaded bronze/GOOGL/1772079196.json -> D:\ADF_folder\real-time-stocks-mds\data\s3_downloads/GOOGL_1772079196.json
[2026-03-01T06:02:28.621+0000] {logging_mixin.py:188} INFO - Downloaded bronze/GOOGL/1772079229.json -> D:\ADF_folder\real-time-stocks-mds\data\s3_downloads/GOOGL_1772079229.json
[2026-03-01T06:02:29.011+0000] {logging_mixin.py:188} INFO - Downloaded bronze/GOOGL/1772079262.json -> D:\ADF_folder\real-time-stocks-mds\data\s3_downloads/GOOGL_1772079262.json
[2026-03-01T06:02:29.393+0000] {logging_mixin.py:188} INFO - Downloaded bronze/GOOGL/1772079295.json -> D:\ADF_folder\real-time-stocks-mds\data\s3_downloads/GOOGL_1772079295.json
[2026-03-01T06:02:29.395+0000] {logging_mixin.py:188} INFO - 
Processing prefix: bronze/AMZN/
[2026-03-01T06:02:29.568+0000] {logging_mixin.py:188} INFO - Downloaded bronze/AMZN/1771463619.json -> D:\ADF_folder\real-time-stocks-mds\data\s3_downloads/AMZN_1771463619.json
[2026-03-01T06:02:29.133+0000] {logging_mixin.py:188} INFO - Downloaded bronze/AMZN/1771463651.json -> D:\ADF_folder\real-time-stocks-mds\data\s3_downloads/AMZN_1771463651.json
[2026-03-01T06:02:29.629+0000] {logging_mixin.py:188} INFO - Downloaded bronze/AMZN/1771463684.json -> D:\ADF_folder\real-time-stocks-mds\data\s3_downloads/AMZN_1771463684.json
[2026-03-01T06:02:30.036+0000] {logging_mixin.py:188} INFO - Downloaded bronze/AMZN/1771463718.json -> D:\ADF_folder\real-time-stocks-mds\data\s3_downloads/AMZN_1771463718.json
[2026-03-01T06:02:30.483+0000] {logging_mixin.py:188} INFO - Downloaded bronze/AMZN/1771463750.json -> D:\ADF_folder\real-time-stocks-mds\data\s3_downloads/AMZN_1771463750.json
[2026-03-01T06:02:30.862+0000] {logging_mixin.py:188} INFO - Downloaded bronze/AMZN/1771463783.json -> D:\ADF_folder\real-time-stocks-mds\data\s3_downloads/AMZN_1771463783.json
[2026-03-01T06:02:31.271+0000] {logging_mixin.py:188} INFO - Downloaded bronze/AMZN/1771463816.json -> D:\ADF_folder\real-time-stocks-mds\data\s3_downloads/AMZN_1771463816.json
[2026-03-01T06:02:31.716+0000] {logging_mixin.py:188} INFO - Downloaded bronze/AMZN/1771463849.json -> D:\ADF_folder\real-time-stocks-mds\data\s3_downloads/AMZN_1771463849.json
[2026-03-01T06:02:32.141+0000] {logging_mixin.py:188} INFO - Downloaded bronze/AMZN/1771463882.json -> D:\ADF_folder\real-time-stocks-mds\data\s3_downloads/AMZN_1771463882.json
[2026-03-01T06:02:32.560+0000] {logging_mixin.py:188} INFO - Downloaded bronze/AMZN/1771463916.json -> D:\ADF_folder\real-time-stocks-mds\data\s3_downloads/AMZN_1771463916.json
[2026-03-01T06:02:32.984+0000] {logging_mixin.py:188} INFO - Downloaded bronze/AMZN/1771463949.json -> D:\ADF_folder\real-time-stocks-mds\data\s3_downloads/AMZN_1771463949.json
[2026-03-01T06:02:33.400+0000] {logging_mixin.py:188} INFO - Downloaded bronze/AMZN/1771463982.json -> D:\ADF_folder\real-time-stocks-mds\data\s3_downloads/AMZN_1771463982.json
[2026-03-01T06:02:33.799+0000] {logging_mixin.py:188} INFO - Downloaded bronze/AMZN/1771464015.json -> D:\ADF_folder\real-time-stocks-mds\data\s3_downloads/AMZN_1771464015.json
[2026-03-01T06:02:34.186+0000] {logging_mixin.py:188} INFO - Downloaded bronze/AMZN/1771464048.json -> D:\ADF_folder\real-time-stocks-mds\data\s3_downloads/AMZN_1771464048.json
[2026-03-01T06:02:34.572+0000] {logging_mixin.py:188} INFO - Downloaded bronze/AMZN/1771464082.json -> D:\ADF_folder\real-time-stocks-mds\data\s3_downloads/AMZN_1771464082.json
[2026-03-01T06:02:34.951+0000] {logging_mixin.py:188} INFO - Downloaded bronze/AMZN/1771464115.json -> D:\ADF_folder\real-time-stocks-mds\data\s3_downloads/AMZN_1771464115.json
[2026-03-01T06:02:35.337+0000] {logging_mixin.py:188} INFO - Downloaded bronze/AMZN/1771464148.json -> D:\ADF_folder\real-time-stocks-mds\data\s3_downloads/AMZN_1771464148.json
[2026-03-01T06:02:35.721+0000] {logging_mixin.py:188} INFO - Downloaded bronze/AMZN/1771464181.json -> D:\ADF_folder\real-time-stocks-mds\data\s3_downloads/AMZN_1771464181.json
[2026-03-01T06:02:36.110+0000] {logging_mixin.py:188} INFO - Downloaded bronze/AMZN/1771464213.json -> D:\ADF_folder\real-time-stocks-mds\data\s3_downloads/AMZN_1771464213.json
[2026-03-01T06:02:36.494+0000] {logging_mixin.py:188} INFO - Downloaded bronze/AMZN/1771464247.json -> D:\ADF_folder\real-time-stocks-mds\data\s3_downloads/AMZN_1771464247.json
[2026-03-01T06:02:36.879+0000] {logging_mixin.py:188} INFO - Downloaded bronze/AMZN/1771464280.json -> D:\ADF_folder\real-time-stocks-mds\data\s3_downloads/AMZN_1771464280.json
[2026-03-01T06:02:37.259+0000] {logging_mixin.py:188} INFO - Downloaded bronze/AMZN/1771464313.json -> D:\ADF_folder\real-time-stocks-mds\data\s3_downloads/AMZN_1771464313.json
[2026-03-01T06:02:37.638+0000] {logging_mixin.py:188} INFO - Downloaded bronze/AMZN/1771465245.json -> D:\ADF_folder\real-time-stocks-mds\data\s3_downloads/AMZN_1771465245.json
[2026-03-01T06:02:38.020+0000] {logging_mixin.py:188} INFO - Downloaded bronze/AMZN/1771465279.json -> D:\ADF_folder\real-time-stocks-mds\data\s3_downloads/AMZN_1771465279.json
[2026-03-01T06:02:38.401+0000] {logging_mixin.py:188} INFO - Downloaded bronze/AMZN/1771465312.json -> D:\ADF_folder\real-time-stocks-mds\data\s3_downloads/AMZN_1771465312.json
[2026-03-01T06:02:38.794+0000] {logging_mixin.py:188} INFO - Downloaded bronze/AMZN/1771465344.json -> D:\ADF_folder\real-time-stocks-mds\data\s3_downloads/AMZN_1771465344.json
[2026-03-01T06:02:39.184+0000] {logging_mixin.py:188} INFO - Downloaded bronze/AMZN/1771465378.json -> D:\ADF_folder\real-time-stocks-mds\data\s3_downloads/AMZN_1771465378.json
[2026-03-01T06:02:39.598+0000] {logging_mixin.py:188} INFO - Downloaded bronze/AMZN/1771465411.json -> D:\ADF_folder\real-time-stocks-mds\data\s3_downloads/AMZN_1771465411.json
[2026-03-01T06:02:39.987+0000] {logging_mixin.py:188} INFO - Downloaded bronze/AMZN/1771465443.json -> D:\ADF_folder\real-time-stocks-mds\data\s3_downloads/AMZN_1771465443.json
[2026-03-01T06:02:40.373+0000] {logging_mixin.py:188} INFO - Downloaded bronze/AMZN/1771465477.json -> D:\ADF_folder\real-time-stocks-mds\data\s3_downloads/AMZN_1771465477.json
[2026-03-01T06:02:40.753+0000] {logging_mixin.py:188} INFO - Downloaded bronze/AMZN/1771465510.json -> D:\ADF_folder\real-time-stocks-mds\data\s3_downloads/AMZN_1771465510.json
[2026-03-01T06:02:41.142+0000] {logging_mixin.py:188} INFO - Downloaded bronze/AMZN/1771465543.json -> D:\ADF_folder\real-time-stocks-mds\data\s3_downloads/AMZN_1771465543.json
[2026-03-01T06:02:41.522+0000] {logging_mixin.py:188} INFO - Downloaded bronze/AMZN/1771465576.json -> D:\ADF_folder\real-time-stocks-mds\data\s3_downloads/AMZN_1771465576.json
[2026-03-01T06:02:41.901+0000] {logging_mixin.py:188} INFO - Downloaded bronze/AMZN/1772074557.json -> D:\ADF_folder\real-time-stocks-mds\data\s3_downloads/AMZN_1772074557.json
[2026-03-01T06:02:42.286+0000] {logging_mixin.py:188} INFO - Downloaded bronze/AMZN/1772074590.json -> D:\ADF_folder\real-time-stocks-mds\data\s3_downloads/AMZN_1772074590.json
[2026-03-01T06:02:42.669+0000] {logging_mixin.py:188} INFO - Downloaded bronze/AMZN/1772074622.json -> D:\ADF_folder\real-time-stocks-mds\data\s3_downloads/AMZN_1772074622.json
[2026-03-01T06:02:43.045+0000] {logging_mixin.py:188} INFO - Downloaded bronze/AMZN/1772074655.json -> D:\ADF_folder\real-time-stocks-mds\data\s3_downloads/AMZN_1772074655.json
[2026-03-01T06:02:43.425+0000] {logging_mixin.py:188} INFO - Downloaded bronze/AMZN/1772074689.json -> D:\ADF_folder\real-time-stocks-mds\data\s3_downloads/AMZN_1772074689.json
[2026-03-01T06:02:43.812+0000] {logging_mixin.py:188} INFO - Downloaded bronze/AMZN/1772074722.json -> D:\ADF_folder\real-time-stocks-mds\data\s3_downloads/AMZN_1772074722.json
[2026-03-01T06:02:44.198+0000] {logging_mixin.py:188} INFO - Downloaded bronze/AMZN/1772074755.json -> D:\ADF_folder\real-time-stocks-mds\data\s3_downloads/AMZN_1772074755.json
[2026-03-01T06:02:44.586+0000] {logging_mixin.py:188} INFO - Downloaded bronze/AMZN/1772074788.json -> D:\ADF_folder\real-time-stocks-mds\data\s3_downloads/AMZN_1772074788.json
[2026-03-01T06:02:44.973+0000] {logging_mixin.py:188} INFO - Downloaded bronze/AMZN/1772074822.json -> D:\ADF_folder\real-time-stocks-mds\data\s3_downloads/AMZN_1772074822.json
[2026-03-01T06:02:45.353+0000] {logging_mixin.py:188} INFO - Downloaded bronze/AMZN/1772074855.json -> D:\ADF_folder\real-time-stocks-mds\data\s3_downloads/AMZN_1772074855.json
[2026-03-01T06:02:45.737+0000] {logging_mixin.py:188} INFO - Downloaded bronze/AMZN/1772074887.json -> D:\ADF_folder\real-time-stocks-mds\data\s3_downloads/AMZN_1772074887.json
[2026-03-01T06:02:46.584+0000] {logging_mixin.py:188} INFO - Downloaded bronze/AMZN/1772074921.json -> D:\ADF_folder\real-time-stocks-mds\data\s3_downloads/AMZN_1772074921.json
[2026-03-01T06:02:46.981+0000] {logging_mixin.py:188} INFO - Downloaded bronze/AMZN/1772074954.json -> D:\ADF_folder\real-time-stocks-mds\data\s3_downloads/AMZN_1772074954.json
[2026-03-01T06:02:47.370+0000] {logging_mixin.py:188} INFO - Downloaded bronze/AMZN/1772074986.json -> D:\ADF_folder\real-time-stocks-mds\data\s3_downloads/AMZN_1772074986.json
[2026-03-01T06:02:47.766+0000] {logging_mixin.py:188} INFO - Downloaded bronze/AMZN/1772075020.json -> D:\ADF_folder\real-time-stocks-mds\data\s3_downloads/AMZN_1772075020.json
[2026-03-01T06:02:48.145+0000] {logging_mixin.py:188} INFO - Downloaded bronze/AMZN/1772075052.json -> D:\ADF_folder\real-time-stocks-mds\data\s3_downloads/AMZN_1772075052.json
[2026-03-01T06:02:48.536+0000] {logging_mixin.py:188} INFO - Downloaded bronze/AMZN/1772075086.json -> D:\ADF_folder\real-time-stocks-mds\data\s3_downloads/AMZN_1772075086.json
[2026-03-01T06:02:48.932+0000] {logging_mixin.py:188} INFO - Downloaded bronze/AMZN/1772075119.json -> D:\ADF_folder\real-time-stocks-mds\data\s3_downloads/AMZN_1772075119.json
[2026-03-01T06:02:49.316+0000] {logging_mixin.py:188} INFO - Downloaded bronze/AMZN/1772075152.json -> D:\ADF_folder\real-time-stocks-mds\data\s3_downloads/AMZN_1772075152.json
[2026-03-01T06:02:49.702+0000] {logging_mixin.py:188} INFO - Downloaded bronze/AMZN/1772075184.json -> D:\ADF_folder\real-time-stocks-mds\data\s3_downloads/AMZN_1772075184.json
[2026-03-01T06:02:50.088+0000] {logging_mixin.py:188} INFO - Downloaded bronze/AMZN/1772075217.json -> D:\ADF_folder\real-time-stocks-mds\data\s3_downloads/AMZN_1772075217.json
[2026-03-01T06:02:50.477+0000] {logging_mixin.py:188} INFO - Downloaded bronze/AMZN/1772075250.json -> D:\ADF_folder\real-time-stocks-mds\data\s3_downloads/AMZN_1772075250.json
[2026-03-01T06:02:50.867+0000] {logging_mixin.py:188} INFO - Downloaded bronze/AMZN/1772075283.json -> D:\ADF_folder\real-time-stocks-mds\data\s3_downloads/AMZN_1772075283.json
[2026-03-01T06:02:51.249+0000] {logging_mixin.py:188} INFO - Downloaded bronze/AMZN/1772075316.json -> D:\ADF_folder\real-time-stocks-mds\data\s3_downloads/AMZN_1772075316.json
[2026-03-01T06:02:51.636+0000] {logging_mixin.py:188} INFO - Downloaded bronze/AMZN/1772075349.json -> D:\ADF_folder\real-time-stocks-mds\data\s3_downloads/AMZN_1772075349.json
[2026-03-01T06:02:52.023+0000] {logging_mixin.py:188} INFO - Downloaded bronze/AMZN/1772075382.json -> D:\ADF_folder\real-time-stocks-mds\data\s3_downloads/AMZN_1772075382.json
[2026-03-01T06:02:52.413+0000] {logging_mixin.py:188} INFO - Downloaded bronze/AMZN/1772075415.json -> D:\ADF_folder\real-time-stocks-mds\data\s3_downloads/AMZN_1772075415.json
[2026-03-01T06:02:52.804+0000] {logging_mixin.py:188} INFO - Downloaded bronze/AMZN/1772075448.json -> D:\ADF_folder\real-time-stocks-mds\data\s3_downloads/AMZN_1772075448.json
[2026-03-01T06:02:53.188+0000] {logging_mixin.py:188} INFO - Downloaded bronze/AMZN/1772075481.json -> D:\ADF_folder\real-time-stocks-mds\data\s3_downloads/AMZN_1772075481.json
[2026-03-01T06:02:53.569+0000] {logging_mixin.py:188} INFO - Downloaded bronze/AMZN/1772075513.json -> D:\ADF_folder\real-time-stocks-mds\data\s3_downloads/AMZN_1772075513.json
[2026-03-01T06:02:53.952+0000] {logging_mixin.py:188} INFO - Downloaded bronze/AMZN/1772075546.json -> D:\ADF_folder\real-time-stocks-mds\data\s3_downloads/AMZN_1772075546.json
[2026-03-01T06:02:54.336+0000] {logging_mixin.py:188} INFO - Downloaded bronze/AMZN/1772075579.json -> D:\ADF_folder\real-time-stocks-mds\data\s3_downloads/AMZN_1772075579.json
[2026-03-01T06:02:54.727+0000] {logging_mixin.py:188} INFO - Downloaded bronze/AMZN/1772075614.json -> D:\ADF_folder\real-time-stocks-mds\data\s3_downloads/AMZN_1772075614.json
[2026-03-01T06:02:55.129+0000] {logging_mixin.py:188} INFO - Downloaded bronze/AMZN/1772075647.json -> D:\ADF_folder\real-time-stocks-mds\data\s3_downloads/AMZN_1772075647.json
[2026-03-01T06:02:55.511+0000] {logging_mixin.py:188} INFO - Downloaded bronze/AMZN/1772075680.json -> D:\ADF_folder\real-time-stocks-mds\data\s3_downloads/AMZN_1772075680.json
[2026-03-01T06:02:55.901+0000] {logging_mixin.py:188} INFO - Downloaded bronze/AMZN/1772075712.json -> D:\ADF_folder\real-time-stocks-mds\data\s3_downloads/AMZN_1772075712.json
[2026-03-01T06:02:56.502+0000] {logging_mixin.py:188} INFO - Downloaded bronze/AMZN/1772075745.json -> D:\ADF_folder\real-time-stocks-mds\data\s3_downloads/AMZN_1772075745.json
[2026-03-01T06:02:58.922+0000] {logging_mixin.py:188} INFO - Downloaded bronze/AMZN/1772075778.json -> D:\ADF_folder\real-time-stocks-mds\data\s3_downloads/AMZN_1772075778.json
[2026-03-01T06:11:22.753+0000] {logging_mixin.py:188} INFO - Downloaded bronze/AMZN/1772075811.json -> D:\ADF_folder\real-time-stocks-mds\data\s3_downloads/AMZN_1772075811.json
[2026-03-01T06:11:23.375+0000] {logging_mixin.py:188} INFO - Downloaded bronze/AMZN/1772075844.json -> D:\ADF_folder\real-time-stocks-mds\data\s3_downloads/AMZN_1772075844.json
[2026-03-01T06:11:24.168+0000] {logging_mixin.py:188} INFO - Downloaded bronze/AMZN/1772075877.json -> D:\ADF_folder\real-time-stocks-mds\data\s3_downloads/AMZN_1772075877.json
[2026-03-01T06:11:24.753+0000] {logging_mixin.py:188} INFO - Downloaded bronze/AMZN/1772075910.json -> D:\ADF_folder\real-time-stocks-mds\data\s3_downloads/AMZN_1772075910.json
[2026-03-01T06:11:25.301+0000] {logging_mixin.py:188} INFO - Downloaded bronze/AMZN/1772075943.json -> D:\ADF_folder\real-time-stocks-mds\data\s3_downloads/AMZN_1772075943.json
[2026-03-01T06:11:25.896+0000] {logging_mixin.py:188} INFO - Downloaded bronze/AMZN/1772075975.json -> D:\ADF_folder\real-time-stocks-mds\data\s3_downloads/AMZN_1772075975.json
[2026-03-01T06:11:26.429+0000] {logging_mixin.py:188} INFO - Downloaded bronze/AMZN/1772076008.json -> D:\ADF_folder\real-time-stocks-mds\data\s3_downloads/AMZN_1772076008.json
[2026-03-01T06:11:27.107+0000] {logging_mixin.py:188} INFO - Downloaded bronze/AMZN/1772076041.json -> D:\ADF_folder\real-time-stocks-mds\data\s3_downloads/AMZN_1772076041.json
[2026-03-01T06:11:27.650+0000] {logging_mixin.py:188} INFO - Downloaded bronze/AMZN/1772076075.json -> D:\ADF_folder\real-time-stocks-mds\data\s3_downloads/AMZN_1772076075.json
[2026-03-01T06:11:28.190+0000] {logging_mixin.py:188} INFO - Downloaded bronze/AMZN/1772076108.json -> D:\ADF_folder\real-time-stocks-mds\data\s3_downloads/AMZN_1772076108.json
[2026-03-01T06:11:28.723+0000] {logging_mixin.py:188} INFO - Downloaded bronze/AMZN/1772076140.json -> D:\ADF_folder\real-time-stocks-mds\data\s3_downloads/AMZN_1772076140.json
[2026-03-01T06:11:29.276+0000] {logging_mixin.py:188} INFO - Downloaded bronze/AMZN/1772076173.json -> D:\ADF_folder\real-time-stocks-mds\data\s3_downloads/AMZN_1772076173.json
[2026-03-01T06:11:29.824+0000] {logging_mixin.py:188} INFO - Downloaded bronze/AMZN/1772076207.json -> D:\ADF_folder\real-time-stocks-mds\data\s3_downloads/AMZN_1772076207.json
[2026-03-01T06:11:30.365+0000] {logging_mixin.py:188} INFO - Downloaded bronze/AMZN/1772076239.json -> D:\ADF_folder\real-time-stocks-mds\data\s3_downloads/AMZN_1772076239.json
[2026-03-01T06:11:30.914+0000] {logging_mixin.py:188} INFO - Downloaded bronze/AMZN/1772076272.json -> D:\ADF_folder\real-time-stocks-mds\data\s3_downloads/AMZN_1772076272.json
[2026-03-01T06:11:31.450+0000] {logging_mixin.py:188} INFO - Downloaded bronze/AMZN/1772076305.json -> D:\ADF_folder\real-time-stocks-mds\data\s3_downloads/AMZN_1772076305.json
[2026-03-01T06:11:31.975+0000] {logging_mixin.py:188} INFO - Downloaded bronze/AMZN/1772076338.json -> D:\ADF_folder\real-time-stocks-mds\data\s3_downloads/AMZN_1772076338.json
[2026-03-01T06:11:32.498+0000] {logging_mixin.py:188} INFO - Downloaded bronze/AMZN/1772076371.json -> D:\ADF_folder\real-time-stocks-mds\data\s3_downloads/AMZN_1772076371.json
[2026-03-01T06:11:33.017+0000] {logging_mixin.py:188} INFO - Downloaded bronze/AMZN/1772076403.json -> D:\ADF_folder\real-time-stocks-mds\data\s3_downloads/AMZN_1772076403.json
[2026-03-01T06:11:33.546+0000] {logging_mixin.py:188} INFO - Downloaded bronze/AMZN/1772076437.json -> D:\ADF_folder\real-time-stocks-mds\data\s3_downloads/AMZN_1772076437.json
[2026-03-01T06:11:34.075+0000] {logging_mixin.py:188} INFO - Downloaded bronze/AMZN/1772076470.json -> D:\ADF_folder\real-time-stocks-mds\data\s3_downloads/AMZN_1772076470.json
[2026-03-01T06:11:34.612+0000] {logging_mixin.py:188} INFO - Downloaded bronze/AMZN/1772076503.json -> D:\ADF_folder\real-time-stocks-mds\data\s3_downloads/AMZN_1772076503.json
[2026-03-01T06:11:35.166+0000] {logging_mixin.py:188} INFO - Downloaded bronze/AMZN/1772076536.json -> D:\ADF_folder\real-time-stocks-mds\data\s3_downloads/AMZN_1772076536.json
[2026-03-01T06:11:35.701+0000] {logging_mixin.py:188} INFO - Downloaded bronze/AMZN/1772076569.json -> D:\ADF_folder\real-time-stocks-mds\data\s3_downloads/AMZN_1772076569.json
[2026-03-01T06:11:36.224+0000] {logging_mixin.py:188} INFO - Downloaded bronze/AMZN/1772076602.json -> D:\ADF_folder\real-time-stocks-mds\data\s3_downloads/AMZN_1772076602.json
[2026-03-01T06:11:36.745+0000] {logging_mixin.py:188} INFO - Downloaded bronze/AMZN/1772076635.json -> D:\ADF_folder\real-time-stocks-mds\data\s3_downloads/AMZN_1772076635.json
[2026-03-01T06:11:37.261+0000] {logging_mixin.py:188} INFO - Downloaded bronze/AMZN/1772076668.json -> D:\ADF_folder\real-time-stocks-mds\data\s3_downloads/AMZN_1772076668.json
[2026-03-01T06:11:37.778+0000] {logging_mixin.py:188} INFO - Downloaded bronze/AMZN/1772076701.json -> D:\ADF_folder\real-time-stocks-mds\data\s3_downloads/AMZN_1772076701.json
[2026-03-01T06:11:38.292+0000] {logging_mixin.py:188} INFO - Downloaded bronze/AMZN/1772076734.json -> D:\ADF_folder\real-time-stocks-mds\data\s3_downloads/AMZN_1772076734.json
[2026-03-01T06:11:38.848+0000] {logging_mixin.py:188} INFO - Downloaded bronze/AMZN/1772076767.json -> D:\ADF_folder\real-time-stocks-mds\data\s3_downloads/AMZN_1772076767.json
[2026-03-01T06:11:39.362+0000] {logging_mixin.py:188} INFO - Downloaded bronze/AMZN/1772076800.json -> D:\ADF_folder\real-time-stocks-mds\data\s3_downloads/AMZN_1772076800.json
[2026-03-01T06:11:39.861+0000] {logging_mixin.py:188} INFO - Downloaded bronze/AMZN/1772076833.json -> D:\ADF_folder\real-time-stocks-mds\data\s3_downloads/AMZN_1772076833.json
[2026-03-01T06:11:40.359+0000] {logging_mixin.py:188} INFO - Downloaded bronze/AMZN/1772076866.json -> D:\ADF_folder\real-time-stocks-mds\data\s3_downloads/AMZN_1772076866.json
[2026-03-01T06:11:40.869+0000] {logging_mixin.py:188} INFO - Downloaded bronze/AMZN/1772076899.json -> D:\ADF_folder\real-time-stocks-mds\data\s3_downloads/AMZN_1772076899.json
[2026-03-01T06:11:41.378+0000] {logging_mixin.py:188} INFO - Downloaded bronze/AMZN/1772076932.json -> D:\ADF_folder\real-time-stocks-mds\data\s3_downloads/AMZN_1772076932.json
[2026-03-01T06:11:41.881+0000] {logging_mixin.py:188} INFO - Downloaded bronze/AMZN/1772076965.json -> D:\ADF_folder\real-time-stocks-mds\data\s3_downloads/AMZN_1772076965.json
[2026-03-01T06:11:42.372+0000] {logging_mixin.py:188} INFO - Downloaded bronze/AMZN/1772076998.json -> D:\ADF_folder\real-time-stocks-mds\data\s3_downloads/AMZN_1772076998.json
[2026-03-01T06:11:42.865+0000] {logging_mixin.py:188} INFO - Downloaded bronze/AMZN/1772077031.json -> D:\ADF_folder\real-time-stocks-mds\data\s3_downloads/AMZN_1772077031.json
[2026-03-01T06:11:43.353+0000] {logging_mixin.py:188} INFO - Downloaded bronze/AMZN/1772077064.json -> D:\ADF_folder\real-time-stocks-mds\data\s3_downloads/AMZN_1772077064.json
[2026-03-01T06:11:43.845+0000] {logging_mixin.py:188} INFO - Downloaded bronze/AMZN/1772077097.json -> D:\ADF_folder\real-time-stocks-mds\data\s3_downloads/AMZN_1772077097.json
[2026-03-01T06:11:44.341+0000] {logging_mixin.py:188} INFO - Downloaded bronze/AMZN/1772077130.json -> D:\ADF_folder\real-time-stocks-mds\data\s3_downloads/AMZN_1772077130.json
[2026-03-01T06:11:44.838+0000] {logging_mixin.py:188} INFO - Downloaded bronze/AMZN/1772077163.json -> D:\ADF_folder\real-time-stocks-mds\data\s3_downloads/AMZN_1772077163.json
[2026-03-01T06:11:45.343+0000] {logging_mixin.py:188} INFO - Downloaded bronze/AMZN/1772077196.json -> D:\ADF_folder\real-time-stocks-mds\data\s3_downloads/AMZN_1772077196.json
[2026-03-01T06:11:45.842+0000] {logging_mixin.py:188} INFO - Downloaded bronze/AMZN/1772077229.json -> D:\ADF_folder\real-time-stocks-mds\data\s3_downloads/AMZN_1772077229.json
[2026-03-01T06:11:46.345+0000] {logging_mixin.py:188} INFO - Downloaded bronze/AMZN/1772077262.json -> D:\ADF_folder\real-time-stocks-mds\data\s3_downloads/AMZN_1772077262.json
[2026-03-01T06:11:46.841+0000] {logging_mixin.py:188} INFO - Downloaded bronze/AMZN/1772077295.json -> D:\ADF_folder\real-time-stocks-mds\data\s3_downloads/AMZN_1772077295.json
[2026-03-01T06:11:47.334+0000] {logging_mixin.py:188} INFO - Downloaded bronze/AMZN/1772077328.json -> D:\ADF_folder\real-time-stocks-mds\data\s3_downloads/AMZN_1772077328.json
[2026-03-01T06:11:47.775+0000] {logging_mixin.py:188} INFO - Downloaded bronze/AMZN/1772077362.json -> D:\ADF_folder\real-time-stocks-mds\data\s3_downloads/AMZN_1772077362.json
[2026-03-01T06:11:48.209+0000] {logging_mixin.py:188} INFO - Downloaded bronze/AMZN/1772077395.json -> D:\ADF_folder\real-time-stocks-mds\data\s3_downloads/AMZN_1772077395.json
[2026-03-01T06:11:49.160+0000] {logging_mixin.py:188} INFO - Downloaded bronze/AMZN/1772077428.json -> D:\ADF_folder\real-time-stocks-mds\data\s3_downloads/AMZN_1772077428.json
[2026-03-01T06:11:49.598+0000] {logging_mixin.py:188} INFO - Downloaded bronze/AMZN/1772077461.json -> D:\ADF_folder\real-time-stocks-mds\data\s3_downloads/AMZN_1772077461.json
[2026-03-01T06:11:50.036+0000] {logging_mixin.py:188} INFO - Downloaded bronze/AMZN/1772077494.json -> D:\ADF_folder\real-time-stocks-mds\data\s3_downloads/AMZN_1772077494.json
[2026-03-01T06:11:50.472+0000] {logging_mixin.py:188} INFO - Downloaded bronze/AMZN/1772077526.json -> D:\ADF_folder\real-time-stocks-mds\data\s3_downloads/AMZN_1772077526.json
[2026-03-01T06:11:50.917+0000] {logging_mixin.py:188} INFO - Downloaded bronze/AMZN/1772077559.json -> D:\ADF_folder\real-time-stocks-mds\data\s3_downloads/AMZN_1772077559.json
[2026-03-01T06:11:51.348+0000] {logging_mixin.py:188} INFO - Downloaded bronze/AMZN/1772077592.json -> D:\ADF_folder\real-time-stocks-mds\data\s3_downloads/AMZN_1772077592.json
[2026-03-01T06:11:51.799+0000] {logging_mixin.py:188} INFO - Downloaded bronze/AMZN/1772077625.json -> D:\ADF_folder\real-time-stocks-mds\data\s3_downloads/AMZN_1772077625.json
[2026-03-01T06:11:52.260+0000] {logging_mixin.py:188} INFO - Downloaded bronze/AMZN/1772077658.json -> D:\ADF_folder\real-time-stocks-mds\data\s3_downloads/AMZN_1772077658.json
[2026-03-01T06:11:51.899+0000] {logging_mixin.py:188} INFO - Downloaded bronze/AMZN/1772077691.json -> D:\ADF_folder\real-time-stocks-mds\data\s3_downloads/AMZN_1772077691.json
[2026-03-01T06:11:52.358+0000] {logging_mixin.py:188} INFO - Downloaded bronze/AMZN/1772077724.json -> D:\ADF_folder\real-time-stocks-mds\data\s3_downloads/AMZN_1772077724.json
[2026-03-01T06:11:52.823+0000] {logging_mixin.py:188} INFO - Downloaded bronze/AMZN/1772077757.json -> D:\ADF_folder\real-time-stocks-mds\data\s3_downloads/AMZN_1772077757.json
[2026-03-01T06:11:53.295+0000] {logging_mixin.py:188} INFO - Downloaded bronze/AMZN/1772077790.json -> D:\ADF_folder\real-time-stocks-mds\data\s3_downloads/AMZN_1772077790.json
[2026-03-01T06:11:53.770+0000] {logging_mixin.py:188} INFO - Downloaded bronze/AMZN/1772077823.json -> D:\ADF_folder\real-time-stocks-mds\data\s3_downloads/AMZN_1772077823.json
[2026-03-01T06:11:54.231+0000] {logging_mixin.py:188} INFO - Downloaded bronze/AMZN/1772077856.json -> D:\ADF_folder\real-time-stocks-mds\data\s3_downloads/AMZN_1772077856.json
[2026-03-01T06:11:54.711+0000] {logging_mixin.py:188} INFO - Downloaded bronze/AMZN/1772077888.json -> D:\ADF_folder\real-time-stocks-mds\data\s3_downloads/AMZN_1772077888.json
[2026-03-01T06:11:55.186+0000] {logging_mixin.py:188} INFO - Downloaded bronze/AMZN/1772077921.json -> D:\ADF_folder\real-time-stocks-mds\data\s3_downloads/AMZN_1772077921.json
[2026-03-01T06:11:55.668+0000] {logging_mixin.py:188} INFO - Downloaded bronze/AMZN/1772077954.json -> D:\ADF_folder\real-time-stocks-mds\data\s3_downloads/AMZN_1772077954.json
[2026-03-01T06:11:56.147+0000] {logging_mixin.py:188} INFO - Downloaded bronze/AMZN/1772077987.json -> D:\ADF_folder\real-time-stocks-mds\data\s3_downloads/AMZN_1772077987.json
[2026-03-01T06:11:56.633+0000] {logging_mixin.py:188} INFO - Downloaded bronze/AMZN/1772078019.json -> D:\ADF_folder\real-time-stocks-mds\data\s3_downloads/AMZN_1772078019.json
[2026-03-01T06:11:57.121+0000] {logging_mixin.py:188} INFO - Downloaded bronze/AMZN/1772078052.json -> D:\ADF_folder\real-time-stocks-mds\data\s3_downloads/AMZN_1772078052.json
[2026-03-01T06:11:57.597+0000] {logging_mixin.py:188} INFO - Downloaded bronze/AMZN/1772078085.json -> D:\ADF_folder\real-time-stocks-mds\data\s3_downloads/AMZN_1772078085.json
[2026-03-01T06:11:58.071+0000] {logging_mixin.py:188} INFO - Downloaded bronze/AMZN/1772078118.json -> D:\ADF_folder\real-time-stocks-mds\data\s3_downloads/AMZN_1772078118.json
[2026-03-01T06:11:58.538+0000] {logging_mixin.py:188} INFO - Downloaded bronze/AMZN/1772078152.json -> D:\ADF_folder\real-time-stocks-mds\data\s3_downloads/AMZN_1772078152.json
[2026-03-01T06:11:59.004+0000] {logging_mixin.py:188} INFO - Downloaded bronze/AMZN/1772078184.json -> D:\ADF_folder\real-time-stocks-mds\data\s3_downloads/AMZN_1772078184.json
[2026-03-01T06:11:59.464+0000] {logging_mixin.py:188} INFO - Downloaded bronze/AMZN/1772078217.json -> D:\ADF_folder\real-time-stocks-mds\data\s3_downloads/AMZN_1772078217.json
[2026-03-01T06:11:59.924+0000] {logging_mixin.py:188} INFO - Downloaded bronze/AMZN/1772078250.json -> D:\ADF_folder\real-time-stocks-mds\data\s3_downloads/AMZN_1772078250.json
[2026-03-01T06:12:00.396+0000] {logging_mixin.py:188} INFO - Downloaded bronze/AMZN/1772078283.json -> D:\ADF_folder\real-time-stocks-mds\data\s3_downloads/AMZN_1772078283.json
[2026-03-01T06:12:00.873+0000] {logging_mixin.py:188} INFO - Downloaded bronze/AMZN/1772078316.json -> D:\ADF_folder\real-time-stocks-mds\data\s3_downloads/AMZN_1772078316.json
[2026-03-01T06:12:01.353+0000] {logging_mixin.py:188} INFO - Downloaded bronze/AMZN/1772078349.json -> D:\ADF_folder\real-time-stocks-mds\data\s3_downloads/AMZN_1772078349.json
[2026-03-01T06:12:01.833+0000] {logging_mixin.py:188} INFO - Downloaded bronze/AMZN/1772078382.json -> D:\ADF_folder\real-time-stocks-mds\data\s3_downloads/AMZN_1772078382.json
[2026-03-01T06:12:02.282+0000] {logging_mixin.py:188} INFO - Downloaded bronze/AMZN/1772078415.json -> D:\ADF_folder\real-time-stocks-mds\data\s3_downloads/AMZN_1772078415.json
[2026-03-01T06:12:02.647+0000] {logging_mixin.py:188} INFO - Downloaded bronze/AMZN/1772078448.json -> D:\ADF_folder\real-time-stocks-mds\data\s3_downloads/AMZN_1772078448.json
[2026-03-01T06:12:03.016+0000] {logging_mixin.py:188} INFO - Downloaded bronze/AMZN/1772078482.json -> D:\ADF_folder\real-time-stocks-mds\data\s3_downloads/AMZN_1772078482.json
[2026-03-01T06:12:03.378+0000] {logging_mixin.py:188} INFO - Downloaded bronze/AMZN/1772078516.json -> D:\ADF_folder\real-time-stocks-mds\data\s3_downloads/AMZN_1772078516.json
[2026-03-01T06:12:03.771+0000] {logging_mixin.py:188} INFO - Downloaded bronze/AMZN/1772078549.json -> D:\ADF_folder\real-time-stocks-mds\data\s3_downloads/AMZN_1772078549.json
[2026-03-01T06:12:04.165+0000] {logging_mixin.py:188} INFO - Downloaded bronze/AMZN/1772078582.json -> D:\ADF_folder\real-time-stocks-mds\data\s3_downloads/AMZN_1772078582.json
[2026-03-01T06:12:04.572+0000] {logging_mixin.py:188} INFO - Downloaded bronze/AMZN/1772078615.json -> D:\ADF_folder\real-time-stocks-mds\data\s3_downloads/AMZN_1772078615.json
[2026-03-01T06:12:04.976+0000] {logging_mixin.py:188} INFO - Downloaded bronze/AMZN/1772078648.json -> D:\ADF_folder\real-time-stocks-mds\data\s3_downloads/AMZN_1772078648.json
[2026-03-01T06:12:05.374+0000] {logging_mixin.py:188} INFO - Downloaded bronze/AMZN/1772078680.json -> D:\ADF_folder\real-time-stocks-mds\data\s3_downloads/AMZN_1772078680.json
[2026-03-01T06:12:05.782+0000] {logging_mixin.py:188} INFO - Downloaded bronze/AMZN/1772078714.json -> D:\ADF_folder\real-time-stocks-mds\data\s3_downloads/AMZN_1772078714.json
[2026-03-01T06:12:06.177+0000] {logging_mixin.py:188} INFO - Downloaded bronze/AMZN/1772078747.json -> D:\ADF_folder\real-time-stocks-mds\data\s3_downloads/AMZN_1772078747.json
[2026-03-01T06:12:06.581+0000] {logging_mixin.py:188} INFO - Downloaded bronze/AMZN/1772078779.json -> D:\ADF_folder\real-time-stocks-mds\data\s3_downloads/AMZN_1772078779.json
[2026-03-01T06:12:06.988+0000] {logging_mixin.py:188} INFO - Downloaded bronze/AMZN/1772078812.json -> D:\ADF_folder\real-time-stocks-mds\data\s3_downloads/AMZN_1772078812.json
[2026-03-01T06:12:07.388+0000] {logging_mixin.py:188} INFO - Downloaded bronze/AMZN/1772078845.json -> D:\ADF_folder\real-time-stocks-mds\data\s3_downloads/AMZN_1772078845.json
[2026-03-01T06:12:07.782+0000] {logging_mixin.py:188} INFO - Downloaded bronze/AMZN/1772078878.json -> D:\ADF_folder\real-time-stocks-mds\data\s3_downloads/AMZN_1772078878.json
[2026-03-01T06:12:08.173+0000] {logging_mixin.py:188} INFO - Downloaded bronze/AMZN/1772078911.json -> D:\ADF_folder\real-time-stocks-mds\data\s3_downloads/AMZN_1772078911.json
[2026-03-01T06:12:08.576+0000] {logging_mixin.py:188} INFO - Downloaded bronze/AMZN/1772078944.json -> D:\ADF_folder\real-time-stocks-mds\data\s3_downloads/AMZN_1772078944.json
[2026-03-01T06:12:08.980+0000] {logging_mixin.py:188} INFO - Downloaded bronze/AMZN/1772078977.json -> D:\ADF_folder\real-time-stocks-mds\data\s3_downloads/AMZN_1772078977.json
[2026-03-01T06:12:09.377+0000] {logging_mixin.py:188} INFO - Downloaded bronze/AMZN/1772079010.json -> D:\ADF_folder\real-time-stocks-mds\data\s3_downloads/AMZN_1772079010.json
[2026-03-01T06:12:09.777+0000] {logging_mixin.py:188} INFO - Downloaded bronze/AMZN/1772079043.json -> D:\ADF_folder\real-time-stocks-mds\data\s3_downloads/AMZN_1772079043.json
[2026-03-01T06:12:10.685+0000] {logging_mixin.py:188} INFO - Downloaded bronze/AMZN/1772079077.json -> D:\ADF_folder\real-time-stocks-mds\data\s3_downloads/AMZN_1772079077.json
[2026-03-01T06:12:11.083+0000] {logging_mixin.py:188} INFO - Downloaded bronze/AMZN/1772079110.json -> D:\ADF_folder\real-time-stocks-mds\data\s3_downloads/AMZN_1772079110.json
[2026-03-01T06:12:11.483+0000] {logging_mixin.py:188} INFO - Downloaded bronze/AMZN/1772079143.json -> D:\ADF_folder\real-time-stocks-mds\data\s3_downloads/AMZN_1772079143.json
[2026-03-01T06:12:11.885+0000] {logging_mixin.py:188} INFO - Downloaded bronze/AMZN/1772079176.json -> D:\ADF_folder\real-time-stocks-mds\data\s3_downloads/AMZN_1772079176.json
[2026-03-01T06:12:12.304+0000] {logging_mixin.py:188} INFO - Downloaded bronze/AMZN/1772079209.json -> D:\ADF_folder\real-time-stocks-mds\data\s3_downloads/AMZN_1772079209.json
[2026-03-01T06:12:12.736+0000] {logging_mixin.py:188} INFO - Downloaded bronze/AMZN/1772079242.json -> D:\ADF_folder\real-time-stocks-mds\data\s3_downloads/AMZN_1772079242.json
[2026-03-01T06:12:13.164+0000] {logging_mixin.py:188} INFO - Downloaded bronze/AMZN/1772079275.json -> D:\ADF_folder\real-time-stocks-mds\data\s3_downloads/AMZN_1772079275.json
[2026-03-01T06:12:13.167+0000] {logging_mixin.py:188} INFO - 
Processing prefix: bronze/MSFT/
[2026-03-01T06:12:14.064+0000] {logging_mixin.py:188} INFO - Downloaded bronze/MSFT/1771463592.json -> D:\ADF_folder\real-time-stocks-mds\data\s3_downloads/MSFT_1771463592.json
[2026-03-01T06:12:14.454+0000] {logging_mixin.py:188} INFO - Downloaded bronze/MSFT/1771463625.json -> D:\ADF_folder\real-time-stocks-mds\data\s3_downloads/MSFT_1771463625.json
[2026-03-01T06:12:14.845+0000] {logging_mixin.py:188} INFO - Downloaded bronze/MSFT/1771463658.json -> D:\ADF_folder\real-time-stocks-mds\data\s3_downloads/MSFT_1771463658.json
[2026-03-01T06:12:15.229+0000] {logging_mixin.py:188} INFO - Downloaded bronze/MSFT/1771463691.json -> D:\ADF_folder\real-time-stocks-mds\data\s3_downloads/MSFT_1771463691.json
[2026-03-01T06:12:15.616+0000] {logging_mixin.py:188} INFO - Downloaded bronze/MSFT/1771463724.json -> D:\ADF_folder\real-time-stocks-mds\data\s3_downloads/MSFT_1771463724.json
[2026-03-01T06:12:15.999+0000] {logging_mixin.py:188} INFO - Downloaded bronze/MSFT/1771463757.json -> D:\ADF_folder\real-time-stocks-mds\data\s3_downloads/MSFT_1771463757.json
[2026-03-01T06:12:16.386+0000] {logging_mixin.py:188} INFO - Downloaded bronze/MSFT/1771463790.json -> D:\ADF_folder\real-time-stocks-mds\data\s3_downloads/MSFT_1771463790.json
[2026-03-01T06:12:16.763+0000] {logging_mixin.py:188} INFO - Downloaded bronze/MSFT/1771463823.json -> D:\ADF_folder\real-time-stocks-mds\data\s3_downloads/MSFT_1771463823.json
[2026-03-01T06:12:17.131+0000] {logging_mixin.py:188} INFO - Downloaded bronze/MSFT/1771463856.json -> D:\ADF_folder\real-time-stocks-mds\data\s3_downloads/MSFT_1771463856.json
[2026-03-01T06:12:17.501+0000] {logging_mixin.py:188} INFO - Downloaded bronze/MSFT/1771463889.json -> D:\ADF_folder\real-time-stocks-mds\data\s3_downloads/MSFT_1771463889.json
[2026-03-01T06:12:17.880+0000] {logging_mixin.py:188} INFO - Downloaded bronze/MSFT/1771463922.json -> D:\ADF_folder\real-time-stocks-mds\data\s3_downloads/MSFT_1771463922.json
[2026-03-01T06:12:18.247+0000] {logging_mixin.py:188} INFO - Downloaded bronze/MSFT/1771463955.json -> D:\ADF_folder\real-time-stocks-mds\data\s3_downloads/MSFT_1771463955.json
[2026-03-01T06:12:18.616+0000] {logging_mixin.py:188} INFO - Downloaded bronze/MSFT/1771463988.json -> D:\ADF_folder\real-time-stocks-mds\data\s3_downloads/MSFT_1771463988.json
[2026-03-01T06:12:18.982+0000] {logging_mixin.py:188} INFO - Downloaded bronze/MSFT/1771464022.json -> D:\ADF_folder\real-time-stocks-mds\data\s3_downloads/MSFT_1771464022.json
[2026-03-01T06:12:19.358+0000] {logging_mixin.py:188} INFO - Downloaded bronze/MSFT/1771464055.json -> D:\ADF_folder\real-time-stocks-mds\data\s3_downloads/MSFT_1771464055.json
[2026-03-01T06:12:19.735+0000] {logging_mixin.py:188} INFO - Downloaded bronze/MSFT/1771464088.json -> D:\ADF_folder\real-time-stocks-mds\data\s3_downloads/MSFT_1771464088.json
[2026-03-01T06:12:20.105+0000] {logging_mixin.py:188} INFO - Downloaded bronze/MSFT/1771464121.json -> D:\ADF_folder\real-time-stocks-mds\data\s3_downloads/MSFT_1771464121.json
[2026-03-01T06:12:20.488+0000] {logging_mixin.py:188} INFO - Downloaded bronze/MSFT/1771464154.json -> D:\ADF_folder\real-time-stocks-mds\data\s3_downloads/MSFT_1771464154.json
[2026-03-01T06:12:20.863+0000] {logging_mixin.py:188} INFO - Downloaded bronze/MSFT/1771464187.json -> D:\ADF_folder\real-time-stocks-mds\data\s3_downloads/MSFT_1771464187.json
[2026-03-01T06:12:21.234+0000] {logging_mixin.py:188} INFO - Downloaded bronze/MSFT/1771464220.json -> D:\ADF_folder\real-time-stocks-mds\data\s3_downloads/MSFT_1771464220.json
[2026-03-01T06:12:21.604+0000] {logging_mixin.py:188} INFO - Downloaded bronze/MSFT/1771464253.json -> D:\ADF_folder\real-time-stocks-mds\data\s3_downloads/MSFT_1771464253.json
[2026-03-01T06:12:21.013+0000] {logging_mixin.py:188} INFO - Downloaded bronze/MSFT/1771464286.json -> D:\ADF_folder\real-time-stocks-mds\data\s3_downloads/MSFT_1771464286.json
[2026-03-01T06:12:21.392+0000] {logging_mixin.py:188} INFO - Downloaded bronze/MSFT/1771464319.json -> D:\ADF_folder\real-time-stocks-mds\data\s3_downloads/MSFT_1771464319.json
[2026-03-01T06:12:21.771+0000] {logging_mixin.py:188} INFO - Downloaded bronze/MSFT/1771465252.json -> D:\ADF_folder\real-time-stocks-mds\data\s3_downloads/MSFT_1771465252.json
[2026-03-01T06:12:22.159+0000] {logging_mixin.py:188} INFO - Downloaded bronze/MSFT/1771465285.json -> D:\ADF_folder\real-time-stocks-mds\data\s3_downloads/MSFT_1771465285.json
[2026-03-01T06:12:22.533+0000] {logging_mixin.py:188} INFO - Downloaded bronze/MSFT/1771465318.json -> D:\ADF_folder\real-time-stocks-mds\data\s3_downloads/MSFT_1771465318.json
[2026-03-01T06:12:22.906+0000] {logging_mixin.py:188} INFO - Downloaded bronze/MSFT/1771465351.json -> D:\ADF_folder\real-time-stocks-mds\data\s3_downloads/MSFT_1771465351.json
[2026-03-01T06:12:23.274+0000] {logging_mixin.py:188} INFO - Downloaded bronze/MSFT/1771465384.json -> D:\ADF_folder\real-time-stocks-mds\data\s3_downloads/MSFT_1771465384.json
[2026-03-01T06:12:23.647+0000] {logging_mixin.py:188} INFO - Downloaded bronze/MSFT/1771465417.json -> D:\ADF_folder\real-time-stocks-mds\data\s3_downloads/MSFT_1771465417.json
[2026-03-01T06:12:24.028+0000] {logging_mixin.py:188} INFO - Downloaded bronze/MSFT/1771465450.json -> D:\ADF_folder\real-time-stocks-mds\data\s3_downloads/MSFT_1771465450.json
[2026-03-01T06:12:24.400+0000] {logging_mixin.py:188} INFO - Downloaded bronze/MSFT/1771465483.json -> D:\ADF_folder\real-time-stocks-mds\data\s3_downloads/MSFT_1771465483.json
[2026-03-01T06:12:24.762+0000] {logging_mixin.py:188} INFO - Downloaded bronze/MSFT/1771465516.json -> D:\ADF_folder\real-time-stocks-mds\data\s3_downloads/MSFT_1771465516.json
[2026-03-01T06:12:25.132+0000] {logging_mixin.py:188} INFO - Downloaded bronze/MSFT/1771465549.json -> D:\ADF_folder\real-time-stocks-mds\data\s3_downloads/MSFT_1771465549.json
[2026-03-01T06:12:25.498+0000] {logging_mixin.py:188} INFO - Downloaded bronze/MSFT/1771465582.json -> D:\ADF_folder\real-time-stocks-mds\data\s3_downloads/MSFT_1771465582.json
[2026-03-01T06:12:25.875+0000] {logging_mixin.py:188} INFO - Downloaded bronze/MSFT/1772074563.json -> D:\ADF_folder\real-time-stocks-mds\data\s3_downloads/MSFT_1772074563.json
[2026-03-01T06:12:26.244+0000] {logging_mixin.py:188} INFO - Downloaded bronze/MSFT/1772074596.json -> D:\ADF_folder\real-time-stocks-mds\data\s3_downloads/MSFT_1772074596.json
[2026-03-01T06:12:26.613+0000] {logging_mixin.py:188} INFO - Downloaded bronze/MSFT/1772074629.json -> D:\ADF_folder\real-time-stocks-mds\data\s3_downloads/MSFT_1772074629.json
[2026-03-01T06:12:26.988+0000] {logging_mixin.py:188} INFO - Downloaded bronze/MSFT/1772074662.json -> D:\ADF_folder\real-time-stocks-mds\data\s3_downloads/MSFT_1772074662.json
[2026-03-01T06:12:27.355+0000] {logging_mixin.py:188} INFO - Downloaded bronze/MSFT/1772074696.json -> D:\ADF_folder\real-time-stocks-mds\data\s3_downloads/MSFT_1772074696.json
[2026-03-01T06:12:27.729+0000] {logging_mixin.py:188} INFO - Downloaded bronze/MSFT/1772074729.json -> D:\ADF_folder\real-time-stocks-mds\data\s3_downloads/MSFT_1772074729.json
[2026-03-01T06:12:28.104+0000] {logging_mixin.py:188} INFO - Downloaded bronze/MSFT/1772074762.json -> D:\ADF_folder\real-time-stocks-mds\data\s3_downloads/MSFT_1772074762.json
[2026-03-01T06:12:28.482+0000] {logging_mixin.py:188} INFO - Downloaded bronze/MSFT/1772074795.json -> D:\ADF_folder\real-time-stocks-mds\data\s3_downloads/MSFT_1772074795.json
[2026-03-01T06:12:29.345+0000] {logging_mixin.py:188} INFO - Downloaded bronze/MSFT/1772074828.json -> D:\ADF_folder\real-time-stocks-mds\data\s3_downloads/MSFT_1772074828.json
[2026-03-01T06:12:29.723+0000] {logging_mixin.py:188} INFO - Downloaded bronze/MSFT/1772074861.json -> D:\ADF_folder\real-time-stocks-mds\data\s3_downloads/MSFT_1772074861.json
[2026-03-01T06:12:30.098+0000] {logging_mixin.py:188} INFO - Downloaded bronze/MSFT/1772074894.json -> D:\ADF_folder\real-time-stocks-mds\data\s3_downloads/MSFT_1772074894.json
[2026-03-01T06:12:30.475+0000] {logging_mixin.py:188} INFO - Downloaded bronze/MSFT/1772074927.json -> D:\ADF_folder\real-time-stocks-mds\data\s3_downloads/MSFT_1772074927.json
[2026-03-01T06:12:30.861+0000] {logging_mixin.py:188} INFO - Downloaded bronze/MSFT/1772074960.json -> D:\ADF_folder\real-time-stocks-mds\data\s3_downloads/MSFT_1772074960.json
[2026-03-01T06:12:31.239+0000] {logging_mixin.py:188} INFO - Downloaded bronze/MSFT/1772074993.json -> D:\ADF_folder\real-time-stocks-mds\data\s3_downloads/MSFT_1772074993.json
[2026-03-01T06:12:31.617+0000] {logging_mixin.py:188} INFO - Downloaded bronze/MSFT/1772075026.json -> D:\ADF_folder\real-time-stocks-mds\data\s3_downloads/MSFT_1772075026.json
[2026-03-01T06:12:31.992+0000] {logging_mixin.py:188} INFO - Downloaded bronze/MSFT/1772075059.json -> D:\ADF_folder\real-time-stocks-mds\data\s3_downloads/MSFT_1772075059.json
[2026-03-01T06:12:32.378+0000] {logging_mixin.py:188} INFO - Downloaded bronze/MSFT/1772075092.json -> D:\ADF_folder\real-time-stocks-mds\data\s3_downloads/MSFT_1772075092.json
[2026-03-01T06:12:32.758+0000] {logging_mixin.py:188} INFO - Downloaded bronze/MSFT/1772075125.json -> D:\ADF_folder\real-time-stocks-mds\data\s3_downloads/MSFT_1772075125.json
[2026-03-01T06:12:33.135+0000] {logging_mixin.py:188} INFO - Downloaded bronze/MSFT/1772075158.json -> D:\ADF_folder\real-time-stocks-mds\data\s3_downloads/MSFT_1772075158.json
[2026-03-01T06:12:33.502+0000] {logging_mixin.py:188} INFO - Downloaded bronze/MSFT/1772075191.json -> D:\ADF_folder\real-time-stocks-mds\data\s3_downloads/MSFT_1772075191.json
[2026-03-01T06:12:33.872+0000] {logging_mixin.py:188} INFO - Downloaded bronze/MSFT/1772075224.json -> D:\ADF_folder\real-time-stocks-mds\data\s3_downloads/MSFT_1772075224.json
[2026-03-01T06:12:34.248+0000] {logging_mixin.py:188} INFO - Downloaded bronze/MSFT/1772075257.json -> D:\ADF_folder\real-time-stocks-mds\data\s3_downloads/MSFT_1772075257.json
[2026-03-01T06:12:34.640+0000] {logging_mixin.py:188} INFO - Downloaded bronze/MSFT/1772075290.json -> D:\ADF_folder\real-time-stocks-mds\data\s3_downloads/MSFT_1772075290.json
[2026-03-01T06:12:35.017+0000] {logging_mixin.py:188} INFO - Downloaded bronze/MSFT/1772075323.json -> D:\ADF_folder\real-time-stocks-mds\data\s3_downloads/MSFT_1772075323.json
[2026-03-01T06:12:35.394+0000] {logging_mixin.py:188} INFO - Downloaded bronze/MSFT/1772075356.json -> D:\ADF_folder\real-time-stocks-mds\data\s3_downloads/MSFT_1772075356.json
[2026-03-01T06:12:35.774+0000] {logging_mixin.py:188} INFO - Downloaded bronze/MSFT/1772075389.json -> D:\ADF_folder\real-time-stocks-mds\data\s3_downloads/MSFT_1772075389.json
[2026-03-01T06:12:36.178+0000] {logging_mixin.py:188} INFO - Downloaded bronze/MSFT/1772075422.json -> D:\ADF_folder\real-time-stocks-mds\data\s3_downloads/MSFT_1772075422.json
[2026-03-01T06:12:36.578+0000] {logging_mixin.py:188} INFO - Downloaded bronze/MSFT/1772075455.json -> D:\ADF_folder\real-time-stocks-mds\data\s3_downloads/MSFT_1772075455.json
[2026-03-01T06:12:36.972+0000] {logging_mixin.py:188} INFO - Downloaded bronze/MSFT/1772075487.json -> D:\ADF_folder\real-time-stocks-mds\data\s3_downloads/MSFT_1772075487.json
[2026-03-01T06:12:37.370+0000] {logging_mixin.py:188} INFO - Downloaded bronze/MSFT/1772075520.json -> D:\ADF_folder\real-time-stocks-mds\data\s3_downloads/MSFT_1772075520.json
[2026-03-01T06:12:37.764+0000] {logging_mixin.py:188} INFO - Downloaded bronze/MSFT/1772075553.json -> D:\ADF_folder\real-time-stocks-mds\data\s3_downloads/MSFT_1772075553.json
[2026-03-01T06:12:38.149+0000] {logging_mixin.py:188} INFO - Downloaded bronze/MSFT/1772075586.json -> D:\ADF_folder\real-time-stocks-mds\data\s3_downloads/MSFT_1772075586.json
[2026-03-01T06:12:38.535+0000] {logging_mixin.py:188} INFO - Downloaded bronze/MSFT/1772075620.json -> D:\ADF_folder\real-time-stocks-mds\data\s3_downloads/MSFT_1772075620.json
[2026-03-01T06:12:38.943+0000] {logging_mixin.py:188} INFO - Downloaded bronze/MSFT/1772075653.json -> D:\ADF_folder\real-time-stocks-mds\data\s3_downloads/MSFT_1772075653.json
[2026-03-01T06:12:39.340+0000] {logging_mixin.py:188} INFO - Downloaded bronze/MSFT/1772075686.json -> D:\ADF_folder\real-time-stocks-mds\data\s3_downloads/MSFT_1772075686.json
[2026-03-01T06:12:39.726+0000] {logging_mixin.py:188} INFO - Downloaded bronze/MSFT/1772075719.json -> D:\ADF_folder\real-time-stocks-mds\data\s3_downloads/MSFT_1772075719.json
[2026-03-01T06:12:40.118+0000] {logging_mixin.py:188} INFO - Downloaded bronze/MSFT/1772075752.json -> D:\ADF_folder\real-time-stocks-mds\data\s3_downloads/MSFT_1772075752.json
[2026-03-01T06:12:40.517+0000] {logging_mixin.py:188} INFO - Downloaded bronze/MSFT/1772075785.json -> D:\ADF_folder\real-time-stocks-mds\data\s3_downloads/MSFT_1772075785.json
[2026-03-01T06:12:40.899+0000] {logging_mixin.py:188} INFO - Downloaded bronze/MSFT/1772075818.json -> D:\ADF_folder\real-time-stocks-mds\data\s3_downloads/MSFT_1772075818.json
[2026-03-01T06:12:41.269+0000] {logging_mixin.py:188} INFO - Downloaded bronze/MSFT/1772075851.json -> D:\ADF_folder\real-time-stocks-mds\data\s3_downloads/MSFT_1772075851.json
[2026-03-01T06:12:41.633+0000] {logging_mixin.py:188} INFO - Downloaded bronze/MSFT/1772075883.json -> D:\ADF_folder\real-time-stocks-mds\data\s3_downloads/MSFT_1772075883.json
[2026-03-01T06:12:42.006+0000] {logging_mixin.py:188} INFO - Downloaded bronze/MSFT/1772075916.json -> D:\ADF_folder\real-time-stocks-mds\data\s3_downloads/MSFT_1772075916.json
[2026-03-01T06:12:42.376+0000] {logging_mixin.py:188} INFO - Downloaded bronze/MSFT/1772075949.json -> D:\ADF_folder\real-time-stocks-mds\data\s3_downloads/MSFT_1772075949.json
[2026-03-01T06:12:42.744+0000] {logging_mixin.py:188} INFO - Downloaded bronze/MSFT/1772075982.json -> D:\ADF_folder\real-time-stocks-mds\data\s3_downloads/MSFT_1772075982.json
[2026-03-01T06:12:43.114+0000] {logging_mixin.py:188} INFO - Downloaded bronze/MSFT/1772076015.json -> D:\ADF_folder\real-time-stocks-mds\data\s3_downloads/MSFT_1772076015.json
[2026-03-01T06:12:43.478+0000] {logging_mixin.py:188} INFO - Downloaded bronze/MSFT/1772076048.json -> D:\ADF_folder\real-time-stocks-mds\data\s3_downloads/MSFT_1772076048.json
[2026-03-01T06:12:43.850+0000] {logging_mixin.py:188} INFO - Downloaded bronze/MSFT/1772076081.json -> D:\ADF_folder\real-time-stocks-mds\data\s3_downloads/MSFT_1772076081.json
[2026-03-01T06:12:44.228+0000] {logging_mixin.py:188} INFO - Downloaded bronze/MSFT/1772076114.json -> D:\ADF_folder\real-time-stocks-mds\data\s3_downloads/MSFT_1772076114.json
[2026-03-01T06:12:44.597+0000] {logging_mixin.py:188} INFO - Downloaded bronze/MSFT/1772076147.json -> D:\ADF_folder\real-time-stocks-mds\data\s3_downloads/MSFT_1772076147.json
[2026-03-01T06:12:44.974+0000] {logging_mixin.py:188} INFO - Downloaded bronze/MSFT/1772076180.json -> D:\ADF_folder\real-time-stocks-mds\data\s3_downloads/MSFT_1772076180.json
[2026-03-01T06:12:45.347+0000] {logging_mixin.py:188} INFO - Downloaded bronze/MSFT/1772076213.json -> D:\ADF_folder\real-time-stocks-mds\data\s3_downloads/MSFT_1772076213.json
[2026-03-01T06:12:45.719+0000] {logging_mixin.py:188} INFO - Downloaded bronze/MSFT/1772076246.json -> D:\ADF_folder\real-time-stocks-mds\data\s3_downloads/MSFT_1772076246.json
[2026-03-01T06:12:46.089+0000] {logging_mixin.py:188} INFO - Downloaded bronze/MSFT/1772076279.json -> D:\ADF_folder\real-time-stocks-mds\data\s3_downloads/MSFT_1772076279.json
[2026-03-01T06:12:46.459+0000] {logging_mixin.py:188} INFO - Downloaded bronze/MSFT/1772076312.json -> D:\ADF_folder\real-time-stocks-mds\data\s3_downloads/MSFT_1772076312.json
[2026-03-01T06:12:46.832+0000] {logging_mixin.py:188} INFO - Downloaded bronze/MSFT/1772076344.json -> D:\ADF_folder\real-time-stocks-mds\data\s3_downloads/MSFT_1772076344.json
[2026-03-01T06:12:47.203+0000] {logging_mixin.py:188} INFO - Downloaded bronze/MSFT/1772076377.json -> D:\ADF_folder\real-time-stocks-mds\data\s3_downloads/MSFT_1772076377.json
[2026-03-01T06:12:47.584+0000] {logging_mixin.py:188} INFO - Downloaded bronze/MSFT/1772076410.json -> D:\ADF_folder\real-time-stocks-mds\data\s3_downloads/MSFT_1772076410.json
[2026-03-01T06:12:47.965+0000] {logging_mixin.py:188} INFO - Downloaded bronze/MSFT/1772076444.json -> D:\ADF_folder\real-time-stocks-mds\data\s3_downloads/MSFT_1772076444.json
[2026-03-01T06:12:48.806+0000] {logging_mixin.py:188} INFO - Downloaded bronze/MSFT/1772076477.json -> D:\ADF_folder\real-time-stocks-mds\data\s3_downloads/MSFT_1772076477.json
[2026-03-01T06:12:49.183+0000] {logging_mixin.py:188} INFO - Downloaded bronze/MSFT/1772076510.json -> D:\ADF_folder\real-time-stocks-mds\data\s3_downloads/MSFT_1772076510.json
[2026-03-01T06:12:49.557+0000] {logging_mixin.py:188} INFO - Downloaded bronze/MSFT/1772076543.json -> D:\ADF_folder\real-time-stocks-mds\data\s3_downloads/MSFT_1772076543.json
[2026-03-01T06:12:49.938+0000] {logging_mixin.py:188} INFO - Downloaded bronze/MSFT/1772076576.json -> D:\ADF_folder\real-time-stocks-mds\data\s3_downloads/MSFT_1772076576.json
[2026-03-01T06:12:50.324+0000] {logging_mixin.py:188} INFO - Downloaded bronze/MSFT/1772076609.json -> D:\ADF_folder\real-time-stocks-mds\data\s3_downloads/MSFT_1772076609.json
[2026-03-01T06:12:50.625+0000] {logging_mixin.py:188} INFO - Downloaded bronze/MSFT/1772076642.json -> D:\ADF_folder\real-time-stocks-mds\data\s3_downloads/MSFT_1772076642.json
[2026-03-01T06:12:50.187+0000] {logging_mixin.py:188} INFO - Downloaded bronze/MSFT/1772076674.json -> D:\ADF_folder\real-time-stocks-mds\data\s3_downloads/MSFT_1772076674.json
[2026-03-01T06:12:50.568+0000] {logging_mixin.py:188} INFO - Downloaded bronze/MSFT/1772076707.json -> D:\ADF_folder\real-time-stocks-mds\data\s3_downloads/MSFT_1772076707.json
[2026-03-01T06:12:50.956+0000] {logging_mixin.py:188} INFO - Downloaded bronze/MSFT/1772076740.json -> D:\ADF_folder\real-time-stocks-mds\data\s3_downloads/MSFT_1772076740.json
[2026-03-01T06:12:51.334+0000] {logging_mixin.py:188} INFO - Downloaded bronze/MSFT/1772076773.json -> D:\ADF_folder\real-time-stocks-mds\data\s3_downloads/MSFT_1772076773.json
[2026-03-01T06:12:51.706+0000] {logging_mixin.py:188} INFO - Downloaded bronze/MSFT/1772076807.json -> D:\ADF_folder\real-time-stocks-mds\data\s3_downloads/MSFT_1772076807.json
[2026-03-01T06:12:52.084+0000] {logging_mixin.py:188} INFO - Downloaded bronze/MSFT/1772076840.json -> D:\ADF_folder\real-time-stocks-mds\data\s3_downloads/MSFT_1772076840.json
[2026-03-01T06:12:52.457+0000] {logging_mixin.py:188} INFO - Downloaded bronze/MSFT/1772076873.json -> D:\ADF_folder\real-time-stocks-mds\data\s3_downloads/MSFT_1772076873.json
[2026-03-01T06:12:52.829+0000] {logging_mixin.py:188} INFO - Downloaded bronze/MSFT/1772076905.json -> D:\ADF_folder\real-time-stocks-mds\data\s3_downloads/MSFT_1772076905.json
[2026-03-01T06:12:53.206+0000] {logging_mixin.py:188} INFO - Downloaded bronze/MSFT/1772076939.json -> D:\ADF_folder\real-time-stocks-mds\data\s3_downloads/MSFT_1772076939.json
[2026-03-01T06:12:53.572+0000] {logging_mixin.py:188} INFO - Downloaded bronze/MSFT/1772076972.json -> D:\ADF_folder\real-time-stocks-mds\data\s3_downloads/MSFT_1772076972.json
[2026-03-01T06:12:53.939+0000] {logging_mixin.py:188} INFO - Downloaded bronze/MSFT/1772077005.json -> D:\ADF_folder\real-time-stocks-mds\data\s3_downloads/MSFT_1772077005.json
[2026-03-01T06:12:54.314+0000] {logging_mixin.py:188} INFO - Downloaded bronze/MSFT/1772077038.json -> D:\ADF_folder\real-time-stocks-mds\data\s3_downloads/MSFT_1772077038.json
[2026-03-01T06:12:54.688+0000] {logging_mixin.py:188} INFO - Downloaded bronze/MSFT/1772077071.json -> D:\ADF_folder\real-time-stocks-mds\data\s3_downloads/MSFT_1772077071.json
[2026-03-01T06:12:55.051+0000] {logging_mixin.py:188} INFO - Downloaded bronze/MSFT/1772077104.json -> D:\ADF_folder\real-time-stocks-mds\data\s3_downloads/MSFT_1772077104.json
[2026-03-01T06:12:55.426+0000] {logging_mixin.py:188} INFO - Downloaded bronze/MSFT/1772077137.json -> D:\ADF_folder\real-time-stocks-mds\data\s3_downloads/MSFT_1772077137.json
[2026-03-01T06:12:55.796+0000] {logging_mixin.py:188} INFO - Downloaded bronze/MSFT/1772077170.json -> D:\ADF_folder\real-time-stocks-mds\data\s3_downloads/MSFT_1772077170.json
[2026-03-01T06:12:56.173+0000] {logging_mixin.py:188} INFO - Downloaded bronze/MSFT/1772077203.json -> D:\ADF_folder\real-time-stocks-mds\data\s3_downloads/MSFT_1772077203.json
[2026-03-01T06:12:56.547+0000] {logging_mixin.py:188} INFO - Downloaded bronze/MSFT/1772077236.json -> D:\ADF_folder\real-time-stocks-mds\data\s3_downloads/MSFT_1772077236.json
[2026-03-01T06:12:56.918+0000] {logging_mixin.py:188} INFO - Downloaded bronze/MSFT/1772077269.json -> D:\ADF_folder\real-time-stocks-mds\data\s3_downloads/MSFT_1772077269.json
[2026-03-01T06:12:57.293+0000] {logging_mixin.py:188} INFO - Downloaded bronze/MSFT/1772077302.json -> D:\ADF_folder\real-time-stocks-mds\data\s3_downloads/MSFT_1772077302.json
[2026-03-01T06:12:57.667+0000] {logging_mixin.py:188} INFO - Downloaded bronze/MSFT/1772077335.json -> D:\ADF_folder\real-time-stocks-mds\data\s3_downloads/MSFT_1772077335.json
[2026-03-01T06:12:58.055+0000] {logging_mixin.py:188} INFO - Downloaded bronze/MSFT/1772077369.json -> D:\ADF_folder\real-time-stocks-mds\data\s3_downloads/MSFT_1772077369.json
[2026-03-01T06:12:58.442+0000] {logging_mixin.py:188} INFO - Downloaded bronze/MSFT/1772077402.json -> D:\ADF_folder\real-time-stocks-mds\data\s3_downloads/MSFT_1772077402.json
[2026-03-01T06:12:58.829+0000] {logging_mixin.py:188} INFO - Downloaded bronze/MSFT/1772077434.json -> D:\ADF_folder\real-time-stocks-mds\data\s3_downloads/MSFT_1772077434.json
[2026-03-01T06:12:59.205+0000] {logging_mixin.py:188} INFO - Downloaded bronze/MSFT/1772077467.json -> D:\ADF_folder\real-time-stocks-mds\data\s3_downloads/MSFT_1772077467.json
[2026-03-01T06:12:59.574+0000] {logging_mixin.py:188} INFO - Downloaded bronze/MSFT/1772077500.json -> D:\ADF_folder\real-time-stocks-mds\data\s3_downloads/MSFT_1772077500.json
[2026-03-01T06:12:59.982+0000] {logging_mixin.py:188} INFO - Downloaded bronze/MSFT/1772077533.json -> D:\ADF_folder\real-time-stocks-mds\data\s3_downloads/MSFT_1772077533.json
[2026-03-01T06:13:00.387+0000] {logging_mixin.py:188} INFO - Downloaded bronze/MSFT/1772077566.json -> D:\ADF_folder\real-time-stocks-mds\data\s3_downloads/MSFT_1772077566.json
[2026-03-01T06:13:00.796+0000] {logging_mixin.py:188} INFO - Downloaded bronze/MSFT/1772077599.json -> D:\ADF_folder\real-time-stocks-mds\data\s3_downloads/MSFT_1772077599.json
[2026-03-01T06:13:01.196+0000] {logging_mixin.py:188} INFO - Downloaded bronze/MSFT/1772077632.json -> D:\ADF_folder\real-time-stocks-mds\data\s3_downloads/MSFT_1772077632.json
[2026-03-01T06:13:01.606+0000] {logging_mixin.py:188} INFO - Downloaded bronze/MSFT/1772077665.json -> D:\ADF_folder\real-time-stocks-mds\data\s3_downloads/MSFT_1772077665.json
[2026-03-01T06:13:02.015+0000] {logging_mixin.py:188} INFO - Downloaded bronze/MSFT/1772077698.json -> D:\ADF_folder\real-time-stocks-mds\data\s3_downloads/MSFT_1772077698.json
[2026-03-01T06:13:02.473+0000] {logging_mixin.py:188} INFO - Downloaded bronze/MSFT/1772077731.json -> D:\ADF_folder\real-time-stocks-mds\data\s3_downloads/MSFT_1772077731.json
[2026-03-01T06:13:02.930+0000] {logging_mixin.py:188} INFO - Downloaded bronze/MSFT/1772077764.json -> D:\ADF_folder\real-time-stocks-mds\data\s3_downloads/MSFT_1772077764.json
[2026-03-01T06:13:03.557+0000] {logging_mixin.py:188} INFO - Downloaded bronze/MSFT/1772077796.json -> D:\ADF_folder\real-time-stocks-mds\data\s3_downloads/MSFT_1772077796.json
[2026-03-01T06:13:04.003+0000] {logging_mixin.py:188} INFO - Downloaded bronze/MSFT/1772077829.json -> D:\ADF_folder\real-time-stocks-mds\data\s3_downloads/MSFT_1772077829.json
[2026-03-01T06:13:04.489+0000] {logging_mixin.py:188} INFO - Downloaded bronze/MSFT/1772077862.json -> D:\ADF_folder\real-time-stocks-mds\data\s3_downloads/MSFT_1772077862.json
[2026-03-01T06:13:04.920+0000] {logging_mixin.py:188} INFO - Downloaded bronze/MSFT/1772077895.json -> D:\ADF_folder\real-time-stocks-mds\data\s3_downloads/MSFT_1772077895.json
[2026-03-01T06:13:05.391+0000] {logging_mixin.py:188} INFO - Downloaded bronze/MSFT/1772077928.json -> D:\ADF_folder\real-time-stocks-mds\data\s3_downloads/MSFT_1772077928.json
[2026-03-01T06:13:05.833+0000] {logging_mixin.py:188} INFO - Downloaded bronze/MSFT/1772077960.json -> D:\ADF_folder\real-time-stocks-mds\data\s3_downloads/MSFT_1772077960.json
[2026-03-01T06:13:06.266+0000] {logging_mixin.py:188} INFO - Downloaded bronze/MSFT/1772077993.json -> D:\ADF_folder\real-time-stocks-mds\data\s3_downloads/MSFT_1772077993.json
[2026-03-01T06:13:06.711+0000] {logging_mixin.py:188} INFO - Downloaded bronze/MSFT/1772078026.json -> D:\ADF_folder\real-time-stocks-mds\data\s3_downloads/MSFT_1772078026.json
[2026-03-01T06:13:07.135+0000] {logging_mixin.py:188} INFO - Downloaded bronze/MSFT/1772078059.json -> D:\ADF_folder\real-time-stocks-mds\data\s3_downloads/MSFT_1772078059.json
[2026-03-01T06:13:07.519+0000] {logging_mixin.py:188} INFO - Downloaded bronze/MSFT/1772078092.json -> D:\ADF_folder\real-time-stocks-mds\data\s3_downloads/MSFT_1772078092.json
[2026-03-01T06:13:08.493+0000] {logging_mixin.py:188} INFO - Downloaded bronze/MSFT/1772078125.json -> D:\ADF_folder\real-time-stocks-mds\data\s3_downloads/MSFT_1772078125.json
[2026-03-01T06:13:08.881+0000] {logging_mixin.py:188} INFO - Downloaded bronze/MSFT/1772078158.json -> D:\ADF_folder\real-time-stocks-mds\data\s3_downloads/MSFT_1772078158.json
[2026-03-01T06:13:09.262+0000] {logging_mixin.py:188} INFO - Downloaded bronze/MSFT/1772078191.json -> D:\ADF_folder\real-time-stocks-mds\data\s3_downloads/MSFT_1772078191.json
[2026-03-01T06:13:09.649+0000] {logging_mixin.py:188} INFO - Downloaded bronze/MSFT/1772078224.json -> D:\ADF_folder\real-time-stocks-mds\data\s3_downloads/MSFT_1772078224.json
[2026-03-01T06:13:10.032+0000] {logging_mixin.py:188} INFO - Downloaded bronze/MSFT/1772078257.json -> D:\ADF_folder\real-time-stocks-mds\data\s3_downloads/MSFT_1772078257.json
[2026-03-01T06:13:10.414+0000] {logging_mixin.py:188} INFO - Downloaded bronze/MSFT/1772078290.json -> D:\ADF_folder\real-time-stocks-mds\data\s3_downloads/MSFT_1772078290.json
[2026-03-01T06:13:10.801+0000] {logging_mixin.py:188} INFO - Downloaded bronze/MSFT/1772078323.json -> D:\ADF_folder\real-time-stocks-mds\data\s3_downloads/MSFT_1772078323.json
[2026-03-01T06:13:11.180+0000] {logging_mixin.py:188} INFO - Downloaded bronze/MSFT/1772078356.json -> D:\ADF_folder\real-time-stocks-mds\data\s3_downloads/MSFT_1772078356.json
[2026-03-01T06:13:11.558+0000] {logging_mixin.py:188} INFO - Downloaded bronze/MSFT/1772078388.json -> D:\ADF_folder\real-time-stocks-mds\data\s3_downloads/MSFT_1772078388.json
[2026-03-01T06:13:11.940+0000] {logging_mixin.py:188} INFO - Downloaded bronze/MSFT/1772078422.json -> D:\ADF_folder\real-time-stocks-mds\data\s3_downloads/MSFT_1772078422.json
[2026-03-01T06:13:12.319+0000] {logging_mixin.py:188} INFO - Downloaded bronze/MSFT/1772078455.json -> D:\ADF_folder\real-time-stocks-mds\data\s3_downloads/MSFT_1772078455.json
[2026-03-01T06:13:12.702+0000] {logging_mixin.py:188} INFO - Downloaded bronze/MSFT/1772078489.json -> D:\ADF_folder\real-time-stocks-mds\data\s3_downloads/MSFT_1772078489.json
[2026-03-01T06:13:13.079+0000] {logging_mixin.py:188} INFO - Downloaded bronze/MSFT/1772078522.json -> D:\ADF_folder\real-time-stocks-mds\data\s3_downloads/MSFT_1772078522.json
[2026-03-01T06:13:13.452+0000] {logging_mixin.py:188} INFO - Downloaded bronze/MSFT/1772078555.json -> D:\ADF_folder\real-time-stocks-mds\data\s3_downloads/MSFT_1772078555.json
[2026-03-01T06:13:13.819+0000] {logging_mixin.py:188} INFO - Downloaded bronze/MSFT/1772078588.json -> D:\ADF_folder\real-time-stocks-mds\data\s3_downloads/MSFT_1772078588.json
[2026-03-01T06:13:14.189+0000] {logging_mixin.py:188} INFO - Downloaded bronze/MSFT/1772078621.json -> D:\ADF_folder\real-time-stocks-mds\data\s3_downloads/MSFT_1772078621.json
[2026-03-01T06:13:14.552+0000] {logging_mixin.py:188} INFO - Downloaded bronze/MSFT/1772078654.json -> D:\ADF_folder\real-time-stocks-mds\data\s3_downloads/MSFT_1772078654.json
[2026-03-01T06:13:14.918+0000] {logging_mixin.py:188} INFO - Downloaded bronze/MSFT/1772078687.json -> D:\ADF_folder\real-time-stocks-mds\data\s3_downloads/MSFT_1772078687.json
[2026-03-01T06:13:15.282+0000] {logging_mixin.py:188} INFO - Downloaded bronze/MSFT/1772078720.json -> D:\ADF_folder\real-time-stocks-mds\data\s3_downloads/MSFT_1772078720.json
[2026-03-01T06:13:15.652+0000] {logging_mixin.py:188} INFO - Downloaded bronze/MSFT/1772078753.json -> D:\ADF_folder\real-time-stocks-mds\data\s3_downloads/MSFT_1772078753.json
[2026-03-01T06:13:16.029+0000] {logging_mixin.py:188} INFO - Downloaded bronze/MSFT/1772078786.json -> D:\ADF_folder\real-time-stocks-mds\data\s3_downloads/MSFT_1772078786.json
[2026-03-01T06:13:16.408+0000] {logging_mixin.py:188} INFO - Downloaded bronze/MSFT/1772078819.json -> D:\ADF_folder\real-time-stocks-mds\data\s3_downloads/MSFT_1772078819.json
[2026-03-01T06:13:16.792+0000] {logging_mixin.py:188} INFO - Downloaded bronze/MSFT/1772078852.json -> D:\ADF_folder\real-time-stocks-mds\data\s3_downloads/MSFT_1772078852.json
[2026-03-01T06:13:17.181+0000] {logging_mixin.py:188} INFO - Downloaded bronze/MSFT/1772078885.json -> D:\ADF_folder\real-time-stocks-mds\data\s3_downloads/MSFT_1772078885.json
[2026-03-01T06:13:17.563+0000] {logging_mixin.py:188} INFO - Downloaded bronze/MSFT/1772078918.json -> D:\ADF_folder\real-time-stocks-mds\data\s3_downloads/MSFT_1772078918.json
[2026-03-01T06:13:17.949+0000] {logging_mixin.py:188} INFO - Downloaded bronze/MSFT/1772078951.json -> D:\ADF_folder\real-time-stocks-mds\data\s3_downloads/MSFT_1772078951.json
[2026-03-01T06:13:18.335+0000] {logging_mixin.py:188} INFO - Downloaded bronze/MSFT/1772078984.json -> D:\ADF_folder\real-time-stocks-mds\data\s3_downloads/MSFT_1772078984.json
[2026-03-01T06:13:18.714+0000] {logging_mixin.py:188} INFO - Downloaded bronze/MSFT/1772079017.json -> D:\ADF_folder\real-time-stocks-mds\data\s3_downloads/MSFT_1772079017.json
[2026-03-01T06:13:19.094+0000] {logging_mixin.py:188} INFO - Downloaded bronze/MSFT/1772079050.json -> D:\ADF_folder\real-time-stocks-mds\data\s3_downloads/MSFT_1772079050.json
[2026-03-01T06:13:19.470+0000] {logging_mixin.py:188} INFO - Downloaded bronze/MSFT/1772079084.json -> D:\ADF_folder\real-time-stocks-mds\data\s3_downloads/MSFT_1772079084.json
[2026-03-01T06:13:19.613+0000] {logging_mixin.py:188} INFO - Downloaded bronze/MSFT/1772079117.json -> D:\ADF_folder\real-time-stocks-mds\data\s3_downloads/MSFT_1772079117.json
[2026-03-01T06:13:19.181+0000] {logging_mixin.py:188} INFO - Downloaded bronze/MSFT/1772079150.json -> D:\ADF_folder\real-time-stocks-mds\data\s3_downloads/MSFT_1772079150.json
[2026-03-01T06:13:19.565+0000] {logging_mixin.py:188} INFO - Downloaded bronze/MSFT/1772079183.json -> D:\ADF_folder\real-time-stocks-mds\data\s3_downloads/MSFT_1772079183.json
[2026-03-01T06:13:19.947+0000] {logging_mixin.py:188} INFO - Downloaded bronze/MSFT/1772079216.json -> D:\ADF_folder\real-time-stocks-mds\data\s3_downloads/MSFT_1772079216.json
[2026-03-01T06:13:20.331+0000] {logging_mixin.py:188} INFO - Downloaded bronze/MSFT/1772079249.json -> D:\ADF_folder\real-time-stocks-mds\data\s3_downloads/MSFT_1772079249.json
[2026-03-01T06:13:20.704+0000] {logging_mixin.py:188} INFO - Downloaded bronze/MSFT/1772079282.json -> D:\ADF_folder\real-time-stocks-mds\data\s3_downloads/MSFT_1772079282.json
[2026-03-01T06:13:20.705+0000] {logging_mixin.py:188} INFO - 
Processing prefix: bronze/TSLA/
[2026-03-01T06:13:21.484+0000] {logging_mixin.py:188} INFO - Downloaded bronze/TSLA/1771463599.json -> D:\ADF_folder\real-time-stocks-mds\data\s3_downloads/TSLA_1771463599.json
[2026-03-01T06:13:21.862+0000] {logging_mixin.py:188} INFO - Downloaded bronze/TSLA/1771463632.json -> D:\ADF_folder\real-time-stocks-mds\data\s3_downloads/TSLA_1771463632.json
[2026-03-01T06:13:22.244+0000] {logging_mixin.py:188} INFO - Downloaded bronze/TSLA/1771463665.json -> D:\ADF_folder\real-time-stocks-mds\data\s3_downloads/TSLA_1771463665.json
[2026-03-01T06:13:22.619+0000] {logging_mixin.py:188} INFO - Downloaded bronze/TSLA/1771463698.json -> D:\ADF_folder\real-time-stocks-mds\data\s3_downloads/TSLA_1771463698.json
[2026-03-01T06:13:22.985+0000] {logging_mixin.py:188} INFO - Downloaded bronze/TSLA/1771463731.json -> D:\ADF_folder\real-time-stocks-mds\data\s3_downloads/TSLA_1771463731.json
[2026-03-01T06:13:23.358+0000] {logging_mixin.py:188} INFO - Downloaded bronze/TSLA/1771463764.json -> D:\ADF_folder\real-time-stocks-mds\data\s3_downloads/TSLA_1771463764.json
[2026-03-01T06:13:23.728+0000] {logging_mixin.py:188} INFO - Downloaded bronze/TSLA/1771463797.json -> D:\ADF_folder\real-time-stocks-mds\data\s3_downloads/TSLA_1771463797.json
[2026-03-01T06:13:24.122+0000] {logging_mixin.py:188} INFO - Downloaded bronze/TSLA/1771463830.json -> D:\ADF_folder\real-time-stocks-mds\data\s3_downloads/TSLA_1771463830.json
[2026-03-01T06:13:24.505+0000] {logging_mixin.py:188} INFO - Downloaded bronze/TSLA/1771463862.json -> D:\ADF_folder\real-time-stocks-mds\data\s3_downloads/TSLA_1771463862.json
[2026-03-01T06:13:24.892+0000] {logging_mixin.py:188} INFO - Downloaded bronze/TSLA/1771463895.json -> D:\ADF_folder\real-time-stocks-mds\data\s3_downloads/TSLA_1771463895.json
[2026-03-01T06:13:25.281+0000] {logging_mixin.py:188} INFO - Downloaded bronze/TSLA/1771463929.json -> D:\ADF_folder\real-time-stocks-mds\data\s3_downloads/TSLA_1771463929.json
[2026-03-01T06:13:25.671+0000] {logging_mixin.py:188} INFO - Downloaded bronze/TSLA/1771463962.json -> D:\ADF_folder\real-time-stocks-mds\data\s3_downloads/TSLA_1771463962.json
[2026-03-01T06:13:26.056+0000] {logging_mixin.py:188} INFO - Downloaded bronze/TSLA/1771463995.json -> D:\ADF_folder\real-time-stocks-mds\data\s3_downloads/TSLA_1771463995.json
[2026-03-01T06:13:26.434+0000] {logging_mixin.py:188} INFO - Downloaded bronze/TSLA/1771464029.json -> D:\ADF_folder\real-time-stocks-mds\data\s3_downloads/TSLA_1771464029.json
[2026-03-01T06:13:27.283+0000] {logging_mixin.py:188} INFO - Downloaded bronze/TSLA/1771464062.json -> D:\ADF_folder\real-time-stocks-mds\data\s3_downloads/TSLA_1771464062.json
[2026-03-01T06:13:27.676+0000] {logging_mixin.py:188} INFO - Downloaded bronze/TSLA/1771464095.json -> D:\ADF_folder\real-time-stocks-mds\data\s3_downloads/TSLA_1771464095.json
[2026-03-01T06:13:28.069+0000] {logging_mixin.py:188} INFO - Downloaded bronze/TSLA/1771464128.json -> D:\ADF_folder\real-time-stocks-mds\data\s3_downloads/TSLA_1771464128.json
[2026-03-01T06:13:28.460+0000] {logging_mixin.py:188} INFO - Downloaded bronze/TSLA/1771464161.json -> D:\ADF_folder\real-time-stocks-mds\data\s3_downloads/TSLA_1771464161.json
[2026-03-01T06:13:28.844+0000] {logging_mixin.py:188} INFO - Downloaded bronze/TSLA/1771464194.json -> D:\ADF_folder\real-time-stocks-mds\data\s3_downloads/TSLA_1771464194.json
[2026-03-01T06:13:29.228+0000] {logging_mixin.py:188} INFO - Downloaded bronze/TSLA/1771464227.json -> D:\ADF_folder\real-time-stocks-mds\data\s3_downloads/TSLA_1771464227.json
[2026-03-01T06:13:29.619+0000] {logging_mixin.py:188} INFO - Downloaded bronze/TSLA/1771464260.json -> D:\ADF_folder\real-time-stocks-mds\data\s3_downloads/TSLA_1771464260.json
[2026-03-01T06:13:29.985+0000] {logging_mixin.py:188} INFO - Downloaded bronze/TSLA/1771464293.json -> D:\ADF_folder\real-time-stocks-mds\data\s3_downloads/TSLA_1771464293.json
[2026-03-01T06:13:30.370+0000] {logging_mixin.py:188} INFO - Downloaded bronze/TSLA/1771464326.json -> D:\ADF_folder\real-time-stocks-mds\data\s3_downloads/TSLA_1771464326.json
[2026-03-01T06:13:30.739+0000] {logging_mixin.py:188} INFO - Downloaded bronze/TSLA/1771465259.json -> D:\ADF_folder\real-time-stocks-mds\data\s3_downloads/TSLA_1771465259.json
[2026-03-01T06:13:31.107+0000] {logging_mixin.py:188} INFO - Downloaded bronze/TSLA/1771465292.json -> D:\ADF_folder\real-time-stocks-mds\data\s3_downloads/TSLA_1771465292.json
[2026-03-01T06:13:31.472+0000] {logging_mixin.py:188} INFO - Downloaded bronze/TSLA/1771465325.json -> D:\ADF_folder\real-time-stocks-mds\data\s3_downloads/TSLA_1771465325.json
[2026-03-01T06:13:31.852+0000] {logging_mixin.py:188} INFO - Downloaded bronze/TSLA/1771465358.json -> D:\ADF_folder\real-time-stocks-mds\data\s3_downloads/TSLA_1771465358.json
[2026-03-01T06:13:32.250+0000] {logging_mixin.py:188} INFO - Downloaded bronze/TSLA/1771465391.json -> D:\ADF_folder\real-time-stocks-mds\data\s3_downloads/TSLA_1771465391.json
[2026-03-01T06:13:32.643+0000] {logging_mixin.py:188} INFO - Downloaded bronze/TSLA/1771465424.json -> D:\ADF_folder\real-time-stocks-mds\data\s3_downloads/TSLA_1771465424.json
[2026-03-01T06:13:33.040+0000] {logging_mixin.py:188} INFO - Downloaded bronze/TSLA/1771465457.json -> D:\ADF_folder\real-time-stocks-mds\data\s3_downloads/TSLA_1771465457.json
[2026-03-01T06:13:33.438+0000] {logging_mixin.py:188} INFO - Downloaded bronze/TSLA/1771465490.json -> D:\ADF_folder\real-time-stocks-mds\data\s3_downloads/TSLA_1771465490.json
[2026-03-01T06:13:33.826+0000] {logging_mixin.py:188} INFO - Downloaded bronze/TSLA/1771465523.json -> D:\ADF_folder\real-time-stocks-mds\data\s3_downloads/TSLA_1771465523.json
[2026-03-01T06:13:34.215+0000] {logging_mixin.py:188} INFO - Downloaded bronze/TSLA/1771465556.json -> D:\ADF_folder\real-time-stocks-mds\data\s3_downloads/TSLA_1771465556.json
[2026-03-01T06:13:34.614+0000] {logging_mixin.py:188} INFO - Downloaded bronze/TSLA/1772074570.json -> D:\ADF_folder\real-time-stocks-mds\data\s3_downloads/TSLA_1772074570.json
[2026-03-01T06:13:35.001+0000] {logging_mixin.py:188} INFO - Downloaded bronze/TSLA/1772074603.json -> D:\ADF_folder\real-time-stocks-mds\data\s3_downloads/TSLA_1772074603.json
[2026-03-01T06:13:35.394+0000] {logging_mixin.py:188} INFO - Downloaded bronze/TSLA/1772074635.json -> D:\ADF_folder\real-time-stocks-mds\data\s3_downloads/TSLA_1772074635.json
[2026-03-01T06:13:35.790+0000] {logging_mixin.py:188} INFO - Downloaded bronze/TSLA/1772074669.json -> D:\ADF_folder\real-time-stocks-mds\data\s3_downloads/TSLA_1772074669.json
[2026-03-01T06:13:36.183+0000] {logging_mixin.py:188} INFO - Downloaded bronze/TSLA/1772074702.json -> D:\ADF_folder\real-time-stocks-mds\data\s3_downloads/TSLA_1772074702.json
[2026-03-01T06:13:36.571+0000] {logging_mixin.py:188} INFO - Downloaded bronze/TSLA/1772074735.json -> D:\ADF_folder\real-time-stocks-mds\data\s3_downloads/TSLA_1772074735.json
[2026-03-01T06:13:36.938+0000] {logging_mixin.py:188} INFO - Downloaded bronze/TSLA/1772074768.json -> D:\ADF_folder\real-time-stocks-mds\data\s3_downloads/TSLA_1772074768.json
[2026-03-01T06:13:37.309+0000] {logging_mixin.py:188} INFO - Downloaded bronze/TSLA/1772074801.json -> D:\ADF_folder\real-time-stocks-mds\data\s3_downloads/TSLA_1772074801.json
[2026-03-01T06:13:37.674+0000] {logging_mixin.py:188} INFO - Downloaded bronze/TSLA/1772074835.json -> D:\ADF_folder\real-time-stocks-mds\data\s3_downloads/TSLA_1772074835.json
[2026-03-01T06:13:38.039+0000] {logging_mixin.py:188} INFO - Downloaded bronze/TSLA/1772074868.json -> D:\ADF_folder\real-time-stocks-mds\data\s3_downloads/TSLA_1772074868.json
[2026-03-01T06:13:38.412+0000] {logging_mixin.py:188} INFO - Downloaded bronze/TSLA/1772074901.json -> D:\ADF_folder\real-time-stocks-mds\data\s3_downloads/TSLA_1772074901.json
[2026-03-01T06:13:38.777+0000] {logging_mixin.py:188} INFO - Downloaded bronze/TSLA/1772074934.json -> D:\ADF_folder\real-time-stocks-mds\data\s3_downloads/TSLA_1772074934.json
[2026-03-01T06:13:39.146+0000] {logging_mixin.py:188} INFO - Downloaded bronze/TSLA/1772074967.json -> D:\ADF_folder\real-time-stocks-mds\data\s3_downloads/TSLA_1772074967.json
[2026-03-01T06:13:39.513+0000] {logging_mixin.py:188} INFO - Downloaded bronze/TSLA/1772075000.json -> D:\ADF_folder\real-time-stocks-mds\data\s3_downloads/TSLA_1772075000.json
[2026-03-01T06:13:39.896+0000] {logging_mixin.py:188} INFO - Downloaded bronze/TSLA/1772075033.json -> D:\ADF_folder\real-time-stocks-mds\data\s3_downloads/TSLA_1772075033.json
[2026-03-01T06:13:40.286+0000] {logging_mixin.py:188} INFO - Downloaded bronze/TSLA/1772075066.json -> D:\ADF_folder\real-time-stocks-mds\data\s3_downloads/TSLA_1772075066.json
[2026-03-01T06:13:40.670+0000] {logging_mixin.py:188} INFO - Downloaded bronze/TSLA/1772075099.json -> D:\ADF_folder\real-time-stocks-mds\data\s3_downloads/TSLA_1772075099.json
[2026-03-01T06:13:41.065+0000] {logging_mixin.py:188} INFO - Downloaded bronze/TSLA/1772075132.json -> D:\ADF_folder\real-time-stocks-mds\data\s3_downloads/TSLA_1772075132.json
[2026-03-01T06:13:41.518+0000] {logging_mixin.py:188} INFO - Downloaded bronze/TSLA/1772075165.json -> D:\ADF_folder\real-time-stocks-mds\data\s3_downloads/TSLA_1772075165.json
[2026-03-01T06:13:42.028+0000] {logging_mixin.py:188} INFO - Downloaded bronze/TSLA/1772075198.json -> D:\ADF_folder\real-time-stocks-mds\data\s3_downloads/TSLA_1772075198.json
[2026-03-01T06:13:42.574+0000] {logging_mixin.py:188} INFO - Downloaded bronze/TSLA/1772075231.json -> D:\ADF_folder\real-time-stocks-mds\data\s3_downloads/TSLA_1772075231.json
[2026-03-01T06:13:43.099+0000] {logging_mixin.py:188} INFO - Downloaded bronze/TSLA/1772075297.json -> D:\ADF_folder\real-time-stocks-mds\data\s3_downloads/TSLA_1772075297.json
[2026-03-01T06:13:43.623+0000] {logging_mixin.py:188} INFO - Downloaded bronze/TSLA/1772075330.json -> D:\ADF_folder\real-time-stocks-mds\data\s3_downloads/TSLA_1772075330.json
[2026-03-01T06:13:44.146+0000] {logging_mixin.py:188} INFO - Downloaded bronze/TSLA/1772075362.json -> D:\ADF_folder\real-time-stocks-mds\data\s3_downloads/TSLA_1772075362.json
[2026-03-01T06:13:44.678+0000] {logging_mixin.py:188} INFO - Downloaded bronze/TSLA/1772075395.json -> D:\ADF_folder\real-time-stocks-mds\data\s3_downloads/TSLA_1772075395.json
[2026-03-01T06:13:45.195+0000] {logging_mixin.py:188} INFO - Downloaded bronze/TSLA/1772075428.json -> D:\ADF_folder\real-time-stocks-mds\data\s3_downloads/TSLA_1772075428.json
[2026-03-01T06:13:45.702+0000] {logging_mixin.py:188} INFO - Downloaded bronze/TSLA/1772075461.json -> D:\ADF_folder\real-time-stocks-mds\data\s3_downloads/TSLA_1772075461.json
[2026-03-01T06:13:46.215+0000] {logging_mixin.py:188} INFO - Downloaded bronze/TSLA/1772075494.json -> D:\ADF_folder\real-time-stocks-mds\data\s3_downloads/TSLA_1772075494.json
[2026-03-01T06:13:46.716+0000] {logging_mixin.py:188} INFO - Downloaded bronze/TSLA/1772075527.json -> D:\ADF_folder\real-time-stocks-mds\data\s3_downloads/TSLA_1772075527.json
[2026-03-01T06:13:47.218+0000] {logging_mixin.py:188} INFO - Downloaded bronze/TSLA/1772075560.json -> D:\ADF_folder\real-time-stocks-mds\data\s3_downloads/TSLA_1772075560.json
[2026-03-01T06:13:47.715+0000] {logging_mixin.py:188} INFO - Downloaded bronze/TSLA/1772075594.json -> D:\ADF_folder\real-time-stocks-mds\data\s3_downloads/TSLA_1772075594.json
[2026-03-01T06:13:47.931+0000] {logging_mixin.py:188} INFO - Downloaded bronze/TSLA/1772075627.json -> D:\ADF_folder\real-time-stocks-mds\data\s3_downloads/TSLA_1772075627.json
[2026-03-01T06:13:48.441+0000] {logging_mixin.py:188} INFO - Downloaded bronze/TSLA/1772075660.json -> D:\ADF_folder\real-time-stocks-mds\data\s3_downloads/TSLA_1772075660.json
[2026-03-01T06:13:48.958+0000] {logging_mixin.py:188} INFO - Downloaded bronze/TSLA/1772075693.json -> D:\ADF_folder\real-time-stocks-mds\data\s3_downloads/TSLA_1772075693.json
[2026-03-01T06:13:49.462+0000] {logging_mixin.py:188} INFO - Downloaded bronze/TSLA/1772075726.json -> D:\ADF_folder\real-time-stocks-mds\data\s3_downloads/TSLA_1772075726.json
[2026-03-01T06:13:49.974+0000] {logging_mixin.py:188} INFO - Downloaded bronze/TSLA/1772075759.json -> D:\ADF_folder\real-time-stocks-mds\data\s3_downloads/TSLA_1772075759.json
[2026-03-01T06:13:50.495+0000] {logging_mixin.py:188} INFO - Downloaded bronze/TSLA/1772075792.json -> D:\ADF_folder\real-time-stocks-mds\data\s3_downloads/TSLA_1772075792.json
[2026-03-01T06:13:51.003+0000] {logging_mixin.py:188} INFO - Downloaded bronze/TSLA/1772075824.json -> D:\ADF_folder\real-time-stocks-mds\data\s3_downloads/TSLA_1772075824.json
[2026-03-01T06:13:51.513+0000] {logging_mixin.py:188} INFO - Downloaded bronze/TSLA/1772075857.json -> D:\ADF_folder\real-time-stocks-mds\data\s3_downloads/TSLA_1772075857.json
[2026-03-01T06:13:52.033+0000] {logging_mixin.py:188} INFO - Downloaded bronze/TSLA/1772075890.json -> D:\ADF_folder\real-time-stocks-mds\data\s3_downloads/TSLA_1772075890.json
[2026-03-01T06:13:52.549+0000] {logging_mixin.py:188} INFO - Downloaded bronze/TSLA/1772075923.json -> D:\ADF_folder\real-time-stocks-mds\data\s3_downloads/TSLA_1772075923.json
[2026-03-01T06:13:53.070+0000] {logging_mixin.py:188} INFO - Downloaded bronze/TSLA/1772075956.json -> D:\ADF_folder\real-time-stocks-mds\data\s3_downloads/TSLA_1772075956.json
[2026-03-01T06:13:53.590+0000] {logging_mixin.py:188} INFO - Downloaded bronze/TSLA/1772075989.json -> D:\ADF_folder\real-time-stocks-mds\data\s3_downloads/TSLA_1772075989.json
[2026-03-01T06:13:54.112+0000] {logging_mixin.py:188} INFO - Downloaded bronze/TSLA/1772076021.json -> D:\ADF_folder\real-time-stocks-mds\data\s3_downloads/TSLA_1772076021.json
[2026-03-01T06:13:54.620+0000] {logging_mixin.py:188} INFO - Downloaded bronze/TSLA/1772076055.json -> D:\ADF_folder\real-time-stocks-mds\data\s3_downloads/TSLA_1772076055.json
[2026-03-01T06:13:55.124+0000] {logging_mixin.py:188} INFO - Downloaded bronze/TSLA/1772076088.json -> D:\ADF_folder\real-time-stocks-mds\data\s3_downloads/TSLA_1772076088.json
[2026-03-01T06:13:55.626+0000] {logging_mixin.py:188} INFO - Downloaded bronze/TSLA/1772076121.json -> D:\ADF_folder\real-time-stocks-mds\data\s3_downloads/TSLA_1772076121.json
[2026-03-01T06:13:56.151+0000] {logging_mixin.py:188} INFO - Downloaded bronze/TSLA/1772076154.json -> D:\ADF_folder\real-time-stocks-mds\data\s3_downloads/TSLA_1772076154.json
[2026-03-01T06:13:56.676+0000] {logging_mixin.py:188} INFO - Downloaded bronze/TSLA/1772076187.json -> D:\ADF_folder\real-time-stocks-mds\data\s3_downloads/TSLA_1772076187.json
[2026-03-01T06:13:57.203+0000] {logging_mixin.py:188} INFO - Downloaded bronze/TSLA/1772076220.json -> D:\ADF_folder\real-time-stocks-mds\data\s3_downloads/TSLA_1772076220.json
[2026-03-01T06:13:57.736+0000] {logging_mixin.py:188} INFO - Downloaded bronze/TSLA/1772076253.json -> D:\ADF_folder\real-time-stocks-mds\data\s3_downloads/TSLA_1772076253.json
[2026-03-01T06:13:58.264+0000] {logging_mixin.py:188} INFO - Downloaded bronze/TSLA/1772076285.json -> D:\ADF_folder\real-time-stocks-mds\data\s3_downloads/TSLA_1772076285.json
[2026-03-01T06:13:58.796+0000] {logging_mixin.py:188} INFO - Downloaded bronze/TSLA/1772076318.json -> D:\ADF_folder\real-time-stocks-mds\data\s3_downloads/TSLA_1772076318.json
[2026-03-01T06:13:59.327+0000] {logging_mixin.py:188} INFO - Downloaded bronze/TSLA/1772076351.json -> D:\ADF_folder\real-time-stocks-mds\data\s3_downloads/TSLA_1772076351.json
[2026-03-01T06:13:59.849+0000] {logging_mixin.py:188} INFO - Downloaded bronze/TSLA/1772076384.json -> D:\ADF_folder\real-time-stocks-mds\data\s3_downloads/TSLA_1772076384.json
[2026-03-01T06:14:00.403+0000] {logging_mixin.py:188} INFO - Downloaded bronze/TSLA/1772076417.json -> D:\ADF_folder\real-time-stocks-mds\data\s3_downloads/TSLA_1772076417.json
[2026-03-01T06:14:00.929+0000] {logging_mixin.py:188} INFO - Downloaded bronze/TSLA/1772076451.json -> D:\ADF_folder\real-time-stocks-mds\data\s3_downloads/TSLA_1772076451.json
[2026-03-01T06:14:01.430+0000] {logging_mixin.py:188} INFO - Downloaded bronze/TSLA/1772076484.json -> D:\ADF_folder\real-time-stocks-mds\data\s3_downloads/TSLA_1772076484.json
[2026-03-01T06:14:01.932+0000] {logging_mixin.py:188} INFO - Downloaded bronze/TSLA/1772076516.json -> D:\ADF_folder\real-time-stocks-mds\data\s3_downloads/TSLA_1772076516.json
[2026-03-01T06:14:02.432+0000] {logging_mixin.py:188} INFO - Downloaded bronze/TSLA/1772076549.json -> D:\ADF_folder\real-time-stocks-mds\data\s3_downloads/TSLA_1772076549.json
[2026-03-01T06:14:02.931+0000] {logging_mixin.py:188} INFO - Downloaded bronze/TSLA/1772076582.json -> D:\ADF_folder\real-time-stocks-mds\data\s3_downloads/TSLA_1772076582.json
[2026-03-01T06:14:03.435+0000] {logging_mixin.py:188} INFO - Downloaded bronze/TSLA/1772076615.json -> D:\ADF_folder\real-time-stocks-mds\data\s3_downloads/TSLA_1772076615.json
[2026-03-01T06:14:03.951+0000] {logging_mixin.py:188} INFO - Downloaded bronze/TSLA/1772076648.json -> D:\ADF_folder\real-time-stocks-mds\data\s3_downloads/TSLA_1772076648.json
[2026-03-01T06:14:04.504+0000] {logging_mixin.py:188} INFO - Downloaded bronze/TSLA/1772076681.json -> D:\ADF_folder\real-time-stocks-mds\data\s3_downloads/TSLA_1772076681.json
[2026-03-01T06:14:05.047+0000] {logging_mixin.py:188} INFO - Downloaded bronze/TSLA/1772076714.json -> D:\ADF_folder\real-time-stocks-mds\data\s3_downloads/TSLA_1772076714.json
[2026-03-01T06:14:05.579+0000] {logging_mixin.py:188} INFO - Downloaded bronze/TSLA/1772076747.json -> D:\ADF_folder\real-time-stocks-mds\data\s3_downloads/TSLA_1772076747.json
[2026-03-01T06:14:06.118+0000] {logging_mixin.py:188} INFO - Downloaded bronze/TSLA/1772076780.json -> D:\ADF_folder\real-time-stocks-mds\data\s3_downloads/TSLA_1772076780.json
[2026-03-01T06:14:06.659+0000] {logging_mixin.py:188} INFO - Downloaded bronze/TSLA/1772076813.json -> D:\ADF_folder\real-time-stocks-mds\data\s3_downloads/TSLA_1772076813.json
[2026-03-01T06:14:07.201+0000] {logging_mixin.py:188} INFO - Downloaded bronze/TSLA/1772076846.json -> D:\ADF_folder\real-time-stocks-mds\data\s3_downloads/TSLA_1772076846.json
[2026-03-01T06:14:07.731+0000] {logging_mixin.py:188} INFO - Downloaded bronze/TSLA/1772076879.json -> D:\ADF_folder\real-time-stocks-mds\data\s3_downloads/TSLA_1772076879.json
[2026-03-01T06:14:08.225+0000] {logging_mixin.py:188} INFO - Downloaded bronze/TSLA/1772076912.json -> D:\ADF_folder\real-time-stocks-mds\data\s3_downloads/TSLA_1772076912.json
[2026-03-01T06:14:08.718+0000] {logging_mixin.py:188} INFO - Downloaded bronze/TSLA/1772076945.json -> D:\ADF_folder\real-time-stocks-mds\data\s3_downloads/TSLA_1772076945.json
[2026-03-01T06:14:09.214+0000] {logging_mixin.py:188} INFO - Downloaded bronze/TSLA/1772076978.json -> D:\ADF_folder\real-time-stocks-mds\data\s3_downloads/TSLA_1772076978.json
[2026-03-01T06:14:09.717+0000] {logging_mixin.py:188} INFO - Downloaded bronze/TSLA/1772077011.json -> D:\ADF_folder\real-time-stocks-mds\data\s3_downloads/TSLA_1772077011.json
[2026-03-01T06:14:10.218+0000] {logging_mixin.py:188} INFO - Downloaded bronze/TSLA/1772077044.json -> D:\ADF_folder\real-time-stocks-mds\data\s3_downloads/TSLA_1772077044.json
[2026-03-01T06:14:10.720+0000] {logging_mixin.py:188} INFO - Downloaded bronze/TSLA/1772077077.json -> D:\ADF_folder\real-time-stocks-mds\data\s3_downloads/TSLA_1772077077.json
[2026-03-01T06:14:11.219+0000] {logging_mixin.py:188} INFO - Downloaded bronze/TSLA/1772077110.json -> D:\ADF_folder\real-time-stocks-mds\data\s3_downloads/TSLA_1772077110.json
[2026-03-01T06:14:11.733+0000] {logging_mixin.py:188} INFO - Downloaded bronze/TSLA/1772077143.json -> D:\ADF_folder\real-time-stocks-mds\data\s3_downloads/TSLA_1772077143.json
[2026-03-01T06:14:12.246+0000] {logging_mixin.py:188} INFO - Downloaded bronze/TSLA/1772077176.json -> D:\ADF_folder\real-time-stocks-mds\data\s3_downloads/TSLA_1772077176.json
[2026-03-01T06:14:12.762+0000] {logging_mixin.py:188} INFO - Downloaded bronze/TSLA/1772077210.json -> D:\ADF_folder\real-time-stocks-mds\data\s3_downloads/TSLA_1772077210.json
[2026-03-01T06:14:13.285+0000] {logging_mixin.py:188} INFO - Downloaded bronze/TSLA/1772077242.json -> D:\ADF_folder\real-time-stocks-mds\data\s3_downloads/TSLA_1772077242.json
[2026-03-01T06:14:14.436+0000] {logging_mixin.py:188} INFO - Downloaded bronze/TSLA/1772077275.json -> D:\ADF_folder\real-time-stocks-mds\data\s3_downloads/TSLA_1772077275.json
[2026-03-01T06:14:14.953+0000] {logging_mixin.py:188} INFO - Downloaded bronze/TSLA/1772077309.json -> D:\ADF_folder\real-time-stocks-mds\data\s3_downloads/TSLA_1772077309.json
[2026-03-01T06:14:15.475+0000] {logging_mixin.py:188} INFO - Downloaded bronze/TSLA/1772077341.json -> D:\ADF_folder\real-time-stocks-mds\data\s3_downloads/TSLA_1772077341.json
[2026-03-01T06:14:16.013+0000] {logging_mixin.py:188} INFO - Downloaded bronze/TSLA/1772077375.json -> D:\ADF_folder\real-time-stocks-mds\data\s3_downloads/TSLA_1772077375.json
[2026-03-01T06:14:16.548+0000] {logging_mixin.py:188} INFO - Downloaded bronze/TSLA/1772077408.json -> D:\ADF_folder\real-time-stocks-mds\data\s3_downloads/TSLA_1772077408.json
[2026-03-01T06:14:17.058+0000] {logging_mixin.py:188} INFO - Downloaded bronze/TSLA/1772077441.json -> D:\ADF_folder\real-time-stocks-mds\data\s3_downloads/TSLA_1772077441.json
[2026-03-01T06:14:17.569+0000] {logging_mixin.py:188} INFO - Downloaded bronze/TSLA/1772077474.json -> D:\ADF_folder\real-time-stocks-mds\data\s3_downloads/TSLA_1772077474.json
[2026-03-01T06:14:17.115+0000] {logging_mixin.py:188} INFO - Downloaded bronze/TSLA/1772077507.json -> D:\ADF_folder\real-time-stocks-mds\data\s3_downloads/TSLA_1772077507.json
[2026-03-01T06:14:17.607+0000] {logging_mixin.py:188} INFO - Downloaded bronze/TSLA/1772077539.json -> D:\ADF_folder\real-time-stocks-mds\data\s3_downloads/TSLA_1772077539.json
[2026-03-01T06:14:18.090+0000] {logging_mixin.py:188} INFO - Downloaded bronze/TSLA/1772077572.json -> D:\ADF_folder\real-time-stocks-mds\data\s3_downloads/TSLA_1772077572.json
[2026-03-01T06:14:18.574+0000] {logging_mixin.py:188} INFO - Downloaded bronze/TSLA/1772077605.json -> D:\ADF_folder\real-time-stocks-mds\data\s3_downloads/TSLA_1772077605.json
[2026-03-01T06:14:19.068+0000] {logging_mixin.py:188} INFO - Downloaded bronze/TSLA/1772077638.json -> D:\ADF_folder\real-time-stocks-mds\data\s3_downloads/TSLA_1772077638.json
[2026-03-01T06:14:19.562+0000] {logging_mixin.py:188} INFO - Downloaded bronze/TSLA/1772077671.json -> D:\ADF_folder\real-time-stocks-mds\data\s3_downloads/TSLA_1772077671.json
[2026-03-01T06:14:20.085+0000] {logging_mixin.py:188} INFO - Downloaded bronze/TSLA/1772077704.json -> D:\ADF_folder\real-time-stocks-mds\data\s3_downloads/TSLA_1772077704.json
[2026-03-01T06:14:20.623+0000] {logging_mixin.py:188} INFO - Downloaded bronze/TSLA/1772077737.json -> D:\ADF_folder\real-time-stocks-mds\data\s3_downloads/TSLA_1772077737.json
[2026-03-01T06:14:21.154+0000] {logging_mixin.py:188} INFO - Downloaded bronze/TSLA/1772077770.json -> D:\ADF_folder\real-time-stocks-mds\data\s3_downloads/TSLA_1772077770.json
[2026-03-01T06:14:21.655+0000] {logging_mixin.py:188} INFO - Downloaded bronze/TSLA/1772077803.json -> D:\ADF_folder\real-time-stocks-mds\data\s3_downloads/TSLA_1772077803.json
[2026-03-01T06:14:22.157+0000] {logging_mixin.py:188} INFO - Downloaded bronze/TSLA/1772077836.json -> D:\ADF_folder\real-time-stocks-mds\data\s3_downloads/TSLA_1772077836.json
[2026-03-01T06:14:22.654+0000] {logging_mixin.py:188} INFO - Downloaded bronze/TSLA/1772077869.json -> D:\ADF_folder\real-time-stocks-mds\data\s3_downloads/TSLA_1772077869.json
[2026-03-01T06:14:23.162+0000] {logging_mixin.py:188} INFO - Downloaded bronze/TSLA/1772077901.json -> D:\ADF_folder\real-time-stocks-mds\data\s3_downloads/TSLA_1772077901.json
[2026-03-01T06:14:23.676+0000] {logging_mixin.py:188} INFO - Downloaded bronze/TSLA/1772077934.json -> D:\ADF_folder\real-time-stocks-mds\data\s3_downloads/TSLA_1772077934.json
[2026-03-01T06:14:24.210+0000] {logging_mixin.py:188} INFO - Downloaded bronze/TSLA/1772077967.json -> D:\ADF_folder\real-time-stocks-mds\data\s3_downloads/TSLA_1772077967.json
[2026-03-01T06:14:24.750+0000] {logging_mixin.py:188} INFO - Downloaded bronze/TSLA/1772078000.json -> D:\ADF_folder\real-time-stocks-mds\data\s3_downloads/TSLA_1772078000.json
[2026-03-01T06:14:25.241+0000] {logging_mixin.py:188} INFO - Downloaded bronze/TSLA/1772078033.json -> D:\ADF_folder\real-time-stocks-mds\data\s3_downloads/TSLA_1772078033.json
[2026-03-01T06:14:25.711+0000] {logging_mixin.py:188} INFO - Downloaded bronze/TSLA/1772078065.json -> D:\ADF_folder\real-time-stocks-mds\data\s3_downloads/TSLA_1772078065.json
[2026-03-01T06:14:26.187+0000] {logging_mixin.py:188} INFO - Downloaded bronze/TSLA/1772078098.json -> D:\ADF_folder\real-time-stocks-mds\data\s3_downloads/TSLA_1772078098.json
[2026-03-01T06:14:26.681+0000] {logging_mixin.py:188} INFO - Downloaded bronze/TSLA/1772078132.json -> D:\ADF_folder\real-time-stocks-mds\data\s3_downloads/TSLA_1772078132.json
[2026-03-01T06:14:27.185+0000] {logging_mixin.py:188} INFO - Downloaded bronze/TSLA/1772078165.json -> D:\ADF_folder\real-time-stocks-mds\data\s3_downloads/TSLA_1772078165.json
[2026-03-01T06:14:27.686+0000] {logging_mixin.py:188} INFO - Downloaded bronze/TSLA/1772078198.json -> D:\ADF_folder\real-time-stocks-mds\data\s3_downloads/TSLA_1772078198.json
[2026-03-01T06:14:28.188+0000] {logging_mixin.py:188} INFO - Downloaded bronze/TSLA/1772078230.json -> D:\ADF_folder\real-time-stocks-mds\data\s3_downloads/TSLA_1772078230.json
[2026-03-01T06:14:28.705+0000] {logging_mixin.py:188} INFO - Downloaded bronze/TSLA/1772078264.json -> D:\ADF_folder\real-time-stocks-mds\data\s3_downloads/TSLA_1772078264.json
[2026-03-01T06:14:29.215+0000] {logging_mixin.py:188} INFO - Downloaded bronze/TSLA/1772078297.json -> D:\ADF_folder\real-time-stocks-mds\data\s3_downloads/TSLA_1772078297.json
[2026-03-01T06:14:29.765+0000] {logging_mixin.py:188} INFO - Downloaded bronze/TSLA/1772078329.json -> D:\ADF_folder\real-time-stocks-mds\data\s3_downloads/TSLA_1772078329.json
[2026-03-01T06:14:30.302+0000] {logging_mixin.py:188} INFO - Downloaded bronze/TSLA/1772078362.json -> D:\ADF_folder\real-time-stocks-mds\data\s3_downloads/TSLA_1772078362.json
[2026-03-01T06:14:30.840+0000] {logging_mixin.py:188} INFO - Downloaded bronze/TSLA/1772078395.json -> D:\ADF_folder\real-time-stocks-mds\data\s3_downloads/TSLA_1772078395.json
[2026-03-01T06:14:31.348+0000] {logging_mixin.py:188} INFO - Downloaded bronze/TSLA/1772078429.json -> D:\ADF_folder\real-time-stocks-mds\data\s3_downloads/TSLA_1772078429.json
[2026-03-01T06:14:31.824+0000] {logging_mixin.py:188} INFO - Downloaded bronze/TSLA/1772078462.json -> D:\ADF_folder\real-time-stocks-mds\data\s3_downloads/TSLA_1772078462.json
[2026-03-01T06:14:32.247+0000] {logging_mixin.py:188} INFO - Downloaded bronze/TSLA/1772078496.json -> D:\ADF_folder\real-time-stocks-mds\data\s3_downloads/TSLA_1772078496.json
[2026-03-01T06:14:32.657+0000] {logging_mixin.py:188} INFO - Downloaded bronze/TSLA/1772078529.json -> D:\ADF_folder\real-time-stocks-mds\data\s3_downloads/TSLA_1772078529.json
[2026-03-01T06:14:33.060+0000] {logging_mixin.py:188} INFO - Downloaded bronze/TSLA/1772078562.json -> D:\ADF_folder\real-time-stocks-mds\data\s3_downloads/TSLA_1772078562.json
[2026-03-01T06:14:33.452+0000] {logging_mixin.py:188} INFO - Downloaded bronze/TSLA/1772078595.json -> D:\ADF_folder\real-time-stocks-mds\data\s3_downloads/TSLA_1772078595.json
[2026-03-01T06:14:33.852+0000] {logging_mixin.py:188} INFO - Downloaded bronze/TSLA/1772078628.json -> D:\ADF_folder\real-time-stocks-mds\data\s3_downloads/TSLA_1772078628.json
[2026-03-01T06:14:34.256+0000] {logging_mixin.py:188} INFO - Downloaded bronze/TSLA/1772078661.json -> D:\ADF_folder\real-time-stocks-mds\data\s3_downloads/TSLA_1772078661.json
[2026-03-01T06:14:34.660+0000] {logging_mixin.py:188} INFO - Downloaded bronze/TSLA/1772078694.json -> D:\ADF_folder\real-time-stocks-mds\data\s3_downloads/TSLA_1772078694.json
[2026-03-01T06:14:35.063+0000] {logging_mixin.py:188} INFO - Downloaded bronze/TSLA/1772078727.json -> D:\ADF_folder\real-time-stocks-mds\data\s3_downloads/TSLA_1772078727.json
[2026-03-01T06:14:35.464+0000] {logging_mixin.py:188} INFO - Downloaded bronze/TSLA/1772078760.json -> D:\ADF_folder\real-time-stocks-mds\data\s3_downloads/TSLA_1772078760.json
[2026-03-01T06:14:35.862+0000] {logging_mixin.py:188} INFO - Downloaded bronze/TSLA/1772078793.json -> D:\ADF_folder\real-time-stocks-mds\data\s3_downloads/TSLA_1772078793.json
[2026-03-01T06:14:36.276+0000] {logging_mixin.py:188} INFO - Downloaded bronze/TSLA/1772078826.json -> D:\ADF_folder\real-time-stocks-mds\data\s3_downloads/TSLA_1772078826.json
[2026-03-01T06:14:36.687+0000] {logging_mixin.py:188} INFO - Downloaded bronze/TSLA/1772078859.json -> D:\ADF_folder\real-time-stocks-mds\data\s3_downloads/TSLA_1772078859.json
[2026-03-01T06:14:37.106+0000] {logging_mixin.py:188} INFO - Downloaded bronze/TSLA/1772078891.json -> D:\ADF_folder\real-time-stocks-mds\data\s3_downloads/TSLA_1772078891.json
[2026-03-01T06:14:38.048+0000] {logging_mixin.py:188} INFO - Downloaded bronze/TSLA/1772078924.json -> D:\ADF_folder\real-time-stocks-mds\data\s3_downloads/TSLA_1772078924.json
[2026-03-01T06:14:38.450+0000] {logging_mixin.py:188} INFO - Downloaded bronze/TSLA/1772078957.json -> D:\ADF_folder\real-time-stocks-mds\data\s3_downloads/TSLA_1772078957.json
[2026-03-01T06:14:38.870+0000] {logging_mixin.py:188} INFO - Downloaded bronze/TSLA/1772078990.json -> D:\ADF_folder\real-time-stocks-mds\data\s3_downloads/TSLA_1772078990.json
[2026-03-01T06:14:39.285+0000] {logging_mixin.py:188} INFO - Downloaded bronze/TSLA/1772079024.json -> D:\ADF_folder\real-time-stocks-mds\data\s3_downloads/TSLA_1772079024.json
[2026-03-01T06:14:39.705+0000] {logging_mixin.py:188} INFO - Downloaded bronze/TSLA/1772079057.json -> D:\ADF_folder\real-time-stocks-mds\data\s3_downloads/TSLA_1772079057.json
[2026-03-01T06:14:40.104+0000] {logging_mixin.py:188} INFO - Downloaded bronze/TSLA/1772079090.json -> D:\ADF_folder\real-time-stocks-mds\data\s3_downloads/TSLA_1772079090.json
[2026-03-01T06:14:40.471+0000] {logging_mixin.py:188} INFO - Downloaded bronze/TSLA/1772079123.json -> D:\ADF_folder\real-time-stocks-mds\data\s3_downloads/TSLA_1772079123.json
[2026-03-01T06:14:40.841+0000] {logging_mixin.py:188} INFO - Downloaded bronze/TSLA/1772079156.json -> D:\ADF_folder\real-time-stocks-mds\data\s3_downloads/TSLA_1772079156.json
[2026-03-01T06:14:41.228+0000] {logging_mixin.py:188} INFO - Downloaded bronze/TSLA/1772079189.json -> D:\ADF_folder\real-time-stocks-mds\data\s3_downloads/TSLA_1772079189.json
[2026-03-01T06:14:41.598+0000] {logging_mixin.py:188} INFO - Downloaded bronze/TSLA/1772079223.json -> D:\ADF_folder\real-time-stocks-mds\data\s3_downloads/TSLA_1772079223.json
[2026-03-01T06:14:41.968+0000] {logging_mixin.py:188} INFO - Downloaded bronze/TSLA/1772079255.json -> D:\ADF_folder\real-time-stocks-mds\data\s3_downloads/TSLA_1772079255.json
[2026-03-01T06:14:42.339+0000] {logging_mixin.py:188} INFO - Downloaded bronze/TSLA/1772079288.json -> D:\ADF_folder\real-time-stocks-mds\data\s3_downloads/TSLA_1772079288.json
[2026-03-01T06:14:42.346+0000] {python.py:201} INFO - Done. Returned value was: ['D:\\ADF_folder\\real-time-stocks-mds\\data\\s3_downloads/AAPL_1771463612.json', 'D:\\ADF_folder\\real-time-stocks-mds\\data\\s3_downloads/AAPL_1771463645.json', 'D:\\ADF_folder\\real-time-stocks-mds\\data\\s3_downloads/AAPL_1771463678.json', 'D:\\ADF_folder\\real-time-stocks-mds\\data\\s3_downloads/AAPL_1771463711.json', 'D:\\ADF_folder\\real-time-stocks-mds\\data\\s3_downloads/AAPL_1771463744.json', 'D:\\ADF_folder\\real-time-stocks-mds\\data\\s3_downloads/AAPL_1771463777.json', 'D:\\ADF_folder\\real-time-stocks-mds\\data\\s3_downloads/AAPL_1771463810.json', 'D:\\ADF_folder\\real-time-stocks-mds\\data\\s3_downloads/AAPL_1771463843.json', 'D:\\ADF_folder\\real-time-stocks-mds\\data\\s3_downloads/AAPL_1771463876.json', 'D:\\ADF_folder\\real-time-stocks-mds\\data\\s3_downloads/AAPL_1771463909.json', 'D:\\ADF_folder\\real-time-stocks-mds\\data\\s3_downloads/AAPL_1771463942.json', 'D:\\ADF_folder\\real-time-stocks-mds\\data\\s3_downloads/AAPL_1771463975.json', 'D:\\ADF_folder\\real-time-stocks-mds\\data\\s3_downloads/AAPL_1771464008.json', 'D:\\ADF_folder\\real-time-stocks-mds\\data\\s3_downloads/AAPL_1771464042.json', 'D:\\ADF_folder\\real-time-stocks-mds\\data\\s3_downloads/AAPL_1771464075.json', 'D:\\ADF_folder\\real-time-stocks-mds\\data\\s3_downloads/AAPL_1771464108.json', 'D:\\ADF_folder\\real-time-stocks-mds\\data\\s3_downloads/AAPL_1771464141.json', 'D:\\ADF_folder\\real-time-stocks-mds\\data\\s3_downloads/AAPL_1771464174.json', 'D:\\ADF_folder\\real-time-stocks-mds\\data\\s3_downloads/AAPL_1771464207.json', 'D:\\ADF_folder\\real-time-stocks-mds\\data\\s3_downloads/AAPL_1771464240.json', 'D:\\ADF_folder\\real-time-stocks-mds\\data\\s3_downloads/AAPL_1771464273.json', 'D:\\ADF_folder\\real-time-stocks-mds\\data\\s3_downloads/AAPL_1771464306.json', 'D:\\ADF_folder\\real-time-stocks-mds\\data\\s3_downloads/AAPL_1771465239.json', 'D:\\ADF_folder\\real-time-stocks-mds\\data\\s3_downloads/AAPL_1771465272.json', 'D:\\ADF_folder\\real-time-stocks-mds\\data\\s3_downloads/AAPL_1771465305.json', 'D:\\ADF_folder\\real-time-stocks-mds\\data\\s3_downloads/AAPL_1771465338.json', 'D:\\ADF_folder\\real-time-stocks-mds\\data\\s3_downloads/AAPL_1771465371.json', 'D:\\ADF_folder\\real-time-stocks-mds\\data\\s3_downloads/AAPL_1771465404.json', 'D:\\ADF_folder\\real-time-stocks-mds\\data\\s3_downloads/AAPL_1771465437.json', 'D:\\ADF_folder\\real-time-stocks-mds\\data\\s3_downloads/AAPL_1771465470.json', 'D:\\ADF_folder\\real-time-stocks-mds\\data\\s3_downloads/AAPL_1771465503.json', 'D:\\ADF_folder\\real-time-stocks-mds\\data\\s3_downloads/AAPL_1771465536.json', 'D:\\ADF_folder\\real-time-stocks-mds\\data\\s3_downloads/AAPL_1771465569.json', 'D:\\ADF_folder\\real-time-stocks-mds\\data\\s3_downloads/AAPL_1772074550.json', 'D:\\ADF_folder\\real-time-stocks-mds\\data\\s3_downloads/AAPL_1772074583.json', 'D:\\ADF_folder\\real-time-stocks-mds\\data\\s3_downloads/AAPL_1772074616.json', 'D:\\ADF_folder\\real-time-stocks-mds\\data\\s3_downloads/AAPL_1772074649.json', 'D:\\ADF_folder\\real-time-stocks-mds\\data\\s3_downloads/AAPL_1772074683.json', 'D:\\ADF_folder\\real-time-stocks-mds\\data\\s3_downloads/AAPL_1772074715.json', 'D:\\ADF_folder\\real-time-stocks-mds\\data\\s3_downloads/AAPL_1772074748.json', 'D:\\ADF_folder\\real-time-stocks-mds\\data\\s3_downloads/AAPL_1772074781.json', 'D:\\ADF_folder\\real-time-stocks-mds\\data\\s3_downloads/AAPL_1772074815.json', 'D:\\ADF_folder\\real-time-stocks-mds\\data\\s3_downloads/AAPL_1772074848.json', 'D:\\ADF_folder\\real-time-stocks-mds\\data\\s3_downloads/AAPL_1772074881.json', 'D:\\ADF_folder\\real-time-stocks-mds\\data\\s3_downloads/AAPL_1772074914.json', 'D:\\ADF_folder\\real-time-stocks-mds\\data\\s3_downloads/AAPL_1772074947.json', 'D:\\ADF_folder\\real-time-stocks-mds\\data\\s3_downloads/AAPL_1772074980.json', 'D:\\ADF_folder\\real-time-stocks-mds\\data\\s3_downloads/AAPL_1772075013.json', 'D:\\ADF_folder\\real-time-stocks-mds\\data\\s3_downloads/AAPL_1772075046.json', 'D:\\ADF_folder\\real-time-stocks-mds\\data\\s3_downloads/AAPL_1772075079.json', 'D:\\ADF_folder\\real-time-stocks-mds\\data\\s3_downloads/AAPL_1772075112.json', 'D:\\ADF_folder\\real-time-stocks-mds\\data\\s3_downloads/AAPL_1772075145.json', 'D:\\ADF_folder\\real-time-stocks-mds\\data\\s3_downloads/AAPL_1772075178.json', 'D:\\ADF_folder\\real-time-stocks-mds\\data\\s3_downloads/AAPL_1772075211.json', 'D:\\ADF_folder\\real-time-stocks-mds\\data\\s3_downloads/AAPL_1772075244.json', 'D:\\ADF_folder\\real-time-stocks-mds\\data\\s3_downloads/AAPL_1772075277.json', 'D:\\ADF_folder\\real-time-stocks-mds\\data\\s3_downloads/AAPL_1772075310.json', 'D:\\ADF_folder\\real-time-stocks-mds\\data\\s3_downloads/AAPL_1772075343.json', 'D:\\ADF_folder\\real-time-stocks-mds\\data\\s3_downloads/AAPL_1772075376.json', 'D:\\ADF_folder\\real-time-stocks-mds\\data\\s3_downloads/AAPL_1772075409.json', 'D:\\ADF_folder\\real-time-stocks-mds\\data\\s3_downloads/AAPL_1772075441.json', 'D:\\ADF_folder\\real-time-stocks-mds\\data\\s3_downloads/AAPL_1772075474.json', 'D:\\ADF_folder\\real-time-stocks-mds\\data\\s3_downloads/AAPL_1772075507.json', 'D:\\ADF_folder\\real-time-stocks-mds\\data\\s3_downloads/AAPL_1772075540.json', 'D:\\ADF_folder\\real-time-stocks-mds\\data\\s3_downloads/AAPL_1772075573.json', 'D:\\ADF_folder\\real-time-stocks-mds\\data\\s3_downloads/AAPL_1772075607.json', 'D:\\ADF_folder\\real-time-stocks-mds\\data\\s3_downloads/AAPL_1772075640.json', 'D:\\ADF_folder\\real-time-stocks-mds\\data\\s3_downloads/AAPL_1772075673.json', 'D:\\ADF_folder\\real-time-stocks-mds\\data\\s3_downloads/AAPL_1772075706.json', 'D:\\ADF_folder\\real-time-stocks-mds\\data\\s3_downloads/AAPL_1772075739.json', 'D:\\ADF_folder\\real-time-stocks-mds\\data\\s3_downloads/AAPL_1772075772.json', 'D:\\ADF_folder\\real-time-stocks-mds\\data\\s3_downloads/AAPL_1772075805.json', 'D:\\ADF_folder\\real-time-stocks-mds\\data\\s3_downloads/AAPL_1772075838.json', 'D:\\ADF_folder\\real-time-stocks-mds\\data\\s3_downloads/AAPL_1772075870.json', 'D:\\ADF_folder\\real-time-stocks-mds\\data\\s3_downloads/AAPL_1772075903.json', 'D:\\ADF_folder\\real-time-stocks-mds\\data\\s3_downloads/AAPL_1772075936.json', 'D:\\ADF_folder\\real-time-stocks-mds\\data\\s3_downloads/AAPL_1772075969.json', 'D:\\ADF_folder\\real-time-stocks-mds\\data\\s3_downloads/AAPL_1772076002.json', 'D:\\ADF_folder\\real-time-stocks-mds\\data\\s3_downloads/AAPL_1772076035.json', 'D:\\ADF_folder\\real-time-stocks-mds\\data\\s3_downloads/AAPL_1772076068.json', 'D:\\ADF_folder\\real-time-stocks-mds\\data\\s3_downloads/AAPL_1772076101.json', 'D:\\ADF_folder\\real-time-stocks-mds\\data\\s3_downloads/AAPL_1772076134.json', 'D:\\ADF_folder\\real-time-stocks-mds\\data\\s3_downloads/AAPL_1772076167.json', 'D:\\ADF_folder\\real-time-stocks-mds\\data\\s3_downloads/AAPL_1772076200.json', 'D:\\ADF_folder\\real-time-stocks-mds\\data\\s3_downloads/AAPL_1772076233.json', 'D:\\ADF_folder\\real-time-stocks-mds\\data\\s3_downloads/AAPL_1772076266.json', 'D:\\ADF_folder\\real-time-stocks-mds\\data\\s3_downloads/AAPL_1772076298.json', 'D:\\ADF_folder\\real-time-stocks-mds\\data\\s3_downloads/AAPL_1772076331.json', 'D:\\ADF_folder\\real-time-stocks-mds\\data\\s3_downloads/AAPL_1772076364.json', 'D:\\ADF_folder\\real-time-stocks-mds\\data\\s3_downloads/AAPL_1772076397.json', 'D:\\ADF_folder\\real-time-stocks-mds\\data\\s3_downloads/AAPL_1772076431.json', 'D:\\ADF_folder\\real-time-stocks-mds\\data\\s3_downloads/AAPL_1772076464.json', 'D:\\ADF_folder\\real-time-stocks-mds\\data\\s3_downloads/AAPL_1772076497.json', 'D:\\ADF_folder\\real-time-stocks-mds\\data\\s3_downloads/AAPL_1772076530.json', 'D:\\ADF_folder\\real-time-stocks-mds\\data\\s3_downloads/AAPL_1772076563.json', 'D:\\ADF_folder\\real-time-stocks-mds\\data\\s3_downloads/AAPL_1772076595.json', 'D:\\ADF_folder\\real-time-stocks-mds\\data\\s3_downloads/AAPL_1772076628.json', 'D:\\ADF_folder\\real-time-stocks-mds\\data\\s3_downloads/AAPL_1772076661.json', 'D:\\ADF_folder\\real-time-stocks-mds\\data\\s3_downloads/AAPL_1772076694.json', 'D:\\ADF_folder\\real-time-stocks-mds\\data\\s3_downloads/AAPL_1772076727.json', 'D:\\ADF_folder\\real-time-stocks-mds\\data\\s3_downloads/AAPL_1772076760.json', 'D:\\ADF_folder\\real-time-stocks-mds\\data\\s3_downloads/AAPL_1772076793.json', 'D:\\ADF_folder\\real-time-stocks-mds\\data\\s3_downloads/AAPL_1772076826.json', 'D:\\ADF_folder\\real-time-stocks-mds\\data\\s3_downloads/AAPL_1772076859.json', 'D:\\ADF_folder\\real-time-stocks-mds\\data\\s3_downloads/AAPL_1772076892.json', 'D:\\ADF_folder\\real-time-stocks-mds\\data\\s3_downloads/AAPL_1772076925.json', 'D:\\ADF_folder\\real-time-stocks-mds\\data\\s3_downloads/AAPL_1772076958.json', 'D:\\ADF_folder\\real-time-stocks-mds\\data\\s3_downloads/AAPL_1772076991.json', 'D:\\ADF_folder\\real-time-stocks-mds\\data\\s3_downloads/AAPL_1772077025.json', 'D:\\ADF_folder\\real-time-stocks-mds\\data\\s3_downloads/AAPL_1772077058.json', 'D:\\ADF_folder\\real-time-stocks-mds\\data\\s3_downloads/AAPL_1772077091.json', 'D:\\ADF_folder\\real-time-stocks-mds\\data\\s3_downloads/AAPL_1772077123.json', 'D:\\ADF_folder\\real-time-stocks-mds\\data\\s3_downloads/AAPL_1772077157.json', 'D:\\ADF_folder\\real-time-stocks-mds\\data\\s3_downloads/AAPL_1772077190.json', 'D:\\ADF_folder\\real-time-stocks-mds\\data\\s3_downloads/AAPL_1772077223.json', 'D:\\ADF_folder\\real-time-stocks-mds\\data\\s3_downloads/AAPL_1772077256.json', 'D:\\ADF_folder\\real-time-stocks-mds\\data\\s3_downloads/AAPL_1772077289.json', 'D:\\ADF_folder\\real-time-stocks-mds\\data\\s3_downloads/AAPL_1772077322.json', 'D:\\ADF_folder\\real-time-stocks-mds\\data\\s3_downloads/AAPL_1772077356.json', 'D:\\ADF_folder\\real-time-stocks-mds\\data\\s3_downloads/AAPL_1772077388.json', 'D:\\ADF_folder\\real-time-stocks-mds\\data\\s3_downloads/AAPL_1772077421.json', 'D:\\ADF_folder\\real-time-stocks-mds\\data\\s3_downloads/AAPL_1772077454.json', 'D:\\ADF_folder\\real-time-stocks-mds\\data\\s3_downloads/AAPL_1772077487.json', 'D:\\ADF_folder\\real-time-stocks-mds\\data\\s3_downloads/AAPL_1772077520.json', 'D:\\ADF_folder\\real-time-stocks-mds\\data\\s3_downloads/AAPL_1772077553.json', 'D:\\ADF_folder\\real-time-stocks-mds\\data\\s3_downloads/AAPL_1772077586.json', 'D:\\ADF_folder\\real-time-stocks-mds\\data\\s3_downloads/AAPL_1772077619.json', 'D:\\ADF_folder\\real-time-stocks-mds\\data\\s3_downloads/AAPL_1772077652.json', 'D:\\ADF_folder\\real-time-stocks-mds\\data\\s3_downloads/AAPL_1772077685.json', 'D:\\ADF_folder\\real-time-stocks-mds\\data\\s3_downloads/AAPL_1772077718.json', 'D:\\ADF_folder\\real-time-stocks-mds\\data\\s3_downloads/AAPL_1772077750.json', 'D:\\ADF_folder\\real-time-stocks-mds\\data\\s3_downloads/AAPL_1772077783.json', 'D:\\ADF_folder\\real-time-stocks-mds\\data\\s3_downloads/AAPL_1772077816.json', 'D:\\ADF_folder\\real-time-stocks-mds\\data\\s3_downloads/AAPL_1772077849.json', 'D:\\ADF_folder\\real-time-stocks-mds\\data\\s3_downloads/AAPL_1772077882.json', 'D:\\ADF_folder\\real-time-stocks-mds\\data\\s3_downloads/AAPL_1772077915.json', 'D:\\ADF_folder\\real-time-stocks-mds\\data\\s3_downloads/AAPL_1772077947.json', 'D:\\ADF_folder\\real-time-stocks-mds\\data\\s3_downloads/AAPL_1772077980.json', 'D:\\ADF_folder\\real-time-stocks-mds\\data\\s3_downloads/AAPL_1772078013.json', 'D:\\ADF_folder\\real-time-stocks-mds\\data\\s3_downloads/AAPL_1772078046.json', 'D:\\ADF_folder\\real-time-stocks-mds\\data\\s3_downloads/AAPL_1772078079.json', 'D:\\ADF_folder\\real-time-stocks-mds\\data\\s3_downloads/AAPL_1772078112.json', 'D:\\ADF_folder\\real-time-stocks-mds\\data\\s3_downloads/AAPL_1772078145.json', 'D:\\ADF_folder\\real-time-stocks-mds\\data\\s3_downloads/AAPL_1772078178.json', 'D:\\ADF_folder\\real-time-stocks-mds\\data\\s3_downloads/AAPL_1772078211.json', 'D:\\ADF_folder\\real-time-stocks-mds\\data\\s3_downloads/AAPL_1772078244.json', 'D:\\ADF_folder\\real-time-stocks-mds\\data\\s3_downloads/AAPL_1772078277.json', 'D:\\ADF_folder\\real-time-stocks-mds\\data\\s3_downloads/AAPL_1772078310.json', 'D:\\ADF_folder\\real-time-stocks-mds\\data\\s3_downloads/AAPL_1772078342.json', 'D:\\ADF_folder\\real-time-stocks-mds\\data\\s3_downloads/AAPL_1772078375.json', 'D:\\ADF_folder\\real-time-stocks-mds\\data\\s3_downloads/AAPL_1772078409.json', 'D:\\ADF_folder\\real-time-stocks-mds\\data\\s3_downloads/AAPL_1772078442.json', 'D:\\ADF_folder\\real-time-stocks-mds\\data\\s3_downloads/AAPL_1772078475.json', 'D:\\ADF_folder\\real-time-stocks-mds\\data\\s3_downloads/AAPL_1772078509.json', 'D:\\ADF_folder\\real-time-stocks-mds\\data\\s3_downloads/AAPL_1772078542.json', 'D:\\ADF_folder\\real-time-stocks-mds\\data\\s3_downloads/AAPL_1772078575.json', 'D:\\ADF_folder\\real-time-stocks-mds\\data\\s3_downloads/AAPL_1772078608.json', 'D:\\ADF_folder\\real-time-stocks-mds\\data\\s3_downloads/AAPL_1772078641.json', 'D:\\ADF_folder\\real-time-stocks-mds\\data\\s3_downloads/AAPL_1772078674.json', 'D:\\ADF_folder\\real-time-stocks-mds\\data\\s3_downloads/AAPL_1772078707.json', 'D:\\ADF_folder\\real-time-stocks-mds\\data\\s3_downloads/AAPL_1772078740.json', 'D:\\ADF_folder\\real-time-stocks-mds\\data\\s3_downloads/AAPL_1772078773.json', 'D:\\ADF_folder\\real-time-stocks-mds\\data\\s3_downloads/AAPL_1772078806.json', 'D:\\ADF_folder\\real-time-stocks-mds\\data\\s3_downloads/AAPL_1772078839.json', 'D:\\ADF_folder\\real-time-stocks-mds\\data\\s3_downloads/AAPL_1772078872.json', 'D:\\ADF_folder\\real-time-stocks-mds\\data\\s3_downloads/AAPL_1772078904.json', 'D:\\ADF_folder\\real-time-stocks-mds\\data\\s3_downloads/AAPL_1772078937.json', 'D:\\ADF_folder\\real-time-stocks-mds\\data\\s3_downloads/AAPL_1772078970.json', 'D:\\ADF_folder\\real-time-stocks-mds\\data\\s3_downloads/AAPL_1772079004.json', 'D:\\ADF_folder\\real-time-stocks-mds\\data\\s3_downloads/AAPL_1772079037.json', 'D:\\ADF_folder\\real-time-stocks-mds\\data\\s3_downloads/AAPL_1772079071.json', 'D:\\ADF_folder\\real-time-stocks-mds\\data\\s3_downloads/AAPL_1772079104.json', 'D:\\ADF_folder\\real-time-stocks-mds\\data\\s3_downloads/AAPL_1772079137.json', 'D:\\ADF_folder\\real-time-stocks-mds\\data\\s3_downloads/AAPL_1772079170.json', 'D:\\ADF_folder\\real-time-stocks-mds\\data\\s3_downloads/AAPL_1772079203.json', 'D:\\ADF_folder\\real-time-stocks-mds\\data\\s3_downloads/AAPL_1772079236.json', 'D:\\ADF_folder\\real-time-stocks-mds\\data\\s3_downloads/AAPL_1772079269.json', 'D:\\ADF_folder\\real-time-stocks-mds\\data\\s3_downloads/GOOGL_1771463605.json', 'D:\\ADF_folder\\real-time-stocks-mds\\data\\s3_downloads/GOOGL_1771463638.json', 'D:\\ADF_folder\\real-time-stocks-mds\\data\\s3_downloads/GOOGL_1771463671.json', 'D:\\ADF_folder\\real-time-stocks-mds\\data\\s3_downloads/GOOGL_1771463704.json', 'D:\\ADF_folder\\real-time-stocks-mds\\data\\s3_downloads/GOOGL_1771463737.json', 'D:\\ADF_folder\\real-time-stocks-mds\\data\\s3_downloads/GOOGL_1771463770.json', 'D:\\ADF_folder\\real-time-stocks-mds\\data\\s3_downloads/GOOGL_1771463803.json', 'D:\\ADF_folder\\real-time-stocks-mds\\data\\s3_downloads/GOOGL_1771463836.json', 'D:\\ADF_folder\\real-time-stocks-mds\\data\\s3_downloads/GOOGL_1771463869.json', 'D:\\ADF_folder\\real-time-stocks-mds\\data\\s3_downloads/GOOGL_1771463902.json', 'D:\\ADF_folder\\real-time-stocks-mds\\data\\s3_downloads/GOOGL_1771463936.json', 'D:\\ADF_folder\\real-time-stocks-mds\\data\\s3_downloads/GOOGL_1771463968.json', 'D:\\ADF_folder\\real-time-stocks-mds\\data\\s3_downloads/GOOGL_1771464002.json', 'D:\\ADF_folder\\real-time-stocks-mds\\data\\s3_downloads/GOOGL_1771464035.json', 'D:\\ADF_folder\\real-time-stocks-mds\\data\\s3_downloads/GOOGL_1771464068.json', 'D:\\ADF_folder\\real-time-stocks-mds\\data\\s3_downloads/GOOGL_1771464101.json', 'D:\\ADF_folder\\real-time-stocks-mds\\data\\s3_downloads/GOOGL_1771464134.json', 'D:\\ADF_folder\\real-time-stocks-mds\\data\\s3_downloads/GOOGL_1771464167.json', 'D:\\ADF_folder\\real-time-stocks-mds\\data\\s3_downloads/GOOGL_1771464200.json', 'D:\\ADF_folder\\real-time-stocks-mds\\data\\s3_downloads/GOOGL_1771464233.json', 'D:\\ADF_folder\\real-time-stocks-mds\\data\\s3_downloads/GOOGL_1771464266.json', 'D:\\ADF_folder\\real-time-stocks-mds\\data\\s3_downloads/GOOGL_1771464299.json', 'D:\\ADF_folder\\real-time-stocks-mds\\data\\s3_downloads/GOOGL_1771465232.json', 'D:\\ADF_folder\\real-time-stocks-mds\\data\\s3_downloads/GOOGL_1771465265.json', 'D:\\ADF_folder\\real-time-stocks-mds\\data\\s3_downloads/GOOGL_1771465298.json', 'D:\\ADF_folder\\real-time-stocks-mds\\data\\s3_downloads/GOOGL_1771465331.json', 'D:\\ADF_folder\\real-time-stocks-mds\\data\\s3_downloads/GOOGL_1771465364.json', 'D:\\ADF_folder\\real-time-stocks-mds\\data\\s3_downloads/GOOGL_1771465397.json', 'D:\\ADF_folder\\real-time-stocks-mds\\data\\s3_downloads/GOOGL_1771465430.json', 'D:\\ADF_folder\\real-time-stocks-mds\\data\\s3_downloads/GOOGL_1771465463.json', 'D:\\ADF_folder\\real-time-stocks-mds\\data\\s3_downloads/GOOGL_1771465496.json', 'D:\\ADF_folder\\real-time-stocks-mds\\data\\s3_downloads/GOOGL_1771465529.json', 'D:\\ADF_folder\\real-time-stocks-mds\\data\\s3_downloads/GOOGL_1771465562.json', 'D:\\ADF_folder\\real-time-stocks-mds\\data\\s3_downloads/GOOGL_1772074576.json', 'D:\\ADF_folder\\real-time-stocks-mds\\data\\s3_downloads/GOOGL_1772074609.json', 'D:\\ADF_folder\\real-time-stocks-mds\\data\\s3_downloads/GOOGL_1772074642.json', 'D:\\ADF_folder\\real-time-stocks-mds\\data\\s3_downloads/GOOGL_1772074676.json', 'D:\\ADF_folder\\real-time-stocks-mds\\data\\s3_downloads/GOOGL_1772074709.json', 'D:\\ADF_folder\\real-time-stocks-mds\\data\\s3_downloads/GOOGL_1772074742.json', 'D:\\ADF_folder\\real-time-stocks-mds\\data\\s3_downloads/GOOGL_1772074775.json', 'D:\\ADF_folder\\real-time-stocks-mds\\data\\s3_downloads/GOOGL_1772074808.json', 'D:\\ADF_folder\\real-time-stocks-mds\\data\\s3_downloads/GOOGL_1772074841.json', 'D:\\ADF_folder\\real-time-stocks-mds\\data\\s3_downloads/GOOGL_1772074874.json', 'D:\\ADF_folder\\real-time-stocks-mds\\data\\s3_downloads/GOOGL_1772074907.json', 'D:\\ADF_folder\\real-time-stocks-mds\\data\\s3_downloads/GOOGL_1772074940.json', 'D:\\ADF_folder\\real-time-stocks-mds\\data\\s3_downloads/GOOGL_1772074973.json', 'D:\\ADF_folder\\real-time-stocks-mds\\data\\s3_downloads/GOOGL_1772075006.json', 'D:\\ADF_folder\\real-time-stocks-mds\\data\\s3_downloads/GOOGL_1772075039.json', 'D:\\ADF_folder\\real-time-stocks-mds\\data\\s3_downloads/GOOGL_1772075072.json', 'D:\\ADF_folder\\real-time-stocks-mds\\data\\s3_downloads/GOOGL_1772075105.json', 'D:\\ADF_folder\\real-time-stocks-mds\\data\\s3_downloads/GOOGL_1772075138.json', 'D:\\ADF_folder\\real-time-stocks-mds\\data\\s3_downloads/GOOGL_1772075171.json', 'D:\\ADF_folder\\real-time-stocks-mds\\data\\s3_downloads/GOOGL_1772075204.json', 'D:\\ADF_folder\\real-time-stocks-mds\\data\\s3_downloads/GOOGL_1772075237.json', 'D:\\ADF_folder\\real-time-stocks-mds\\data\\s3_downloads/GOOGL_1772075270.json', 'D:\\ADF_folder\\real-time-stocks-mds\\data\\s3_downloads/GOOGL_1772075303.json', 'D:\\ADF_folder\\real-time-stocks-mds\\data\\s3_downloads/GOOGL_1772075336.json', 'D:\\ADF_folder\\real-time-stocks-mds\\data\\s3_downloads/GOOGL_1772075369.json', 'D:\\ADF_folder\\real-time-stocks-mds\\data\\s3_downloads/GOOGL_1772075402.json', 'D:\\ADF_folder\\real-time-stocks-mds\\data\\s3_downloads/GOOGL_1772075435.json', 'D:\\ADF_folder\\real-time-stocks-mds\\data\\s3_downloads/GOOGL_1772075468.json', 'D:\\ADF_folder\\real-time-stocks-mds\\data\\s3_downloads/GOOGL_1772075500.json', 'D:\\ADF_folder\\real-time-stocks-mds\\data\\s3_downloads/GOOGL_1772075533.json', 'D:\\ADF_folder\\real-time-stocks-mds\\data\\s3_downloads/GOOGL_1772075566.json', 'D:\\ADF_folder\\real-time-stocks-mds\\data\\s3_downloads/GOOGL_1772075600.json', 'D:\\ADF_folder\\real-time-stocks-mds\\data\\s3_downloads/GOOGL_1772075634.json', 'D:\\ADF_folder\\real-time-stocks-mds\\data\\s3_downloads/GOOGL_1772075666.json', 'D:\\ADF_folder\\real-time-stocks-mds\\data\\s3_downloads/GOOGL_1772075699.json', 'D:\\ADF_folder\\real-time-stocks-mds\\data\\s3_downloads/GOOGL_1772075732.json', 'D:\\ADF_folder\\real-time-stocks-mds\\data\\s3_downloads/GOOGL_1772075765.json', 'D:\\ADF_folder\\real-time-stocks-mds\\data\\s3_downloads/GOOGL_1772075798.json', 'D:\\ADF_folder\\real-time-stocks-mds\\data\\s3_downloads/GOOGL_1772075831.json', 'D:\\ADF_folder\\real-time-stocks-mds\\data\\s3_downloads/GOOGL_1772075864.json', 'D:\\ADF_folder\\real-time-stocks-mds\\data\\s3_downloads/GOOGL_1772075896.json', 'D:\\ADF_folder\\real-time-stocks-mds\\data\\s3_downloads/GOOGL_1772075930.json', 'D:\\ADF_folder\\real-time-stocks-mds\\data\\s3_downloads/GOOGL_1772075962.json', 'D:\\ADF_folder\\real-time-stocks-mds\\data\\s3_downloads/GOOGL_1772075995.json', 'D:\\ADF_folder\\real-time-stocks-mds\\data\\s3_downloads/GOOGL_1772076028.json', 'D:\\ADF_folder\\real-time-stocks-mds\\data\\s3_downloads/GOOGL_1772076062.json', 'D:\\ADF_folder\\real-time-stocks-mds\\data\\s3_downloads/GOOGL_1772076094.json', 'D:\\ADF_folder\\real-time-stocks-mds\\data\\s3_downloads/GOOGL_1772076127.json', 'D:\\ADF_folder\\real-time-stocks-mds\\data\\s3_downloads/GOOGL_1772076160.json', 'D:\\ADF_folder\\real-time-stocks-mds\\data\\s3_downloads/GOOGL_1772076193.json', 'D:\\ADF_folder\\real-time-stocks-mds\\data\\s3_downloads/GOOGL_1772076226.json', 'D:\\ADF_folder\\real-time-stocks-mds\\data\\s3_downloads/GOOGL_1772076259.json', 'D:\\ADF_folder\\real-time-stocks-mds\\data\\s3_downloads/GOOGL_1772076292.json', 'D:\\ADF_folder\\real-time-stocks-mds\\data\\s3_downloads/GOOGL_1772076325.json', 'D:\\ADF_folder\\real-time-stocks-mds\\data\\s3_downloads/GOOGL_1772076357.json', 'D:\\ADF_folder\\real-time-stocks-mds\\data\\s3_downloads/GOOGL_1772076390.json', 'D:\\ADF_folder\\real-time-stocks-mds\\data\\s3_downloads/GOOGL_1772076423.json', 'D:\\ADF_folder\\real-time-stocks-mds\\data\\s3_downloads/GOOGL_1772076457.json', 'D:\\ADF_folder\\real-time-stocks-mds\\data\\s3_downloads/GOOGL_1772076490.json', 'D:\\ADF_folder\\real-time-stocks-mds\\data\\s3_downloads/GOOGL_1772076523.json', 'D:\\ADF_folder\\real-time-stocks-mds\\data\\s3_downloads/GOOGL_1772076556.json', 'D:\\ADF_folder\\real-time-stocks-mds\\data\\s3_downloads/GOOGL_1772076589.json', 'D:\\ADF_folder\\real-time-stocks-mds\\data\\s3_downloads/GOOGL_1772076622.json', 'D:\\ADF_folder\\real-time-stocks-mds\\data\\s3_downloads/GOOGL_1772076655.json', 'D:\\ADF_folder\\real-time-stocks-mds\\data\\s3_downloads/GOOGL_1772076687.json', 'D:\\ADF_folder\\real-time-stocks-mds\\data\\s3_downloads/GOOGL_1772076720.json', 'D:\\ADF_folder\\real-time-stocks-mds\\data\\s3_downloads/GOOGL_1772076754.json', 'D:\\ADF_folder\\real-time-stocks-mds\\data\\s3_downloads/GOOGL_1772076787.json', 'D:\\ADF_folder\\real-time-stocks-mds\\data\\s3_downloads/GOOGL_1772076820.json', 'D:\\ADF_folder\\real-time-stocks-mds\\data\\s3_downloads/GOOGL_1772076853.json', 'D:\\ADF_folder\\real-time-stocks-mds\\data\\s3_downloads/GOOGL_1772076886.json', 'D:\\ADF_folder\\real-time-stocks-mds\\data\\s3_downloads/GOOGL_1772076919.json', 'D:\\ADF_folder\\real-time-stocks-mds\\data\\s3_downloads/GOOGL_1772076952.json', 'D:\\ADF_folder\\real-time-stocks-mds\\data\\s3_downloads/GOOGL_1772076985.json', 'D:\\ADF_folder\\real-time-stocks-mds\\data\\s3_downloads/GOOGL_1772077018.json', 'D:\\ADF_folder\\real-time-stocks-mds\\data\\s3_downloads/GOOGL_1772077051.json', 'D:\\ADF_folder\\real-time-stocks-mds\\data\\s3_downloads/GOOGL_1772077084.json', 'D:\\ADF_folder\\real-time-stocks-mds\\data\\s3_downloads/GOOGL_1772077117.json', 'D:\\ADF_folder\\real-time-stocks-mds\\data\\s3_downloads/GOOGL_1772077150.json', 'D:\\ADF_folder\\real-time-stocks-mds\\data\\s3_downloads/GOOGL_1772077183.json', 'D:\\ADF_folder\\real-time-stocks-mds\\data\\s3_downloads/GOOGL_1772077216.json', 'D:\\ADF_folder\\real-time-stocks-mds\\data\\s3_downloads/GOOGL_1772077249.json', 'D:\\ADF_folder\\real-time-stocks-mds\\data\\s3_downloads/GOOGL_1772077282.json', 'D:\\ADF_folder\\real-time-stocks-mds\\data\\s3_downloads/GOOGL_1772077315.json', 'D:\\ADF_folder\\real-time-stocks-mds\\data\\s3_downloads/GOOGL_1772077349.json', 'D:\\ADF_folder\\real-time-stocks-mds\\data\\s3_downloads/GOOGL_1772077382.json', 'D:\\ADF_folder\\real-time-stocks-mds\\data\\s3_downloads/GOOGL_1772077415.json', 'D:\\ADF_folder\\real-time-stocks-mds\\data\\s3_downloads/GOOGL_1772077448.json', 'D:\\ADF_folder\\real-time-stocks-mds\\data\\s3_downloads/GOOGL_1772077481.json', 'D:\\ADF_folder\\real-time-stocks-mds\\data\\s3_downloads/GOOGL_1772077513.json', 'D:\\ADF_folder\\real-time-stocks-mds\\data\\s3_downloads/GOOGL_1772077546.json', 'D:\\ADF_folder\\real-time-stocks-mds\\data\\s3_downloads/GOOGL_1772077579.json', 'D:\\ADF_folder\\real-time-stocks-mds\\data\\s3_downloads/GOOGL_1772077612.json', 'D:\\ADF_folder\\real-time-stocks-mds\\data\\s3_downloads/GOOGL_1772077645.json', 'D:\\ADF_folder\\real-time-stocks-mds\\data\\s3_downloads/GOOGL_1772077678.json', 'D:\\ADF_folder\\real-time-stocks-mds\\data\\s3_downloads/GOOGL_1772077711.json', 'D:\\ADF_folder\\real-time-stocks-mds\\data\\s3_downloads/GOOGL_1772077744.json', 'D:\\ADF_folder\\real-time-stocks-mds\\data\\s3_downloads/GOOGL_1772077777.json', 'D:\\ADF_folder\\real-time-stocks-mds\\data\\s3_downloads/GOOGL_1772077810.json', 'D:\\ADF_folder\\real-time-stocks-mds\\data\\s3_downloads/GOOGL_1772077842.json', 'D:\\ADF_folder\\real-time-stocks-mds\\data\\s3_downloads/GOOGL_1772077875.json', 'D:\\ADF_folder\\real-time-stocks-mds\\data\\s3_downloads/GOOGL_1772077908.json', 'D:\\ADF_folder\\real-time-stocks-mds\\data\\s3_downloads/GOOGL_1772077941.json', 'D:\\ADF_folder\\real-time-stocks-mds\\data\\s3_downloads/GOOGL_1772077974.json', 'D:\\ADF_folder\\real-time-stocks-mds\\data\\s3_downloads/GOOGL_1772078006.json', 'D:\\ADF_folder\\real-time-stocks-mds\\data\\s3_downloads/GOOGL_1772078039.json', 'D:\\ADF_folder\\real-time-stocks-mds\\data\\s3_downloads/GOOGL_1772078072.json', 'D:\\ADF_folder\\real-time-stocks-mds\\data\\s3_downloads/GOOGL_1772078105.json', 'D:\\ADF_folder\\real-time-stocks-mds\\data\\s3_downloads/GOOGL_1772078138.json', 'D:\\ADF_folder\\real-time-stocks-mds\\data\\s3_downloads/GOOGL_1772078171.json', 'D:\\ADF_folder\\real-time-stocks-mds\\data\\s3_downloads/GOOGL_1772078204.json', 'D:\\ADF_folder\\real-time-stocks-mds\\data\\s3_downloads/GOOGL_1772078237.json', 'D:\\ADF_folder\\real-time-stocks-mds\\data\\s3_downloads/GOOGL_1772078270.json', 'D:\\ADF_folder\\real-time-stocks-mds\\data\\s3_downloads/GOOGL_1772078303.json', 'D:\\ADF_folder\\real-time-stocks-mds\\data\\s3_downloads/GOOGL_1772078336.json', 'D:\\ADF_folder\\real-time-stocks-mds\\data\\s3_downloads/GOOGL_1772078369.json', 'D:\\ADF_folder\\real-time-stocks-mds\\data\\s3_downloads/GOOGL_1772078402.json', 'D:\\ADF_folder\\real-time-stocks-mds\\data\\s3_downloads/GOOGL_1772078435.json', 'D:\\ADF_folder\\real-time-stocks-mds\\data\\s3_downloads/GOOGL_1772078468.json', 'D:\\ADF_folder\\real-time-stocks-mds\\data\\s3_downloads/GOOGL_1772078502.json', 'D:\\ADF_folder\\real-time-stocks-mds\\data\\s3_downloads/GOOGL_1772078535.json', 'D:\\ADF_folder\\real-time-stocks-mds\\data\\s3_downloads/GOOGL_1772078568.json', 'D:\\ADF_folder\\real-time-stocks-mds\\data\\s3_downloads/GOOGL_1772078601.json', 'D:\\ADF_folder\\real-time-stocks-mds\\data\\s3_downloads/GOOGL_1772078635.json', 'D:\\ADF_folder\\real-time-stocks-mds\\data\\s3_downloads/GOOGL_1772078667.json', 'D:\\ADF_folder\\real-time-stocks-mds\\data\\s3_downloads/GOOGL_1772078700.json', 'D:\\ADF_folder\\real-time-stocks-mds\\data\\s3_downloads/GOOGL_1772078733.json', 'D:\\ADF_folder\\real-time-stocks-mds\\data\\s3_downloads/GOOGL_1772078766.json', 'D:\\ADF_folder\\real-time-stocks-mds\\data\\s3_downloads/GOOGL_1772078799.json', 'D:\\ADF_folder\\real-time-stocks-mds\\data\\s3_downloads/GOOGL_1772078832.json', 'D:\\ADF_folder\\real-time-stocks-mds\\data\\s3_downloads/GOOGL_1772078865.json', 'D:\\ADF_folder\\real-time-stocks-mds\\data\\s3_downloads/GOOGL_1772078898.json', 'D:\\ADF_folder\\real-time-stocks-mds\\data\\s3_downloads/GOOGL_1772078931.json', 'D:\\ADF_folder\\real-time-stocks-mds\\data\\s3_downloads/GOOGL_1772078964.json', 'D:\\ADF_folder\\real-time-stocks-mds\\data\\s3_downloads/GOOGL_1772078997.json', 'D:\\ADF_folder\\real-time-stocks-mds\\data\\s3_downloads/GOOGL_1772079030.json', 'D:\\ADF_folder\\real-time-stocks-mds\\data\\s3_downloads/GOOGL_1772079064.json', 'D:\\ADF_folder\\real-time-stocks-mds\\data\\s3_downloads/GOOGL_1772079097.json', 'D:\\ADF_folder\\real-time-stocks-mds\\data\\s3_downloads/GOOGL_1772079130.json', 'D:\\ADF_folder\\real-time-stocks-mds\\data\\s3_downloads/GOOGL_1772079163.json', 'D:\\ADF_folder\\real-time-stocks-mds\\data\\s3_downloads/GOOGL_1772079196.json', 'D:\\ADF_folder\\real-time-stocks-mds\\data\\s3_downloads/GOOGL_1772079229.json', 'D:\\ADF_folder\\real-time-stocks-mds\\data\\s3_downloads/GOOGL_1772079262.json', 'D:\\ADF_folder\\real-time-stocks-mds\\data\\s3_downloads/GOOGL_1772079295.json', 'D:\\ADF_folder\\real-time-stocks-mds\\data\\s3_downloads/AMZN_1771463619.json', 'D:\\ADF_folder\\real-time-stocks-mds\\data\\s3_downloads/AMZN_1771463651.json', 'D:\\ADF_folder\\real-time-stocks-mds\\data\\s3_downloads/AMZN_1771463684.json', 'D:\\ADF_folder\\real-time-stocks-mds\\data\\s3_downloads/AMZN_1771463718.json', 'D:\\ADF_folder\\real-time-stocks-mds\\data\\s3_downloads/AMZN_1771463750.json', 'D:\\ADF_folder\\real-time-stocks-mds\\data\\s3_downloads/AMZN_1771463783.json', 'D:\\ADF_folder\\real-time-stocks-mds\\data\\s3_downloads/AMZN_1771463816.json', 'D:\\ADF_folder\\real-time-stocks-mds\\data\\s3_downloads/AMZN_1771463849.json', 'D:\\ADF_folder\\real-time-stocks-mds\\data\\s3_downloads/AMZN_1771463882.json', 'D:\\ADF_folder\\real-time-stocks-mds\\data\\s3_downloads/AMZN_1771463916.json', 'D:\\ADF_folder\\real-time-stocks-mds\\data\\s3_downloads/AMZN_1771463949.json', 'D:\\ADF_folder\\real-time-stocks-mds\\data\\s3_downloads/AMZN_1771463982.json', 'D:\\ADF_folder\\real-time-stocks-mds\\data\\s3_downloads/AMZN_1771464015.json', 'D:\\ADF_folder\\real-time-stocks-mds\\data\\s3_downloads/AMZN_1771464048.json', 'D:\\ADF_folder\\real-time-stocks-mds\\data\\s3_downloads/AMZN_1771464082.json', 'D:\\ADF_folder\\real-time-stocks-mds\\data\\s3_downloads/AMZN_1771464115.json', 'D:\\ADF_folder\\real-time-stocks-mds\\data\\s3_downloads/AMZN_1771464148.json', 'D:\\ADF_folder\\real-time-stocks-mds\\data\\s3_downloads/AMZN_1771464181.json', 'D:\\ADF_folder\\real-time-stocks-mds\\data\\s3_downloads/AMZN_1771464213.json', 'D:\\ADF_folder\\real-time-stocks-mds\\data\\s3_downloads/AMZN_1771464247.json', 'D:\\ADF_folder\\real-time-stocks-mds\\data\\s3_downloads/AMZN_1771464280.json', 'D:\\ADF_folder\\real-time-stocks-mds\\data\\s3_downloads/AMZN_1771464313.json', 'D:\\ADF_folder\\real-time-stocks-mds\\data\\s3_downloads/AMZN_1771465245.json', 'D:\\ADF_folder\\real-time-stocks-mds\\data\\s3_downloads/AMZN_1771465279.json', 'D:\\ADF_folder\\real-time-stocks-mds\\data\\s3_downloads/AMZN_1771465312.json', 'D:\\ADF_folder\\real-time-stocks-mds\\data\\s3_downloads/AMZN_1771465344.json', 'D:\\ADF_folder\\real-time-stocks-mds\\data\\s3_downloads/AMZN_1771465378.json', 'D:\\ADF_folder\\real-time-stocks-mds\\data\\s3_downloads/AMZN_1771465411.json', 'D:\\ADF_folder\\real-time-stocks-mds\\data\\s3_downloads/AMZN_1771465443.json', 'D:\\ADF_folder\\real-time-stocks-mds\\data\\s3_downloads/AMZN_1771465477.json', 'D:\\ADF_folder\\real-time-stocks-mds\\data\\s3_downloads/AMZN_1771465510.json', 'D:\\ADF_folder\\real-time-stocks-mds\\data\\s3_downloads/AMZN_1771465543.json', 'D:\\ADF_folder\\real-time-stocks-mds\\data\\s3_downloads/AMZN_1771465576.json', 'D:\\ADF_folder\\real-time-stocks-mds\\data\\s3_downloads/AMZN_1772074557.json', 'D:\\ADF_folder\\real-time-stocks-mds\\data\\s3_downloads/AMZN_1772074590.json', 'D:\\ADF_folder\\real-time-stocks-mds\\data\\s3_downloads/AMZN_1772074622.json', 'D:\\ADF_folder\\real-time-stocks-mds\\data\\s3_downloads/AMZN_1772074655.json', 'D:\\ADF_folder\\real-time-stocks-mds\\data\\s3_downloads/AMZN_1772074689.json', 'D:\\ADF_folder\\real-time-stocks-mds\\data\\s3_downloads/AMZN_1772074722.json', 'D:\\ADF_folder\\real-time-stocks-mds\\data\\s3_downloads/AMZN_1772074755.json', 'D:\\ADF_folder\\real-time-stocks-mds\\data\\s3_downloads/AMZN_1772074788.json', 'D:\\ADF_folder\\real-time-stocks-mds\\data\\s3_downloads/AMZN_1772074822.json', 'D:\\ADF_folder\\real-time-stocks-mds\\data\\s3_downloads/AMZN_1772074855.json', 'D:\\ADF_folder\\real-time-stocks-mds\\data\\s3_downloads/AMZN_1772074887.json', 'D:\\ADF_folder\\real-time-stocks-mds\\data\\s3_downloads/AMZN_1772074921.json', 'D:\\ADF_folder\\real-time-stocks-mds\\data\\s3_downloads/AMZN_1772074954.json', 'D:\\ADF_folder\\real-time-stocks-mds\\data\\s3_downloads/AMZN_1772074986.json', 'D:\\ADF_folder\\real-time-stocks-mds\\data\\s3_downloads/AMZN_1772075020.json', 'D:\\ADF_folder\\real-time-stocks-mds\\data\\s3_downloads/AMZN_1772075052.json', 'D:\\ADF_folder\\real-time-stocks-mds\\data\\s3_downloads/AMZN_1772075086.json', 'D:\\ADF_folder\\real-time-stocks-mds\\data\\s3_downloads/AMZN_1772075119.json', 'D:\\ADF_folder\\real-time-stocks-mds\\data\\s3_downloads/AMZN_1772075152.json', 'D:\\ADF_folder\\real-time-stocks-mds\\data\\s3_downloads/AMZN_1772075184.json', 'D:\\ADF_folder\\real-time-stocks-mds\\data\\s3_downloads/AMZN_1772075217.json', 'D:\\ADF_folder\\real-time-stocks-mds\\data\\s3_downloads/AMZN_1772075250.json', 'D:\\ADF_folder\\real-time-stocks-mds\\data\\s3_downloads/AMZN_1772075283.json', 'D:\\ADF_folder\\real-time-stocks-mds\\data\\s3_downloads/AMZN_1772075316.json', 'D:\\ADF_folder\\real-time-stocks-mds\\data\\s3_downloads/AMZN_1772075349.json', 'D:\\ADF_folder\\real-time-stocks-mds\\data\\s3_downloads/AMZN_1772075382.json', 'D:\\ADF_folder\\real-time-stocks-mds\\data\\s3_downloads/AMZN_1772075415.json', 'D:\\ADF_folder\\real-time-stocks-mds\\data\\s3_downloads/AMZN_1772075448.json', 'D:\\ADF_folder\\real-time-stocks-mds\\data\\s3_downloads/AMZN_1772075481.json', 'D:\\ADF_folder\\real-time-stocks-mds\\data\\s3_downloads/AMZN_1772075513.json', 'D:\\ADF_folder\\real-time-stocks-mds\\data\\s3_downloads/AMZN_1772075546.json', 'D:\\ADF_folder\\real-time-stocks-mds\\data\\s3_downloads/AMZN_1772075579.json', 'D:\\ADF_folder\\real-time-stocks-mds\\data\\s3_downloads/AMZN_1772075614.json', 'D:\\ADF_folder\\real-time-stocks-mds\\data\\s3_downloads/AMZN_1772075647.json', 'D:\\ADF_folder\\real-time-stocks-mds\\data\\s3_downloads/AMZN_1772075680.json', 'D:\\ADF_folder\\real-time-stocks-mds\\data\\s3_downloads/AMZN_1772075712.json', 'D:\\ADF_folder\\real-time-stocks-mds\\data\\s3_downloads/AMZN_1772075745.json', 'D:\\ADF_folder\\real-time-stocks-mds\\data\\s3_downloads/AMZN_1772075778.json', 'D:\\ADF_folder\\real-time-stocks-mds\\data\\s3_downloads/AMZN_1772075811.json', 'D:\\ADF_folder\\real-time-stocks-mds\\data\\s3_downloads/AMZN_1772075844.json', 'D:\\ADF_folder\\real-time-stocks-mds\\data\\s3_downloads/AMZN_1772075877.json', 'D:\\ADF_folder\\real-time-stocks-mds\\data\\s3_downloads/AMZN_1772075910.json', 'D:\\ADF_folder\\real-time-stocks-mds\\data\\s3_downloads/AMZN_1772075943.json', 'D:\\ADF_folder\\real-time-stocks-mds\\data\\s3_downloads/AMZN_1772075975.json', 'D:\\ADF_folder\\real-time-stocks-mds\\data\\s3_downloads/AMZN_1772076008.json', 'D:\\ADF_folder\\real-time-stocks-mds\\data\\s3_downloads/AMZN_1772076041.json', 'D:\\ADF_folder\\real-time-stocks-mds\\data\\s3_downloads/AMZN_1772076075.json', 'D:\\ADF_folder\\real-time-stocks-mds\\data\\s3_downloads/AMZN_1772076108.json', 'D:\\ADF_folder\\real-time-stocks-mds\\data\\s3_downloads/AMZN_1772076140.json', 'D:\\ADF_folder\\real-time-stocks-mds\\data\\s3_downloads/AMZN_1772076173.json', 'D:\\ADF_folder\\real-time-stocks-mds\\data\\s3_downloads/AMZN_1772076207.json', 'D:\\ADF_folder\\real-time-stocks-mds\\data\\s3_downloads/AMZN_1772076239.json', 'D:\\ADF_folder\\real-time-stocks-mds\\data\\s3_downloads/AMZN_1772076272.json', 'D:\\ADF_folder\\real-time-stocks-mds\\data\\s3_downloads/AMZN_1772076305.json', 'D:\\ADF_folder\\real-time-stocks-mds\\data\\s3_downloads/AMZN_1772076338.json', 'D:\\ADF_folder\\real-time-stocks-mds\\data\\s3_downloads/AMZN_1772076371.json', 'D:\\ADF_folder\\real-time-stocks-mds\\data\\s3_downloads/AMZN_1772076403.json', 'D:\\ADF_folder\\real-time-stocks-mds\\data\\s3_downloads/AMZN_1772076437.json', 'D:\\ADF_folder\\real-time-stocks-mds\\data\\s3_downloads/AMZN_1772076470.json', 'D:\\ADF_folder\\real-time-stocks-mds\\data\\s3_downloads/AMZN_1772076503.json', 'D:\\ADF_folder\\real-time-stocks-mds\\data\\s3_downloads/AMZN_1772076536.json', 'D:\\ADF_folder\\real-time-stocks-mds\\data\\s3_downloads/AMZN_1772076569.json', 'D:\\ADF_folder\\real-time-stocks-mds\\data\\s3_downloads/AMZN_1772076602.json', 'D:\\ADF_folder\\real-time-stocks-mds\\data\\s3_downloads/AMZN_1772076635.json', 'D:\\ADF_folder\\real-time-stocks-mds\\data\\s3_downloads/AMZN_1772076668.json', 'D:\\ADF_folder\\real-time-stocks-mds\\data\\s3_downloads/AMZN_1772076701.json', 'D:\\ADF_folder\\real-time-stocks-mds\\data\\s3_downloads/AMZN_1772076734.json', 'D:\\ADF_folder\\real-time-stocks-mds\\data\\s3_downloads/AMZN_1772076767.json', 'D:\\ADF_folder\\real-time-stocks-mds\\data\\s3_downloads/AMZN_1772076800.json', 'D:\\ADF_folder\\real-time-stocks-mds\\data\\s3_downloads/AMZN_1772076833.json', 'D:\\ADF_folder\\real-time-stocks-mds\\data\\s3_downloads/AMZN_1772076866.json', 'D:\\ADF_folder\\real-time-stocks-mds\\data\\s3_downloads/AMZN_1772076899.json', 'D:\\ADF_folder\\real-time-stocks-mds\\data\\s3_downloads/AMZN_1772076932.json', 'D:\\ADF_folder\\real-time-stocks-mds\\data\\s3_downloads/AMZN_1772076965.json', 'D:\\ADF_folder\\real-time-stocks-mds\\data\\s3_downloads/AMZN_1772076998.json', 'D:\\ADF_folder\\real-time-stocks-mds\\data\\s3_downloads/AMZN_1772077031.json', 'D:\\ADF_folder\\real-time-stocks-mds\\data\\s3_downloads/AMZN_1772077064.json', 'D:\\ADF_folder\\real-time-stocks-mds\\data\\s3_downloads/AMZN_1772077097.json', 'D:\\ADF_folder\\real-time-stocks-mds\\data\\s3_downloads/AMZN_1772077130.json', 'D:\\ADF_folder\\real-time-stocks-mds\\data\\s3_downloads/AMZN_1772077163.json', 'D:\\ADF_folder\\real-time-stocks-mds\\data\\s3_downloads/AMZN_1772077196.json', 'D:\\ADF_folder\\real-time-stocks-mds\\data\\s3_downloads/AMZN_1772077229.json', 'D:\\ADF_folder\\real-time-stocks-mds\\data\\s3_downloads/AMZN_1772077262.json', 'D:\\ADF_folder\\real-time-stocks-mds\\data\\s3_downloads/AMZN_1772077295.json', 'D:\\ADF_folder\\real-time-stocks-mds\\data\\s3_downloads/AMZN_1772077328.json', 'D:\\ADF_folder\\real-time-stocks-mds\\data\\s3_downloads/AMZN_1772077362.json', 'D:\\ADF_folder\\real-time-stocks-mds\\data\\s3_downloads/AMZN_1772077395.json', 'D:\\ADF_folder\\real-time-stocks-mds\\data\\s3_downloads/AMZN_1772077428.json', 'D:\\ADF_folder\\real-time-stocks-mds\\data\\s3_downloads/AMZN_1772077461.json', 'D:\\ADF_folder\\real-time-stocks-mds\\data\\s3_downloads/AMZN_1772077494.json', 'D:\\ADF_folder\\real-time-stocks-mds\\data\\s3_downloads/AMZN_1772077526.json', 'D:\\ADF_folder\\real-time-stocks-mds\\data\\s3_downloads/AMZN_1772077559.json', 'D:\\ADF_folder\\real-time-stocks-mds\\data\\s3_downloads/AMZN_1772077592.json', 'D:\\ADF_folder\\real-time-stocks-mds\\data\\s3_downloads/AMZN_1772077625.json', 'D:\\ADF_folder\\real-time-stocks-mds\\data\\s3_downloads/AMZN_1772077658.json', 'D:\\ADF_folder\\real-time-stocks-mds\\data\\s3_downloads/AMZN_1772077691.json', 'D:\\ADF_folder\\real-time-stocks-mds\\data\\s3_downloads/AMZN_1772077724.json', 'D:\\ADF_folder\\real-time-stocks-mds\\data\\s3_downloads/AMZN_1772077757.json', 'D:\\ADF_folder\\real-time-stocks-mds\\data\\s3_downloads/AMZN_1772077790.json', 'D:\\ADF_folder\\real-time-stocks-mds\\data\\s3_downloads/AMZN_1772077823.json', 'D:\\ADF_folder\\real-time-stocks-mds\\data\\s3_downloads/AMZN_1772077856.json', 'D:\\ADF_folder\\real-time-stocks-mds\\data\\s3_downloads/AMZN_1772077888.json', 'D:\\ADF_folder\\real-time-stocks-mds\\data\\s3_downloads/AMZN_1772077921.json', 'D:\\ADF_folder\\real-time-stocks-mds\\data\\s3_downloads/AMZN_1772077954.json', 'D:\\ADF_folder\\real-time-stocks-mds\\data\\s3_downloads/AMZN_1772077987.json', 'D:\\ADF_folder\\real-time-stocks-mds\\data\\s3_downloads/AMZN_1772078019.json', 'D:\\ADF_folder\\real-time-stocks-mds\\data\\s3_downloads/AMZN_1772078052.json', 'D:\\ADF_folder\\real-time-stocks-mds\\data\\s3_downloads/AMZN_1772078085.json', 'D:\\ADF_folder\\real-time-stocks-mds\\data\\s3_downloads/AMZN_1772078118.json', 'D:\\ADF_folder\\real-time-stocks-mds\\data\\s3_downloads/AMZN_1772078152.json', 'D:\\ADF_folder\\real-time-stocks-mds\\data\\s3_downloads/AMZN_1772078184.json', 'D:\\ADF_folder\\real-time-stocks-mds\\data\\s3_downloads/AMZN_1772078217.json', 'D:\\ADF_folder\\real-time-stocks-mds\\data\\s3_downloads/AMZN_1772078250.json', 'D:\\ADF_folder\\real-time-stocks-mds\\data\\s3_downloads/AMZN_1772078283.json', 'D:\\ADF_folder\\real-time-stocks-mds\\data\\s3_downloads/AMZN_1772078316.json', 'D:\\ADF_folder\\real-time-stocks-mds\\data\\s3_downloads/AMZN_1772078349.json', 'D:\\ADF_folder\\real-time-stocks-mds\\data\\s3_downloads/AMZN_1772078382.json', 'D:\\ADF_folder\\real-time-stocks-mds\\data\\s3_downloads/AMZN_1772078415.json', 'D:\\ADF_folder\\real-time-stocks-mds\\data\\s3_downloads/AMZN_1772078448.json', 'D:\\ADF_folder\\real-time-stocks-mds\\data\\s3_downloads/AMZN_1772078482.json', 'D:\\ADF_folder\\real-time-stocks-mds\\data\\s3_downloads/AMZN_1772078516.json', 'D:\\ADF_folder\\real-time-stocks-mds\\data\\s3_downloads/AMZN_1772078549.json', 'D:\\ADF_folder\\real-time-stocks-mds\\data\\s3_downloads/AMZN_1772078582.json', 'D:\\ADF_folder\\real-time-stocks-mds\\data\\s3_downloads/AMZN_1772078615.json', 'D:\\ADF_folder\\real-time-stocks-mds\\data\\s3_downloads/AMZN_1772078648.json', 'D:\\ADF_folder\\real-time-stocks-mds\\data\\s3_downloads/AMZN_1772078680.json', 'D:\\ADF_folder\\real-time-stocks-mds\\data\\s3_downloads/AMZN_1772078714.json', 'D:\\ADF_folder\\real-time-stocks-mds\\data\\s3_downloads/AMZN_1772078747.json', 'D:\\ADF_folder\\real-time-stocks-mds\\data\\s3_downloads/AMZN_1772078779.json', 'D:\\ADF_folder\\real-time-stocks-mds\\data\\s3_downloads/AMZN_1772078812.json', 'D:\\ADF_folder\\real-time-stocks-mds\\data\\s3_downloads/AMZN_1772078845.json', 'D:\\ADF_folder\\real-time-stocks-mds\\data\\s3_downloads/AMZN_1772078878.json', 'D:\\ADF_folder\\real-time-stocks-mds\\data\\s3_downloads/AMZN_1772078911.json', 'D:\\ADF_folder\\real-time-stocks-mds\\data\\s3_downloads/AMZN_1772078944.json', 'D:\\ADF_folder\\real-time-stocks-mds\\data\\s3_downloads/AMZN_1772078977.json', 'D:\\ADF_folder\\real-time-stocks-mds\\data\\s3_downloads/AMZN_1772079010.json', 'D:\\ADF_folder\\real-time-stocks-mds\\data\\s3_downloads/AMZN_1772079043.json', 'D:\\ADF_folder\\real-time-stocks-mds\\data\\s3_downloads/AMZN_1772079077.json', 'D:\\ADF_folder\\real-time-stocks-mds\\data\\s3_downloads/AMZN_1772079110.json', 'D:\\ADF_folder\\real-time-stocks-mds\\data\\s3_downloads/AMZN_1772079143.json', 'D:\\ADF_folder\\real-time-stocks-mds\\data\\s3_downloads/AMZN_1772079176.json', 'D:\\ADF_folder\\real-time-stocks-mds\\data\\s3_downloads/AMZN_1772079209.json', 'D:\\ADF_folder\\real-time-stocks-mds\\data\\s3_downloads/AMZN_1772079242.json', 'D:\\ADF_folder\\real-time-stocks-mds\\data\\s3_downloads/AMZN_1772079275.json', 'D:\\ADF_folder\\real-time-stocks-mds\\data\\s3_downloads/MSFT_1771463592.json', 'D:\\ADF_folder\\real-time-stocks-mds\\data\\s3_downloads/MSFT_1771463625.json', 'D:\\ADF_folder\\real-time-stocks-mds\\data\\s3_downloads/MSFT_1771463658.json', 'D:\\ADF_folder\\real-time-stocks-mds\\data\\s3_downloads/MSFT_1771463691.json', 'D:\\ADF_folder\\real-time-stocks-mds\\data\\s3_downloads/MSFT_1771463724.json', 'D:\\ADF_folder\\real-time-stocks-mds\\data\\s3_downloads/MSFT_1771463757.json', 'D:\\ADF_folder\\real-time-stocks-mds\\data\\s3_downloads/MSFT_1771463790.json', 'D:\\ADF_folder\\real-time-stocks-mds\\data\\s3_downloads/MSFT_1771463823.json', 'D:\\ADF_folder\\real-time-stocks-mds\\data\\s3_downloads/MSFT_1771463856.json', 'D:\\ADF_folder\\real-time-stocks-mds\\data\\s3_downloads/MSFT_1771463889.json', 'D:\\ADF_folder\\real-time-stocks-mds\\data\\s3_downloads/MSFT_1771463922.json', 'D:\\ADF_folder\\real-time-stocks-mds\\data\\s3_downloads/MSFT_1771463955.json', 'D:\\ADF_folder\\real-time-stocks-mds\\data\\s3_downloads/MSFT_1771463988.json', 'D:\\ADF_folder\\real-time-stocks-mds\\data\\s3_downloads/MSFT_1771464022.json', 'D:\\ADF_folder\\real-time-stocks-mds\\data\\s3_downloads/MSFT_1771464055.json', 'D:\\ADF_folder\\real-time-stocks-mds\\data\\s3_downloads/MSFT_1771464088.json', 'D:\\ADF_folder\\real-time-stocks-mds\\data\\s3_downloads/MSFT_1771464121.json', 'D:\\ADF_folder\\real-time-stocks-mds\\data\\s3_downloads/MSFT_1771464154.json', 'D:\\ADF_folder\\real-time-stocks-mds\\data\\s3_downloads/MSFT_1771464187.json', 'D:\\ADF_folder\\real-time-stocks-mds\\data\\s3_downloads/MSFT_1771464220.json', 'D:\\ADF_folder\\real-time-stocks-mds\\data\\s3_downloads/MSFT_1771464253.json', 'D:\\ADF_folder\\real-time-stocks-mds\\data\\s3_downloads/MSFT_1771464286.json', 'D:\\ADF_folder\\real-time-stocks-mds\\data\\s3_downloads/MSFT_1771464319.json', 'D:\\ADF_folder\\real-time-stocks-mds\\data\\s3_downloads/MSFT_1771465252.json', 'D:\\ADF_folder\\real-time-stocks-mds\\data\\s3_downloads/MSFT_1771465285.json', 'D:\\ADF_folder\\real-time-stocks-mds\\data\\s3_downloads/MSFT_1771465318.json', 'D:\\ADF_folder\\real-time-stocks-mds\\data\\s3_downloads/MSFT_1771465351.json', 'D:\\ADF_folder\\real-time-stocks-mds\\data\\s3_downloads/MSFT_1771465384.json', 'D:\\ADF_folder\\real-time-stocks-mds\\data\\s3_downloads/MSFT_1771465417.json', 'D:\\ADF_folder\\real-time-stocks-mds\\data\\s3_downloads/MSFT_1771465450.json', 'D:\\ADF_folder\\real-time-stocks-mds\\data\\s3_downloads/MSFT_1771465483.json', 'D:\\ADF_folder\\real-time-stocks-mds\\data\\s3_downloads/MSFT_1771465516.json', 'D:\\ADF_folder\\real-time-stocks-mds\\data\\s3_downloads/MSFT_1771465549.json', 'D:\\ADF_folder\\real-time-stocks-mds\\data\\s3_downloads/MSFT_1771465582.json', 'D:\\ADF_folder\\real-time-stocks-mds\\data\\s3_downloads/MSFT_1772074563.json', 'D:\\ADF_folder\\real-time-stocks-mds\\data\\s3_downloads/MSFT_1772074596.json', 'D:\\ADF_folder\\real-time-stocks-mds\\data\\s3_downloads/MSFT_1772074629.json', 'D:\\ADF_folder\\real-time-stocks-mds\\data\\s3_downloads/MSFT_1772074662.json', 'D:\\ADF_folder\\real-time-stocks-mds\\data\\s3_downloads/MSFT_1772074696.json', 'D:\\ADF_folder\\real-time-stocks-mds\\data\\s3_downloads/MSFT_1772074729.json', 'D:\\ADF_folder\\real-time-stocks-mds\\data\\s3_downloads/MSFT_1772074762.json', 'D:\\ADF_folder\\real-time-stocks-mds\\data\\s3_downloads/MSFT_1772074795.json', 'D:\\ADF_folder\\real-time-stocks-mds\\data\\s3_downloads/MSFT_1772074828.json', 'D:\\ADF_folder\\real-time-stocks-mds\\data\\s3_downloads/MSFT_1772074861.json', 'D:\\ADF_folder\\real-time-stocks-mds\\data\\s3_downloads/MSFT_1772074894.json', 'D:\\ADF_folder\\real-time-stocks-mds\\data\\s3_downloads/MSFT_1772074927.json', 'D:\\ADF_folder\\real-time-stocks-mds\\data\\s3_downloads/MSFT_1772074960.json', 'D:\\ADF_folder\\real-time-stocks-mds\\data\\s3_downloads/MSFT_1772074993.json', 'D:\\ADF_folder\\real-time-stocks-mds\\data\\s3_downloads/MSFT_1772075026.json', 'D:\\ADF_folder\\real-time-stocks-mds\\data\\s3_downloads/MSFT_1772075059.json', 'D:\\ADF_folder\\real-time-stocks-mds\\data\\s3_downloads/MSFT_1772075092.json', 'D:\\ADF_folder\\real-time-stocks-mds\\data\\s3_downloads/MSFT_1772075125.json', 'D:\\ADF_folder\\real-time-stocks-mds\\data\\s3_downloads/MSFT_1772075158.json', 'D:\\ADF_folder\\real-time-stocks-mds\\data\\s3_downloads/MSFT_1772075191.json', 'D:\\ADF_folder\\real-time-stocks-mds\\data\\s3_downloads/MSFT_1772075224.json', 'D:\\ADF_folder\\real-time-stocks-mds\\data\\s3_downloads/MSFT_1772075257.json', 'D:\\ADF_folder\\real-time-stocks-mds\\data\\s3_downloads/MSFT_1772075290.json', 'D:\\ADF_folder\\real-time-stocks-mds\\data\\s3_downloads/MSFT_1772075323.json', 'D:\\ADF_folder\\real-time-stocks-mds\\data\\s3_downloads/MSFT_1772075356.json', 'D:\\ADF_folder\\real-time-stocks-mds\\data\\s3_downloads/MSFT_1772075389.json', 'D:\\ADF_folder\\real-time-stocks-mds\\data\\s3_downloads/MSFT_1772075422.json', 'D:\\ADF_folder\\real-time-stocks-mds\\data\\s3_downloads/MSFT_1772075455.json', 'D:\\ADF_folder\\real-time-stocks-mds\\data\\s3_downloads/MSFT_1772075487.json', 'D:\\ADF_folder\\real-time-stocks-mds\\data\\s3_downloads/MSFT_1772075520.json', 'D:\\ADF_folder\\real-time-stocks-mds\\data\\s3_downloads/MSFT_1772075553.json', 'D:\\ADF_folder\\real-time-stocks-mds\\data\\s3_downloads/MSFT_1772075586.json', 'D:\\ADF_folder\\real-time-stocks-mds\\data\\s3_downloads/MSFT_1772075620.json', 'D:\\ADF_folder\\real-time-stocks-mds\\data\\s3_downloads/MSFT_1772075653.json', 'D:\\ADF_folder\\real-time-stocks-mds\\data\\s3_downloads/MSFT_1772075686.json', 'D:\\ADF_folder\\real-time-stocks-mds\\data\\s3_downloads/MSFT_1772075719.json', 'D:\\ADF_folder\\real-time-stocks-mds\\data\\s3_downloads/MSFT_1772075752.json', 'D:\\ADF_folder\\real-time-stocks-mds\\data\\s3_downloads/MSFT_1772075785.json', 'D:\\ADF_folder\\real-time-stocks-mds\\data\\s3_downloads/MSFT_1772075818.json', 'D:\\ADF_folder\\real-time-stocks-mds\\data\\s3_downloads/MSFT_1772075851.json', 'D:\\ADF_folder\\real-time-stocks-mds\\data\\s3_downloads/MSFT_1772075883.json', 'D:\\ADF_folder\\real-time-stocks-mds\\data\\s3_downloads/MSFT_1772075916.json', 'D:\\ADF_folder\\real-time-stocks-mds\\data\\s3_downloads/MSFT_1772075949.json', 'D:\\ADF_folder\\real-time-stocks-mds\\data\\s3_downloads/MSFT_1772075982.json', 'D:\\ADF_folder\\real-time-stocks-mds\\data\\s3_downloads/MSFT_1772076015.json', 'D:\\ADF_folder\\real-time-stocks-mds\\data\\s3_downloads/MSFT_1772076048.json', 'D:\\ADF_folder\\real-time-stocks-mds\\data\\s3_downloads/MSFT_1772076081.json', 'D:\\ADF_folder\\real-time-stocks-mds\\data\\s3_downloads/MSFT_1772076114.json', 'D:\\ADF_folder\\real-time-stocks-mds\\data\\s3_downloads/MSFT_1772076147.json', 'D:\\ADF_folder\\real-time-stocks-mds\\data\\s3_downloads/MSFT_1772076180.json', 'D:\\ADF_folder\\real-time-stocks-mds\\data\\s3_downloads/MSFT_1772076213.json', 'D:\\ADF_folder\\real-time-stocks-mds\\data\\s3_downloads/MSFT_1772076246.json', 'D:\\ADF_folder\\real-time-stocks-mds\\data\\s3_downloads/MSFT_1772076279.json', 'D:\\ADF_folder\\real-time-stocks-mds\\data\\s3_downloads/MSFT_1772076312.json', 'D:\\ADF_folder\\real-time-stocks-mds\\data\\s3_downloads/MSFT_1772076344.json', 'D:\\ADF_folder\\real-time-stocks-mds\\data\\s3_downloads/MSFT_1772076377.json', 'D:\\ADF_folder\\real-time-stocks-mds\\data\\s3_downloads/MSFT_1772076410.json', 'D:\\ADF_folder\\real-time-stocks-mds\\data\\s3_downloads/MSFT_1772076444.json', 'D:\\ADF_folder\\real-time-stocks-mds\\data\\s3_downloads/MSFT_1772076477.json', 'D:\\ADF_folder\\real-time-stocks-mds\\data\\s3_downloads/MSFT_1772076510.json', 'D:\\ADF_folder\\real-time-stocks-mds\\data\\s3_downloads/MSFT_1772076543.json', 'D:\\ADF_folder\\real-time-stocks-mds\\data\\s3_downloads/MSFT_1772076576.json', 'D:\\ADF_folder\\real-time-stocks-mds\\data\\s3_downloads/MSFT_1772076609.json', 'D:\\ADF_folder\\real-time-stocks-mds\\data\\s3_downloads/MSFT_1772076642.json', 'D:\\ADF_folder\\real-time-stocks-mds\\data\\s3_downloads/MSFT_1772076674.json', 'D:\\ADF_folder\\real-time-stocks-mds\\data\\s3_downloads/MSFT_1772076707.json', 'D:\\ADF_folder\\real-time-stocks-mds\\data\\s3_downloads/MSFT_1772076740.json', 'D:\\ADF_folder\\real-time-stocks-mds\\data\\s3_downloads/MSFT_1772076773.json', 'D:\\ADF_folder\\real-time-stocks-mds\\data\\s3_downloads/MSFT_1772076807.json', 'D:\\ADF_folder\\real-time-stocks-mds\\data\\s3_downloads/MSFT_1772076840.json', 'D:\\ADF_folder\\real-time-stocks-mds\\data\\s3_downloads/MSFT_1772076873.json', 'D:\\ADF_folder\\real-time-stocks-mds\\data\\s3_downloads/MSFT_1772076905.json', 'D:\\ADF_folder\\real-time-stocks-mds\\data\\s3_downloads/MSFT_1772076939.json', 'D:\\ADF_folder\\real-time-stocks-mds\\data\\s3_downloads/MSFT_1772076972.json', 'D:\\ADF_folder\\real-time-stocks-mds\\data\\s3_downloads/MSFT_1772077005.json', 'D:\\ADF_folder\\real-time-stocks-mds\\data\\s3_downloads/MSFT_1772077038.json', 'D:\\ADF_folder\\real-time-stocks-mds\\data\\s3_downloads/MSFT_1772077071.json', 'D:\\ADF_folder\\real-time-stocks-mds\\data\\s3_downloads/MSFT_1772077104.json', 'D:\\ADF_folder\\real-time-stocks-mds\\data\\s3_downloads/MSFT_1772077137.json', 'D:\\ADF_folder\\real-time-stocks-mds\\data\\s3_downloads/MSFT_1772077170.json', 'D:\\ADF_folder\\real-time-stocks-mds\\data\\s3_downloads/MSFT_1772077203.json', 'D:\\ADF_folder\\real-time-stocks-mds\\data\\s3_downloads/MSFT_1772077236.json', 'D:\\ADF_folder\\real-time-stocks-mds\\data\\s3_downloads/MSFT_1772077269.json', 'D:\\ADF_folder\\real-time-stocks-mds\\data\\s3_downloads/MSFT_1772077302.json', 'D:\\ADF_folder\\real-time-stocks-mds\\data\\s3_downloads/MSFT_1772077335.json', 'D:\\ADF_folder\\real-time-stocks-mds\\data\\s3_downloads/MSFT_1772077369.json', 'D:\\ADF_folder\\real-time-stocks-mds\\data\\s3_downloads/MSFT_1772077402.json', 'D:\\ADF_folder\\real-time-stocks-mds\\data\\s3_downloads/MSFT_1772077434.json', 'D:\\ADF_folder\\real-time-stocks-mds\\data\\s3_downloads/MSFT_1772077467.json', 'D:\\ADF_folder\\real-time-stocks-mds\\data\\s3_downloads/MSFT_1772077500.json', 'D:\\ADF_folder\\real-time-stocks-mds\\data\\s3_downloads/MSFT_1772077533.json', 'D:\\ADF_folder\\real-time-stocks-mds\\data\\s3_downloads/MSFT_1772077566.json', 'D:\\ADF_folder\\real-time-stocks-mds\\data\\s3_downloads/MSFT_1772077599.json', 'D:\\ADF_folder\\real-time-stocks-mds\\data\\s3_downloads/MSFT_1772077632.json', 'D:\\ADF_folder\\real-time-stocks-mds\\data\\s3_downloads/MSFT_1772077665.json', 'D:\\ADF_folder\\real-time-stocks-mds\\data\\s3_downloads/MSFT_1772077698.json', 'D:\\ADF_folder\\real-time-stocks-mds\\data\\s3_downloads/MSFT_1772077731.json', 'D:\\ADF_folder\\real-time-stocks-mds\\data\\s3_downloads/MSFT_1772077764.json', 'D:\\ADF_folder\\real-time-stocks-mds\\data\\s3_downloads/MSFT_1772077796.json', 'D:\\ADF_folder\\real-time-stocks-mds\\data\\s3_downloads/MSFT_1772077829.json', 'D:\\ADF_folder\\real-time-stocks-mds\\data\\s3_downloads/MSFT_1772077862.json', 'D:\\ADF_folder\\real-time-stocks-mds\\data\\s3_downloads/MSFT_1772077895.json', 'D:\\ADF_folder\\real-time-stocks-mds\\data\\s3_downloads/MSFT_1772077928.json', 'D:\\ADF_folder\\real-time-stocks-mds\\data\\s3_downloads/MSFT_1772077960.json', 'D:\\ADF_folder\\real-time-stocks-mds\\data\\s3_downloads/MSFT_1772077993.json', 'D:\\ADF_folder\\real-time-stocks-mds\\data\\s3_downloads/MSFT_1772078026.json', 'D:\\ADF_folder\\real-time-stocks-mds\\data\\s3_downloads/MSFT_1772078059.json', 'D:\\ADF_folder\\real-time-stocks-mds\\data\\s3_downloads/MSFT_1772078092.json', 'D:\\ADF_folder\\real-time-stocks-mds\\data\\s3_downloads/MSFT_1772078125.json', 'D:\\ADF_folder\\real-time-stocks-mds\\data\\s3_downloads/MSFT_1772078158.json', 'D:\\ADF_folder\\real-time-stocks-mds\\data\\s3_downloads/MSFT_1772078191.json', 'D:\\ADF_folder\\real-time-stocks-mds\\data\\s3_downloads/MSFT_1772078224.json', 'D:\\ADF_folder\\real-time-stocks-mds\\data\\s3_downloads/MSFT_1772078257.json', 'D:\\ADF_folder\\real-time-stocks-mds\\data\\s3_downloads/MSFT_1772078290.json', 'D:\\ADF_folder\\real-time-stocks-mds\\data\\s3_downloads/MSFT_1772078323.json', 'D:\\ADF_folder\\real-time-stocks-mds\\data\\s3_downloads/MSFT_1772078356.json', 'D:\\ADF_folder\\real-time-stocks-mds\\data\\s3_downloads/MSFT_1772078388.json', 'D:\\ADF_folder\\real-time-stocks-mds\\data\\s3_downloads/MSFT_1772078422.json', 'D:\\ADF_folder\\real-time-stocks-mds\\data\\s3_downloads/MSFT_1772078455.json', 'D:\\ADF_folder\\real-time-stocks-mds\\data\\s3_downloads/MSFT_1772078489.json', 'D:\\ADF_folder\\real-time-stocks-mds\\data\\s3_downloads/MSFT_1772078522.json', 'D:\\ADF_folder\\real-time-stocks-mds\\data\\s3_downloads/MSFT_1772078555.json', 'D:\\ADF_folder\\real-time-stocks-mds\\data\\s3_downloads/MSFT_1772078588.json', 'D:\\ADF_folder\\real-time-stocks-mds\\data\\s3_downloads/MSFT_1772078621.json', 'D:\\ADF_folder\\real-time-stocks-mds\\data\\s3_downloads/MSFT_1772078654.json', 'D:\\ADF_folder\\real-time-stocks-mds\\data\\s3_downloads/MSFT_1772078687.json', 'D:\\ADF_folder\\real-time-stocks-mds\\data\\s3_downloads/MSFT_1772078720.json', 'D:\\ADF_folder\\real-time-stocks-mds\\data\\s3_downloads/MSFT_1772078753.json', 'D:\\ADF_folder\\real-time-stocks-mds\\data\\s3_downloads/MSFT_1772078786.json', 'D:\\ADF_folder\\real-time-stocks-mds\\data\\s3_downloads/MSFT_1772078819.json', 'D:\\ADF_folder\\real-time-stocks-mds\\data\\s3_downloads/MSFT_1772078852.json', 'D:\\ADF_folder\\real-time-stocks-mds\\data\\s3_downloads/MSFT_1772078885.json', 'D:\\ADF_folder\\real-time-stocks-mds\\data\\s3_downloads/MSFT_1772078918.json', 'D:\\ADF_folder\\real-time-stocks-mds\\data\\s3_downloads/MSFT_1772078951.json', 'D:\\ADF_folder\\real-time-stocks-mds\\data\\s3_downloads/MSFT_1772078984.json', 'D:\\ADF_folder\\real-time-stocks-mds\\data\\s3_downloads/MSFT_1772079017.json', 'D:\\ADF_folder\\real-time-stocks-mds\\data\\s3_downloads/MSFT_1772079050.json', 'D:\\ADF_folder\\real-time-stocks-mds\\data\\s3_downloads/MSFT_1772079084.json', 'D:\\ADF_folder\\real-time-stocks-mds\\data\\s3_downloads/MSFT_1772079117.json', 'D:\\ADF_folder\\real-time-stocks-mds\\data\\s3_downloads/MSFT_1772079150.json', 'D:\\ADF_folder\\real-time-stocks-mds\\data\\s3_downloads/MSFT_1772079183.json', 'D:\\ADF_folder\\real-time-stocks-mds\\data\\s3_downloads/MSFT_1772079216.json', 'D:\\ADF_folder\\real-time-stocks-mds\\data\\s3_downloads/MSFT_1772079249.json', 'D:\\ADF_folder\\real-time-stocks-mds\\data\\s3_downloads/MSFT_1772079282.json', 'D:\\ADF_folder\\real-time-stocks-mds\\data\\s3_downloads/TSLA_1771463599.json', 'D:\\ADF_folder\\real-time-stocks-mds\\data\\s3_downloads/TSLA_1771463632.json', 'D:\\ADF_folder\\real-time-stocks-mds\\data\\s3_downloads/TSLA_1771463665.json', 'D:\\ADF_folder\\real-time-stocks-mds\\data\\s3_downloads/TSLA_1771463698.json', 'D:\\ADF_folder\\real-time-stocks-mds\\data\\s3_downloads/TSLA_1771463731.json', 'D:\\ADF_folder\\real-time-stocks-mds\\data\\s3_downloads/TSLA_1771463764.json', 'D:\\ADF_folder\\real-time-stocks-mds\\data\\s3_downloads/TSLA_1771463797.json', 'D:\\ADF_folder\\real-time-stocks-mds\\data\\s3_downloads/TSLA_1771463830.json', 'D:\\ADF_folder\\real-time-stocks-mds\\data\\s3_downloads/TSLA_1771463862.json', 'D:\\ADF_folder\\real-time-stocks-mds\\data\\s3_downloads/TSLA_1771463895.json', 'D:\\ADF_folder\\real-time-stocks-mds\\data\\s3_downloads/TSLA_1771463929.json', 'D:\\ADF_folder\\real-time-stocks-mds\\data\\s3_downloads/TSLA_1771463962.json', 'D:\\ADF_folder\\real-time-stocks-mds\\data\\s3_downloads/TSLA_1771463995.json', 'D:\\ADF_folder\\real-time-stocks-mds\\data\\s3_downloads/TSLA_1771464029.json', 'D:\\ADF_folder\\real-time-stocks-mds\\data\\s3_downloads/TSLA_1771464062.json', 'D:\\ADF_folder\\real-time-stocks-mds\\data\\s3_downloads/TSLA_1771464095.json', 'D:\\ADF_folder\\real-time-stocks-mds\\data\\s3_downloads/TSLA_1771464128.json', 'D:\\ADF_folder\\real-time-stocks-mds\\data\\s3_downloads/TSLA_1771464161.json', 'D:\\ADF_folder\\real-time-stocks-mds\\data\\s3_downloads/TSLA_1771464194.json', 'D:\\ADF_folder\\real-time-stocks-mds\\data\\s3_downloads/TSLA_1771464227.json', 'D:\\ADF_folder\\real-time-stocks-mds\\data\\s3_downloads/TSLA_1771464260.json', 'D:\\ADF_folder\\real-time-stocks-mds\\data\\s3_downloads/TSLA_1771464293.json', 'D:\\ADF_folder\\real-time-stocks-mds\\data\\s3_downloads/TSLA_1771464326.json', 'D:\\ADF_folder\\real-time-stocks-mds\\data\\s3_downloads/TSLA_1771465259.json', 'D:\\ADF_folder\\real-time-stocks-mds\\data\\s3_downloads/TSLA_1771465292.json', 'D:\\ADF_folder\\real-time-stocks-mds\\data\\s3_downloads/TSLA_1771465325.json', 'D:\\ADF_folder\\real-time-stocks-mds\\data\\s3_downloads/TSLA_1771465358.json', 'D:\\ADF_folder\\real-time-stocks-mds\\data\\s3_downloads/TSLA_1771465391.json', 'D:\\ADF_folder\\real-time-stocks-mds\\data\\s3_downloads/TSLA_1771465424.json', 'D:\\ADF_folder\\real-time-stocks-mds\\data\\s3_downloads/TSLA_1771465457.json', 'D:\\ADF_folder\\real-time-stocks-mds\\data\\s3_downloads/TSLA_1771465490.json', 'D:\\ADF_folder\\real-time-stocks-mds\\data\\s3_downloads/TSLA_1771465523.json', 'D:\\ADF_folder\\real-time-stocks-mds\\data\\s3_downloads/TSLA_1771465556.json', 'D:\\ADF_folder\\real-time-stocks-mds\\data\\s3_downloads/TSLA_1772074570.json', 'D:\\ADF_folder\\real-time-stocks-mds\\data\\s3_downloads/TSLA_1772074603.json', 'D:\\ADF_folder\\real-time-stocks-mds\\data\\s3_downloads/TSLA_1772074635.json', 'D:\\ADF_folder\\real-time-stocks-mds\\data\\s3_downloads/TSLA_1772074669.json', 'D:\\ADF_folder\\real-time-stocks-mds\\data\\s3_downloads/TSLA_1772074702.json', 'D:\\ADF_folder\\real-time-stocks-mds\\data\\s3_downloads/TSLA_1772074735.json', 'D:\\ADF_folder\\real-time-stocks-mds\\data\\s3_downloads/TSLA_1772074768.json', 'D:\\ADF_folder\\real-time-stocks-mds\\data\\s3_downloads/TSLA_1772074801.json', 'D:\\ADF_folder\\real-time-stocks-mds\\data\\s3_downloads/TSLA_1772074835.json', 'D:\\ADF_folder\\real-time-stocks-mds\\data\\s3_downloads/TSLA_1772074868.json', 'D:\\ADF_folder\\real-time-stocks-mds\\data\\s3_downloads/TSLA_1772074901.json', 'D:\\ADF_folder\\real-time-stocks-mds\\data\\s3_downloads/TSLA_1772074934.json', 'D:\\ADF_folder\\real-time-stocks-mds\\data\\s3_downloads/TSLA_1772074967.json', 'D:\\ADF_folder\\real-time-stocks-mds\\data\\s3_downloads/TSLA_1772075000.json', 'D:\\ADF_folder\\real-time-stocks-mds\\data\\s3_downloads/TSLA_1772075033.json', 'D:\\ADF_folder\\real-time-stocks-mds\\data\\s3_downloads/TSLA_1772075066.json', 'D:\\ADF_folder\\real-time-stocks-mds\\data\\s3_downloads/TSLA_1772075099.json', 'D:\\ADF_folder\\real-time-stocks-mds\\data\\s3_downloads/TSLA_1772075132.json', 'D:\\ADF_folder\\real-time-stocks-mds\\data\\s3_downloads/TSLA_1772075165.json', 'D:\\ADF_folder\\real-time-stocks-mds\\data\\s3_downloads/TSLA_1772075198.json', 'D:\\ADF_folder\\real-time-stocks-mds\\data\\s3_downloads/TSLA_1772075231.json', 'D:\\ADF_folder\\real-time-stocks-mds\\data\\s3_downloads/TSLA_1772075297.json', 'D:\\ADF_folder\\real-time-stocks-mds\\data\\s3_downloads/TSLA_1772075330.json', 'D:\\ADF_folder\\real-time-stocks-mds\\data\\s3_downloads/TSLA_1772075362.json', 'D:\\ADF_folder\\real-time-stocks-mds\\data\\s3_downloads/TSLA_1772075395.json', 'D:\\ADF_folder\\real-time-stocks-mds\\data\\s3_downloads/TSLA_1772075428.json', 'D:\\ADF_folder\\real-time-stocks-mds\\data\\s3_downloads/TSLA_1772075461.json', 'D:\\ADF_folder\\real-time-stocks-mds\\data\\s3_downloads/TSLA_1772075494.json', 'D:\\ADF_folder\\real-time-stocks-mds\\data\\s3_downloads/TSLA_1772075527.json', 'D:\\ADF_folder\\real-time-stocks-mds\\data\\s3_downloads/TSLA_1772075560.json', 'D:\\ADF_folder\\real-time-stocks-mds\\data\\s3_downloads/TSLA_1772075594.json', 'D:\\ADF_folder\\real-time-stocks-mds\\data\\s3_downloads/TSLA_1772075627.json', 'D:\\ADF_folder\\real-time-stocks-mds\\data\\s3_downloads/TSLA_1772075660.json', 'D:\\ADF_folder\\real-time-stocks-mds\\data\\s3_downloads/TSLA_1772075693.json', 'D:\\ADF_folder\\real-time-stocks-mds\\data\\s3_downloads/TSLA_1772075726.json', 'D:\\ADF_folder\\real-time-stocks-mds\\data\\s3_downloads/TSLA_1772075759.json', 'D:\\ADF_folder\\real-time-stocks-mds\\data\\s3_downloads/TSLA_1772075792.json', 'D:\\ADF_folder\\real-time-stocks-mds\\data\\s3_downloads/TSLA_1772075824.json', 'D:\\ADF_folder\\real-time-stocks-mds\\data\\s3_downloads/TSLA_1772075857.json', 'D:\\ADF_folder\\real-time-stocks-mds\\data\\s3_downloads/TSLA_1772075890.json', 'D:\\ADF_folder\\real-time-stocks-mds\\data\\s3_downloads/TSLA_1772075923.json', 'D:\\ADF_folder\\real-time-stocks-mds\\data\\s3_downloads/TSLA_1772075956.json', 'D:\\ADF_folder\\real-time-stocks-mds\\data\\s3_downloads/TSLA_1772075989.json', 'D:\\ADF_folder\\real-time-stocks-mds\\data\\s3_downloads/TSLA_1772076021.json', 'D:\\ADF_folder\\real-time-stocks-mds\\data\\s3_downloads/TSLA_1772076055.json', 'D:\\ADF_folder\\real-time-stocks-mds\\data\\s3_downloads/TSLA_1772076088.json', 'D:\\ADF_folder\\real-time-stocks-mds\\data\\s3_downloads/TSLA_1772076121.json', 'D:\\ADF_folder\\real-time-stocks-mds\\data\\s3_downloads/TSLA_1772076154.json', 'D:\\ADF_folder\\real-time-stocks-mds\\data\\s3_downloads/TSLA_1772076187.json', 'D:\\ADF_folder\\real-time-stocks-mds\\data\\s3_downloads/TSLA_1772076220.json', 'D:\\ADF_folder\\real-time-stocks-mds\\data\\s3_downloads/TSLA_1772076253.json', 'D:\\ADF_folder\\real-time-stocks-mds\\data\\s3_downloads/TSLA_1772076285.json', 'D:\\ADF_folder\\real-time-stocks-mds\\data\\s3_downloads/TSLA_1772076318.json', 'D:\\ADF_folder\\real-time-stocks-mds\\data\\s3_downloads/TSLA_1772076351.json', 'D:\\ADF_folder\\real-time-stocks-mds\\data\\s3_downloads/TSLA_1772076384.json', 'D:\\ADF_folder\\real-time-stocks-mds\\data\\s3_downloads/TSLA_1772076417.json', 'D:\\ADF_folder\\real-time-stocks-mds\\data\\s3_downloads/TSLA_1772076451.json', 'D:\\ADF_folder\\real-time-stocks-mds\\data\\s3_downloads/TSLA_1772076484.json', 'D:\\ADF_folder\\real-time-stocks-mds\\data\\s3_downloads/TSLA_1772076516.json', 'D:\\ADF_folder\\real-time-stocks-mds\\data\\s3_downloads/TSLA_1772076549.json', 'D:\\ADF_folder\\real-time-stocks-mds\\data\\s3_downloads/TSLA_1772076582.json', 'D:\\ADF_folder\\real-time-stocks-mds\\data\\s3_downloads/TSLA_1772076615.json', 'D:\\ADF_folder\\real-time-stocks-mds\\data\\s3_downloads/TSLA_1772076648.json', 'D:\\ADF_folder\\real-time-stocks-mds\\data\\s3_downloads/TSLA_1772076681.json', 'D:\\ADF_folder\\real-time-stocks-mds\\data\\s3_downloads/TSLA_1772076714.json', 'D:\\ADF_folder\\real-time-stocks-mds\\data\\s3_downloads/TSLA_1772076747.json', 'D:\\ADF_folder\\real-time-stocks-mds\\data\\s3_downloads/TSLA_1772076780.json', 'D:\\ADF_folder\\real-time-stocks-mds\\data\\s3_downloads/TSLA_1772076813.json', 'D:\\ADF_folder\\real-time-stocks-mds\\data\\s3_downloads/TSLA_1772076846.json', 'D:\\ADF_folder\\real-time-stocks-mds\\data\\s3_downloads/TSLA_1772076879.json', 'D:\\ADF_folder\\real-time-stocks-mds\\data\\s3_downloads/TSLA_1772076912.json', 'D:\\ADF_folder\\real-time-stocks-mds\\data\\s3_downloads/TSLA_1772076945.json', 'D:\\ADF_folder\\real-time-stocks-mds\\data\\s3_downloads/TSLA_1772076978.json', 'D:\\ADF_folder\\real-time-stocks-mds\\data\\s3_downloads/TSLA_1772077011.json', 'D:\\ADF_folder\\real-time-stocks-mds\\data\\s3_downloads/TSLA_1772077044.json', 'D:\\ADF_folder\\real-time-stocks-mds\\data\\s3_downloads/TSLA_1772077077.json', 'D:\\ADF_folder\\real-time-stocks-mds\\data\\s3_downloads/TSLA_1772077110.json', 'D:\\ADF_folder\\real-time-stocks-mds\\data\\s3_downloads/TSLA_1772077143.json', 'D:\\ADF_folder\\real-time-stocks-mds\\data\\s3_downloads/TSLA_1772077176.json', 'D:\\ADF_folder\\real-time-stocks-mds\\data\\s3_downloads/TSLA_1772077210.json', 'D:\\ADF_folder\\real-time-stocks-mds\\data\\s3_downloads/TSLA_1772077242.json', 'D:\\ADF_folder\\real-time-stocks-mds\\data\\s3_downloads/TSLA_1772077275.json', 'D:\\ADF_folder\\real-time-stocks-mds\\data\\s3_downloads/TSLA_1772077309.json', 'D:\\ADF_folder\\real-time-stocks-mds\\data\\s3_downloads/TSLA_1772077341.json', 'D:\\ADF_folder\\real-time-stocks-mds\\data\\s3_downloads/TSLA_1772077375.json', 'D:\\ADF_folder\\real-time-stocks-mds\\data\\s3_downloads/TSLA_1772077408.json', 'D:\\ADF_folder\\real-time-stocks-mds\\data\\s3_downloads/TSLA_1772077441.json', 'D:\\ADF_folder\\real-time-stocks-mds\\data\\s3_downloads/TSLA_1772077474.json', 'D:\\ADF_folder\\real-time-stocks-mds\\data\\s3_downloads/TSLA_1772077507.json', 'D:\\ADF_folder\\real-time-stocks-mds\\data\\s3_downloads/TSLA_1772077539.json', 'D:\\ADF_folder\\real-time-stocks-mds\\data\\s3_downloads/TSLA_1772077572.json', 'D:\\ADF_folder\\real-time-stocks-mds\\data\\s3_downloads/TSLA_1772077605.json', 'D:\\ADF_folder\\real-time-stocks-mds\\data\\s3_downloads/TSLA_1772077638.json', 'D:\\ADF_folder\\real-time-stocks-mds\\data\\s3_downloads/TSLA_1772077671.json', 'D:\\ADF_folder\\real-time-stocks-mds\\data\\s3_downloads/TSLA_1772077704.json', 'D:\\ADF_folder\\real-time-stocks-mds\\data\\s3_downloads/TSLA_1772077737.json', 'D:\\ADF_folder\\real-time-stocks-mds\\data\\s3_downloads/TSLA_1772077770.json', 'D:\\ADF_folder\\real-time-stocks-mds\\data\\s3_downloads/TSLA_1772077803.json', 'D:\\ADF_folder\\real-time-stocks-mds\\data\\s3_downloads/TSLA_1772077836.json', 'D:\\ADF_folder\\real-time-stocks-mds\\data\\s3_downloads/TSLA_1772077869.json', 'D:\\ADF_folder\\real-time-stocks-mds\\data\\s3_downloads/TSLA_1772077901.json', 'D:\\ADF_folder\\real-time-stocks-mds\\data\\s3_downloads/TSLA_1772077934.json', 'D:\\ADF_folder\\real-time-stocks-mds\\data\\s3_downloads/TSLA_1772077967.json', 'D:\\ADF_folder\\real-time-stocks-mds\\data\\s3_downloads/TSLA_1772078000.json', 'D:\\ADF_folder\\real-time-stocks-mds\\data\\s3_downloads/TSLA_1772078033.json', 'D:\\ADF_folder\\real-time-stocks-mds\\data\\s3_downloads/TSLA_1772078065.json', 'D:\\ADF_folder\\real-time-stocks-mds\\data\\s3_downloads/TSLA_1772078098.json', 'D:\\ADF_folder\\real-time-stocks-mds\\data\\s3_downloads/TSLA_1772078132.json', 'D:\\ADF_folder\\real-time-stocks-mds\\data\\s3_downloads/TSLA_1772078165.json', 'D:\\ADF_folder\\real-time-stocks-mds\\data\\s3_downloads/TSLA_1772078198.json', 'D:\\ADF_folder\\real-time-stocks-mds\\data\\s3_downloads/TSLA_1772078230.json', 'D:\\ADF_folder\\real-time-stocks-mds\\data\\s3_downloads/TSLA_1772078264.json', 'D:\\ADF_folder\\real-time-stocks-mds\\data\\s3_downloads/TSLA_1772078297.json', 'D:\\ADF_folder\\real-time-stocks-mds\\data\\s3_downloads/TSLA_1772078329.json', 'D:\\ADF_folder\\real-time-stocks-mds\\data\\s3_downloads/TSLA_1772078362.json', 'D:\\ADF_folder\\real-time-stocks-mds\\data\\s3_downloads/TSLA_1772078395.json', 'D:\\ADF_folder\\real-time-stocks-mds\\data\\s3_downloads/TSLA_1772078429.json', 'D:\\ADF_folder\\real-time-stocks-mds\\data\\s3_downloads/TSLA_1772078462.json', 'D:\\ADF_folder\\real-time-stocks-mds\\data\\s3_downloads/TSLA_1772078496.json', 'D:\\ADF_folder\\real-time-stocks-mds\\data\\s3_downloads/TSLA_1772078529.json', 'D:\\ADF_folder\\real-time-stocks-mds\\data\\s3_downloads/TSLA_1772078562.json', 'D:\\ADF_folder\\real-time-stocks-mds\\data\\s3_downloads/TSLA_1772078595.json', 'D:\\ADF_folder\\real-time-stocks-mds\\data\\s3_downloads/TSLA_1772078628.json', 'D:\\ADF_folder\\real-time-stocks-mds\\data\\s3_downloads/TSLA_1772078661.json', 'D:\\ADF_folder\\real-time-stocks-mds\\data\\s3_downloads/TSLA_1772078694.json', 'D:\\ADF_folder\\real-time-stocks-mds\\data\\s3_downloads/TSLA_1772078727.json', 'D:\\ADF_folder\\real-time-stocks-mds\\data\\s3_downloads/TSLA_1772078760.json', 'D:\\ADF_folder\\real-time-stocks-mds\\data\\s3_downloads/TSLA_1772078793.json', 'D:\\ADF_folder\\real-time-stocks-mds\\data\\s3_downloads/TSLA_1772078826.json', 'D:\\ADF_folder\\real-time-stocks-mds\\data\\s3_downloads/TSLA_1772078859.json', 'D:\\ADF_folder\\real-time-stocks-mds\\data\\s3_downloads/TSLA_1772078891.json', 'D:\\ADF_folder\\real-time-stocks-mds\\data\\s3_downloads/TSLA_1772078924.json', 'D:\\ADF_folder\\real-time-stocks-mds\\data\\s3_downloads/TSLA_1772078957.json', 'D:\\ADF_folder\\real-time-stocks-mds\\data\\s3_downloads/TSLA_1772078990.json', 'D:\\ADF_folder\\real-time-stocks-mds\\data\\s3_downloads/TSLA_1772079024.json', 'D:\\ADF_folder\\real-time-stocks-mds\\data\\s3_downloads/TSLA_1772079057.json', 'D:\\ADF_folder\\real-time-stocks-mds\\data\\s3_downloads/TSLA_1772079090.json', 'D:\\ADF_folder\\real-time-stocks-mds\\data\\s3_downloads/TSLA_1772079123.json', 'D:\\ADF_folder\\real-time-stocks-mds\\data\\s3_downloads/TSLA_1772079156.json', 'D:\\ADF_folder\\real-time-stocks-mds\\data\\s3_downloads/TSLA_1772079189.json', 'D:\\ADF_folder\\real-time-stocks-mds\\data\\s3_downloads/TSLA_1772079223.json', 'D:\\ADF_folder\\real-time-stocks-mds\\data\\s3_downloads/TSLA_1772079255.json', 'D:\\ADF_folder\\real-time-stocks-mds\\data\\s3_downloads/TSLA_1772079288.json']
[2026-03-01T06:14:42.419+0000] {taskinstance.py:1138} INFO - Marking task as SUCCESS. dag_id=s3_to_snowflake, task_id=download_s3, execution_date=20260301T055900, start_date=20260301T060002, end_date=20260301T061442
[2026-03-01T06:14:42.468+0000] {local_task_job_runner.py:234} INFO - Task exited with return code 0
[2026-03-01T06:14:42.520+0000] {taskinstance.py:3280} INFO - 1 downstream tasks scheduled from follow-on schedule check
